2025/06/30 16:28:787244 DEBUG EventLoop createdtruein thread271620 - EventLoop.cc:53
2025/06/30 16:28:787265 INFO  func =>fd5events=3index=-1 - EPollPoller.cc:91
2025/06/30 16:28:787371 INFO  LLaMA 服务连接成功：127.0.0.1:8899 - main_http.cc:79
2025/06/30 16:28:787379 INFO  尝试连接数据库: localhost:3306/kama_llm - main_http.cc:333
2025/06/30 16:28:787383 INFO  使用用户: root - main_http.cc:334
2025/06/30 16:28:787422 INFO  尝试连接MySQL - Host: localhost, Port: 3306, DB: kama_llm, User: root - DatabaseManager.cpp:86
2025/06/30 16:28:789019 INFO  MySQL连接成功: localhost:3306/kama_llm - DatabaseManager.cpp:120
2025/06/30 16:28:793755 INFO  数据库表初始化完成 - DatabaseManager.cpp:230
2025/06/30 16:28:793763 INFO  MySQL数据库初始化成功 - DatabaseManager.cpp:52
2025/06/30 16:28:793767 INFO  数据库初始化成功，连接到 localhost:3306 - main_http.cc:340
2025/06/30 16:28:793778 INFO  Added route: POST /api/chat - HttpServer.cc:55
2025/06/30 16:28:793785 INFO  Added route: GET /api/status - HttpServer.cc:55
2025/06/30 16:28:793791 INFO  Added route: GET /api/history - HttpServer.cc:55
2025/06/30 16:28:793798 INFO  Added route: POST /api/login - HttpServer.cc:55
2025/06/30 16:28:793804 INFO  Added route: POST /api/register - HttpServer.cc:55
2025/06/30 16:28:793811 INFO  Added route: GET /api/sessions - HttpServer.cc:55
2025/06/30 16:28:793815 INFO  静态文件服务已启用，根目录: /home/shl203/kama-webserver/static - main_http.cc:388
2025/06/30 16:28:793819 INFO  HTTP Server [LlamaHttpServer] started on 0.0.0.0:8081 - HttpServer.cc:36
2025/06/30 16:28:794059 DEBUG EventLoop createdtruein thread271623 - EventLoop.cc:53
2025/06/30 16:28:794078 INFO  func =>fd9events=3index=-1 - EPollPoller.cc:91
2025/06/30 16:28:794100 INFO  EventLoop start looping - EventLoop.cc:82
2025/06/30 16:28:794103 INFO  fd total count:1 - EPollPoller.cc:34
2025/06/30 16:28:794376 DEBUG EventLoop createdtruein thread271624 - EventLoop.cc:53
2025/06/30 16:28:794422 INFO  func =>fd11events=3index=-1 - EPollPoller.cc:91
2025/06/30 16:28:794467 INFO  EventLoop start looping - EventLoop.cc:82
2025/06/30 16:28:794480 INFO  fd total count:1 - EPollPoller.cc:34
2025/06/30 16:28:794618 DEBUG EventLoop createdtruein thread271625 - EventLoop.cc:53
2025/06/30 16:28:794634 INFO  func =>fd13events=3index=-1 - EPollPoller.cc:91
2025/06/30 16:28:794652 INFO  EventLoop start looping - EventLoop.cc:82
2025/06/30 16:28:794656 INFO  fd total count:1 - EPollPoller.cc:34
2025/06/30 16:28:794792 DEBUG EventLoop createdtruein thread271626 - EventLoop.cc:53
2025/06/30 16:28:794810 INFO  func =>fd15events=3index=-1 - EPollPoller.cc:91
2025/06/30 16:28:794828 INFO  EventLoop start looping - EventLoop.cc:82
2025/06/30 16:28:794831 INFO  fd total count:1 - EPollPoller.cc:34
2025/06/30 16:28:794843 INFO  func =>fd6events=3index=-1 - EPollPoller.cc:91
2025/06/30 16:28:794890 INFO  EventLoop start looping - EventLoop.cc:82
2025/06/30 16:28:794894 INFO  fd total count:2 - EPollPoller.cc:34
2025/06/30 16:28:567662 INFO  events happend1 - EPollPoller.cc:51
2025/06/30 16:28:567720 INFO  channel handleEvent revents:1 - Channel.cc:96
2025/06/30 16:28:567772 INFO  使用一致性哈希选择线程，索引=3 - EventLoopThreadPool.cc:114
2025/06/30 16:28:567821 INFO  TcpServer::newConnection [LlamaHttpServer]- new connection [LlamaHttpServer-0.0.0.0:8081#1]from %s127.0.0.1:47982 - TcpServer.cc:96
2025/06/30 16:28:567864 INFO  TcpConnection::ctor:[LlamaHttpServer-0.0.0.0:8081#1]at fd=16 - TcpConnection.cc:52
2025/06/30 16:28:567972 INFO  fd total count:2 - EPollPoller.cc:34
2025/06/30 16:28:568027 INFO  events happend1 - EPollPoller.cc:51
2025/06/30 16:28:568088 INFO  channel handleEvent revents:1 - Channel.cc:96
2025/06/30 16:28:568118 INFO  func =>fd16events=3index=-1 - EPollPoller.cc:91
2025/06/30 16:28:568175 INFO  New HTTP connection from: 127.0.0.1:47982 - HttpServer.cc:65
2025/06/30 16:28:568197 INFO  fd total count:2 - EPollPoller.cc:34
2025/06/30 16:28:205269 INFO  events happend1 - EPollPoller.cc:51
2025/06/30 16:28:205296 INFO  channel handleEvent revents:1 - Channel.cc:96
2025/06/30 16:28:205541 INFO  fd total count:2 - EPollPoller.cc:34
2025/06/30 16:28:254772 INFO  events happend1 - EPollPoller.cc:51
2025/06/30 16:28:254788 INFO  channel handleEvent revents:1 - Channel.cc:96
2025/06/30 16:28:256089 INFO  fd total count:2 - EPollPoller.cc:34
2025/06/30 16:28:294121 INFO  events happend1 - EPollPoller.cc:51
2025/06/30 16:28:294131 INFO  channel handleEvent revents:1 - Channel.cc:96
2025/06/30 16:28:295054 INFO  fd total count:2 - EPollPoller.cc:34
2025/06/30 16:28:804162 DEBUG timeout! - EPollPoller.cc:62
2025/06/30 16:28:804222 INFO  fd total count:1 - EPollPoller.cc:34
2025/06/30 16:28:804553 DEBUG timeout! - EPollPoller.cc:62
2025/06/30 16:28:804612 INFO  fd total count:1 - EPollPoller.cc:34
2025/06/30 16:28:804691 DEBUG timeout! - EPollPoller.cc:62
2025/06/30 16:28:804713 INFO  fd total count:1 - EPollPoller.cc:34
2025/06/30 16:28:791513 INFO  events happend1 - EPollPoller.cc:51
2025/06/30 16:28:791571 INFO  channel handleEvent revents:1 - Channel.cc:96
2025/06/30 16:28:791916 INFO  fd total count:2 - EPollPoller.cc:34
2025/06/30 16:28:136636 INFO  events happend1 - EPollPoller.cc:51
2025/06/30 16:28:136670 INFO  channel handleEvent revents:1 - Channel.cc:96
2025/06/30 16:28:136702 INFO  使用一致性哈希选择线程，索引=3 - EventLoopThreadPool.cc:114
2025/06/30 16:28:136712 INFO  TcpServer::newConnection [LlamaHttpServer]- new connection [LlamaHttpServer-0.0.0.0:8081#2]from %s127.0.0.1:47984 - TcpServer.cc:96
2025/06/30 16:28:136729 INFO  TcpConnection::ctor:[LlamaHttpServer-0.0.0.0:8081#2]at fd=17 - TcpConnection.cc:52
2025/06/30 16:28:136773 INFO  fd total count:2 - EPollPoller.cc:34
2025/06/30 16:28:136809 INFO  events happend1 - EPollPoller.cc:51
2025/06/30 16:28:136837 INFO  channel handleEvent revents:1 - Channel.cc:96
2025/06/30 16:28:136861 INFO  func =>fd17events=3index=-1 - EPollPoller.cc:91
2025/06/30 16:28:136902 INFO  New HTTP connection from: 127.0.0.1:47984 - HttpServer.cc:65
2025/06/30 16:28:136923 INFO  fd total count:3 - EPollPoller.cc:34
2025/06/30 16:28:253839 INFO  events happend1 - EPollPoller.cc:51
2025/06/30 16:28:253903 INFO  channel handleEvent revents:1 - Channel.cc:96
2025/06/30 16:28:255615 INFO  fd total count:3 - EPollPoller.cc:34
2025/06/30 16:28:262385 INFO  events happend1 - EPollPoller.cc:51
2025/06/30 16:28:262399 INFO  channel handleEvent revents:1 - Channel.cc:96
2025/06/30 16:28:263612 INFO  fd total count:3 - EPollPoller.cc:34
2025/06/30 16:28:814303 DEBUG timeout! - EPollPoller.cc:62
2025/06/30 16:28:814363 INFO  fd total count:1 - EPollPoller.cc:34
2025/06/30 16:28:814711 DEBUG timeout! - EPollPoller.cc:62
2025/06/30 16:28:814747 INFO  fd total count:1 - EPollPoller.cc:34
2025/06/30 16:28:814782 DEBUG timeout! - EPollPoller.cc:62
2025/06/30 16:28:814832 INFO  fd total count:1 - EPollPoller.cc:34
2025/06/30 16:28:146871 DEBUG timeout! - EPollPoller.cc:62
2025/06/30 16:28:146937 INFO  fd total count:2 - EPollPoller.cc:34
2025/06/30 16:28:273673 DEBUG timeout! - EPollPoller.cc:62
2025/06/30 16:28:273706 INFO  fd total count:3 - EPollPoller.cc:34
2025/06/30 16:28:095808 INFO  events happend1 - EPollPoller.cc:51
2025/06/30 16:28:095835 INFO  channel handleEvent revents:1 - Channel.cc:96
2025/06/30 16:28:096618 INFO  fd total count:3 - EPollPoller.cc:34
2025/06/30 16:28:102713 INFO  events happend1 - EPollPoller.cc:51
2025/06/30 16:28:102725 INFO  channel handleEvent revents:1 - Channel.cc:96
2025/06/30 16:28:103199 INFO  fd total count:3 - EPollPoller.cc:34
2025/06/30 16:28:824424 DEBUG timeout! - EPollPoller.cc:62
2025/06/30 16:28:824489 INFO  fd total count:1 - EPollPoller.cc:34
2025/06/30 16:28:824799 DEBUG timeout! - EPollPoller.cc:62
2025/06/30 16:28:824830 INFO  fd total count:1 - EPollPoller.cc:34
2025/06/30 16:28:824870 DEBUG timeout! - EPollPoller.cc:62
2025/06/30 16:28:824890 INFO  fd total count:1 - EPollPoller.cc:34
2025/06/30 16:28:156994 DEBUG timeout! - EPollPoller.cc:62
2025/06/30 16:28:157050 INFO  fd total count:2 - EPollPoller.cc:34
2025/06/30 16:28:099767 INFO  events happend1 - EPollPoller.cc:51
2025/06/30 16:28:099867 INFO  channel handleEvent revents:1 - Channel.cc:96
2025/06/30 16:28:101646 INFO  fd total count:3 - EPollPoller.cc:34
2025/06/30 16:28:108139 INFO  events happend1 - EPollPoller.cc:51
2025/06/30 16:28:108162 INFO  channel handleEvent revents:1 - Channel.cc:96
2025/06/30 16:28:109376 INFO  fd total count:3 - EPollPoller.cc:34
2025/06/30 16:28:833328 DEBUG timeout! - EPollPoller.cc:62
2025/06/30 16:28:833362 INFO  fd total count:1 - EPollPoller.cc:34
2025/06/30 16:28:834610 DEBUG timeout! - EPollPoller.cc:62
2025/06/30 16:28:834664 INFO  fd total count:1 - EPollPoller.cc:34
2025/06/30 16:28:834948 DEBUG timeout! - EPollPoller.cc:62
2025/06/30 16:28:834997 INFO  fd total count:1 - EPollPoller.cc:34
2025/06/30 16:28:163797 DEBUG timeout! - EPollPoller.cc:62
2025/06/30 16:28:163828 INFO  fd total count:2 - EPollPoller.cc:34
2025/06/30 16:29:864697 INFO  events happend1 - EPollPoller.cc:51
2025/06/30 16:29:864756 INFO  channel handleEvent revents:1 - Channel.cc:96
2025/06/30 16:29:865839 INFO  fd total count:3 - EPollPoller.cc:34
2025/06/30 16:29:257188 INFO  events happend1 - EPollPoller.cc:51
2025/06/30 16:29:257225 INFO  channel handleEvent revents:1 - Channel.cc:96
2025/06/30 16:29:258526 INFO  fd total count:3 - EPollPoller.cc:34
2025/06/30 16:29:275673 INFO  events happend1 - EPollPoller.cc:51
2025/06/30 16:29:275683 INFO  channel handleEvent revents:1 - Channel.cc:96
2025/06/30 16:29:276517 INFO  fd total count:3 - EPollPoller.cc:34
2025/06/30 16:29:999503 INFO  events happend1 - EPollPoller.cc:51
2025/06/30 16:29:999534 INFO  channel handleEvent revents:1 - Channel.cc:96
2025/06/30 16:29:999652 INFO  fd total count:3 - EPollPoller.cc:34
2025/06/30 16:29:843402 DEBUG timeout! - EPollPoller.cc:62
2025/06/30 16:29:843436 INFO  fd total count:1 - EPollPoller.cc:34
2025/06/30 16:29:844815 DEBUG timeout! - EPollPoller.cc:62
2025/06/30 16:29:844873 INFO  fd total count:1 - EPollPoller.cc:34
2025/06/30 16:29:845124 DEBUG timeout! - EPollPoller.cc:62
2025/06/30 16:29:845173 INFO  fd total count:1 - EPollPoller.cc:34
2025/06/30 16:29:173902 DEBUG timeout! - EPollPoller.cc:62
2025/06/30 16:29:173970 INFO  fd total count:2 - EPollPoller.cc:34
2025/06/30 16:29:009782 DEBUG timeout! - EPollPoller.cc:62
2025/06/30 16:29:009842 INFO  fd total count:3 - EPollPoller.cc:34
2025/06/30 16:29:092487 INFO  events happend1 - EPollPoller.cc:51
2025/06/30 16:29:092511 INFO  channel handleEvent revents:1 - Channel.cc:96
2025/06/30 16:29:093575 INFO  fd total count:3 - EPollPoller.cc:34
2025/06/30 16:29:100667 INFO  events happend1 - EPollPoller.cc:51
2025/06/30 16:29:100689 INFO  channel handleEvent revents:1 - Channel.cc:96
2025/06/30 16:29:101484 INFO  fd total count:3 - EPollPoller.cc:34
2025/06/30 16:29:853489 DEBUG timeout! - EPollPoller.cc:62
2025/06/30 16:29:853549 INFO  fd total count:1 - EPollPoller.cc:34
2025/06/30 16:29:854950 DEBUG timeout! - EPollPoller.cc:62
2025/06/30 16:29:854983 INFO  fd total count:1 - EPollPoller.cc:34
2025/06/30 16:29:855228 DEBUG timeout! - EPollPoller.cc:62
2025/06/30 16:29:855247 INFO  fd total count:1 - EPollPoller.cc:34
2025/06/30 16:29:178910 DEBUG timeout! - EPollPoller.cc:62
2025/06/30 16:29:178943 INFO  fd total count:2 - EPollPoller.cc:34
2025/06/30 16:29:111621 DEBUG timeout! - EPollPoller.cc:62
2025/06/30 16:29:111682 INFO  fd total count:3 - EPollPoller.cc:34
2025/06/30 16:29:113234 INFO  events happend1 - EPollPoller.cc:51
2025/06/30 16:29:113258 INFO  channel handleEvent revents:1 - Channel.cc:96
2025/06/30 16:29:114949 INFO  fd total count:3 - EPollPoller.cc:34
2025/06/30 16:29:124731 INFO  events happend1 - EPollPoller.cc:51
2025/06/30 16:29:124767 INFO  channel handleEvent revents:1 - Channel.cc:96
2025/06/30 16:29:126110 INFO  fd total count:3 - EPollPoller.cc:34
2025/06/30 16:29:863591 DEBUG timeout! - EPollPoller.cc:62
2025/06/30 16:29:863627 INFO  fd total count:1 - EPollPoller.cc:34
2025/06/30 16:29:863902 DEBUG timeout! - EPollPoller.cc:62
2025/06/30 16:29:863908 INFO  fd total count:1 - EPollPoller.cc:34
2025/06/30 16:29:865061 DEBUG timeout! - EPollPoller.cc:62
2025/06/30 16:29:865088 INFO  fd total count:1 - EPollPoller.cc:34
2025/06/30 16:29:189009 DEBUG timeout! - EPollPoller.cc:62
2025/06/30 16:29:189067 INFO  fd total count:2 - EPollPoller.cc:34
2025/06/30 16:29:099659 INFO  events happend1 - EPollPoller.cc:51
2025/06/30 16:29:099689 INFO  channel handleEvent revents:1 - Channel.cc:96
2025/06/30 16:29:100456 INFO  fd total count:3 - EPollPoller.cc:34
2025/06/30 16:29:106493 INFO  events happend1 - EPollPoller.cc:51
2025/06/30 16:29:106504 INFO  channel handleEvent revents:1 - Channel.cc:96
2025/06/30 16:29:106979 INFO  fd total count:3 - EPollPoller.cc:34
2025/06/30 16:29:873676 DEBUG timeout! - EPollPoller.cc:62
2025/06/30 16:29:873681 DEBUG timeout! - EPollPoller.cc:62
2025/06/30 16:29:873715 INFO  fd total count:1 - EPollPoller.cc:34
2025/06/30 16:29:873742 INFO  fd total count:1 - EPollPoller.cc:34
2025/06/30 16:29:875199 DEBUG timeout! - EPollPoller.cc:62
2025/06/30 16:29:875248 INFO  fd total count:1 - EPollPoller.cc:34
2025/06/30 16:29:199149 DEBUG timeout! - EPollPoller.cc:62
2025/06/30 16:29:199192 INFO  fd total count:2 - EPollPoller.cc:34
2025/06/30 16:29:108716 INFO  events happend1 - EPollPoller.cc:51
2025/06/30 16:29:108773 INFO  channel handleEvent revents:1 - Channel.cc:96
2025/06/30 16:29:110398 INFO  fd total count:3 - EPollPoller.cc:34
2025/06/30 16:29:122727 INFO  events happend1 - EPollPoller.cc:51
2025/06/30 16:29:122748 INFO  channel handleEvent revents:1 - Channel.cc:96
2025/06/30 16:29:123904 INFO  fd total count:3 - EPollPoller.cc:34
2025/06/30 16:29:883771 DEBUG timeout! - EPollPoller.cc:62
2025/06/30 16:29:883813 INFO  fd total count:1 - EPollPoller.cc:34
2025/06/30 16:29:883811 DEBUG timeout! - EPollPoller.cc:62
2025/06/30 16:29:883883 INFO  fd total count:1 - EPollPoller.cc:34
2025/06/30 16:29:885305 DEBUG timeout! - EPollPoller.cc:62
2025/06/30 16:29:885325 INFO  fd total count:1 - EPollPoller.cc:34
2025/06/30 16:29:209228 DEBUG timeout! - EPollPoller.cc:62
2025/06/30 16:29:209264 INFO  fd total count:2 - EPollPoller.cc:34
2025/06/30 16:29:098110 INFO  events happend1 - EPollPoller.cc:51
2025/06/30 16:29:098141 INFO  channel handleEvent revents:1 - Channel.cc:96
2025/06/30 16:29:099411 INFO  fd total count:3 - EPollPoller.cc:34
2025/06/30 16:29:112154 INFO  events happend1 - EPollPoller.cc:51
2025/06/30 16:29:112163 INFO  channel handleEvent revents:1 - Channel.cc:96
2025/06/30 16:29:113049 INFO  fd total count:3 - EPollPoller.cc:34
2025/06/30 16:29:893903 DEBUG timeout! - EPollPoller.cc:62
2025/06/30 16:29:893937 INFO  fd total count:1 - EPollPoller.cc:34
2025/06/30 16:29:893961 DEBUG timeout! - EPollPoller.cc:62
2025/06/30 16:29:893989 INFO  fd total count:1 - EPollPoller.cc:34
2025/06/30 16:29:895421 DEBUG timeout! - EPollPoller.cc:62
2025/06/30 16:29:895471 INFO  fd total count:1 - EPollPoller.cc:34
2025/06/30 16:29:219344 DEBUG timeout! - EPollPoller.cc:62
2025/06/30 16:29:219408 INFO  fd total count:2 - EPollPoller.cc:34
2025/06/30 16:30:090293 INFO  events happend1 - EPollPoller.cc:51
2025/06/30 16:30:090323 INFO  channel handleEvent revents:1 - Channel.cc:96
2025/06/30 16:30:091081 INFO  fd total count:3 - EPollPoller.cc:34
2025/06/30 16:30:100251 INFO  events happend1 - EPollPoller.cc:51
2025/06/30 16:30:100260 INFO  channel handleEvent revents:1 - Channel.cc:96
2025/06/30 16:30:100768 INFO  fd total count:3 - EPollPoller.cc:34
2025/06/30 16:30:903987 DEBUG timeout! - EPollPoller.cc:62
2025/06/30 16:30:904025 INFO  fd total count:1 - EPollPoller.cc:34
2025/06/30 16:30:904101 DEBUG timeout! - EPollPoller.cc:62
2025/06/30 16:30:904127 INFO  fd total count:1 - EPollPoller.cc:34
2025/06/30 16:30:905620 DEBUG timeout! - EPollPoller.cc:62
2025/06/30 16:30:905670 INFO  fd total count:1 - EPollPoller.cc:34
2025/06/30 16:30:229451 DEBUG timeout! - EPollPoller.cc:62
2025/06/30 16:30:229482 INFO  fd total count:2 - EPollPoller.cc:34
2025/06/30 16:30:253191 INFO  events happend1 - EPollPoller.cc:51
2025/06/30 16:30:253226 INFO  channel handleEvent revents:1 - Channel.cc:96
2025/06/30 16:30:254047 INFO  fd total count:3 - EPollPoller.cc:34
2025/06/30 16:30:260382 INFO  events happend1 - EPollPoller.cc:51
2025/06/30 16:30:260392 INFO  channel handleEvent revents:1 - Channel.cc:96
2025/06/30 16:30:260850 INFO  fd total count:3 - EPollPoller.cc:34
2025/06/30 16:30:914062 DEBUG timeout! - EPollPoller.cc:62
2025/06/30 16:30:914095 INFO  fd total count:1 - EPollPoller.cc:34
2025/06/30 16:30:914196 DEBUG timeout! - EPollPoller.cc:62
2025/06/30 16:30:914225 INFO  fd total count:1 - EPollPoller.cc:34
2025/06/30 16:30:915750 DEBUG timeout! - EPollPoller.cc:62
2025/06/30 16:30:915770 INFO  fd total count:1 - EPollPoller.cc:34
2025/06/30 16:30:239522 DEBUG timeout! - EPollPoller.cc:62
2025/06/30 16:30:239552 INFO  fd total count:2 - EPollPoller.cc:34
2025/06/30 16:30:270909 DEBUG timeout! - EPollPoller.cc:62
2025/06/30 16:30:270970 INFO  fd total count:3 - EPollPoller.cc:34
2025/06/30 16:30:099462 INFO  events happend1 - EPollPoller.cc:51
2025/06/30 16:30:099515 INFO  channel handleEvent revents:1 - Channel.cc:96
2025/06/30 16:30:100666 INFO  fd total count:3 - EPollPoller.cc:34
2025/06/30 16:30:112881 INFO  events happend1 - EPollPoller.cc:51
2025/06/30 16:30:112908 INFO  channel handleEvent revents:1 - Channel.cc:96
2025/06/30 16:30:113758 INFO  fd total count:3 - EPollPoller.cc:34
2025/06/30 16:30:924128 DEBUG timeout! - EPollPoller.cc:62
2025/06/30 16:30:924159 INFO  fd total count:1 - EPollPoller.cc:34
2025/06/30 16:30:924350 DEBUG timeout! - EPollPoller.cc:62
2025/06/30 16:30:924407 INFO  fd total count:1 - EPollPoller.cc:34
2025/06/30 16:30:925839 DEBUG timeout! - EPollPoller.cc:62
2025/06/30 16:30:925889 INFO  fd total count:1 - EPollPoller.cc:34
2025/06/30 16:30:249627 DEBUG timeout! - EPollPoller.cc:62
2025/06/30 16:30:249685 INFO  fd total count:2 - EPollPoller.cc:34
2025/06/30 16:30:105646 INFO  events happend1 - EPollPoller.cc:51
2025/06/30 16:30:105676 INFO  channel handleEvent revents:1 - Channel.cc:96
2025/06/30 16:30:106443 INFO  fd total count:3 - EPollPoller.cc:34
2025/06/30 16:30:114767 INFO  events happend1 - EPollPoller.cc:51
2025/06/30 16:30:114772 INFO  channel handleEvent revents:1 - Channel.cc:96
2025/06/30 16:30:115264 INFO  fd total count:3 - EPollPoller.cc:34
2025/06/30 16:30:934230 DEBUG timeout! - EPollPoller.cc:62
2025/06/30 16:30:934292 INFO  fd total count:1 - EPollPoller.cc:34
2025/06/30 16:30:934533 DEBUG timeout! - EPollPoller.cc:62
2025/06/30 16:30:934595 INFO  fd total count:1 - EPollPoller.cc:34
2025/06/30 16:30:935943 DEBUG timeout! - EPollPoller.cc:62
2025/06/30 16:30:935964 INFO  fd total count:1 - EPollPoller.cc:34
2025/06/30 16:30:259740 DEBUG timeout! - EPollPoller.cc:62
2025/06/30 16:30:259775 INFO  fd total count:2 - EPollPoller.cc:34
2025/06/30 16:30:095276 INFO  events happend1 - EPollPoller.cc:51
2025/06/30 16:30:095332 INFO  channel handleEvent revents:1 - Channel.cc:96
2025/06/30 16:30:096503 INFO  fd total count:3 - EPollPoller.cc:34
2025/06/30 16:30:102255 INFO  events happend1 - EPollPoller.cc:51
2025/06/30 16:30:102269 INFO  channel handleEvent revents:1 - Channel.cc:96
2025/06/30 16:30:102981 INFO  fd total count:3 - EPollPoller.cc:34
2025/06/30 16:30:944371 DEBUG timeout! - EPollPoller.cc:62
2025/06/30 16:30:944430 INFO  fd total count:1 - EPollPoller.cc:34
2025/06/30 16:30:944726 DEBUG timeout! - EPollPoller.cc:62
2025/06/30 16:30:944781 INFO  fd total count:1 - EPollPoller.cc:34
2025/06/30 16:30:946022 DEBUG timeout! - EPollPoller.cc:62
2025/06/30 16:30:946043 INFO  fd total count:1 - EPollPoller.cc:34
2025/06/30 16:30:269866 DEBUG timeout! - EPollPoller.cc:62
2025/06/30 16:30:269926 INFO  fd total count:2 - EPollPoller.cc:34
2025/06/30 16:30:088395 INFO  events happend1 - EPollPoller.cc:51
2025/06/30 16:30:088451 INFO  channel handleEvent revents:1 - Channel.cc:96
2025/06/30 16:30:089597 INFO  fd total count:3 - EPollPoller.cc:34
2025/06/30 16:30:096128 INFO  events happend1 - EPollPoller.cc:51
2025/06/30 16:30:096144 INFO  channel handleEvent revents:1 - Channel.cc:96
2025/06/30 16:30:096900 INFO  fd total count:3 - EPollPoller.cc:34
2025/06/30 16:30:954479 DEBUG timeout! - EPollPoller.cc:62
2025/06/30 16:30:954512 INFO  fd total count:1 - EPollPoller.cc:34
2025/06/30 16:30:954835 DEBUG timeout! - EPollPoller.cc:62
2025/06/30 16:30:954862 INFO  fd total count:1 - EPollPoller.cc:34
2025/06/30 16:30:956095 DEBUG timeout! - EPollPoller.cc:62
2025/06/30 16:30:956116 INFO  fd total count:1 - EPollPoller.cc:34
2025/06/30 16:30:279976 DEBUG timeout! - EPollPoller.cc:62
2025/06/30 16:30:280014 INFO  fd total count:2 - EPollPoller.cc:34
2025/06/30 16:31:104854 INFO  events happend1 - EPollPoller.cc:51
2025/06/30 16:31:104881 INFO  channel handleEvent revents:1 - Channel.cc:96
2025/06/30 16:31:105706 INFO  fd total count:3 - EPollPoller.cc:34
2025/06/30 16:31:112123 INFO  events happend1 - EPollPoller.cc:51
2025/06/30 16:31:112133 INFO  channel handleEvent revents:1 - Channel.cc:96
2025/06/30 16:31:112683 INFO  fd total count:3 - EPollPoller.cc:34
2025/06/30 16:31:964563 DEBUG timeout! - EPollPoller.cc:62
2025/06/30 16:31:964595 INFO  fd total count:1 - EPollPoller.cc:34
2025/06/30 16:31:964914 DEBUG timeout! - EPollPoller.cc:62
2025/06/30 16:31:964967 INFO  fd total count:1 - EPollPoller.cc:34
2025/06/30 16:31:966241 DEBUG timeout! - EPollPoller.cc:62
2025/06/30 16:31:966290 INFO  fd total count:1 - EPollPoller.cc:34
2025/06/30 16:31:290080 DEBUG timeout! - EPollPoller.cc:62
2025/06/30 16:31:290141 INFO  fd total count:2 - EPollPoller.cc:34
2025/06/30 16:31:103014 INFO  events happend1 - EPollPoller.cc:51
2025/06/30 16:31:103075 INFO  channel handleEvent revents:1 - Channel.cc:96
2025/06/30 16:31:104307 INFO  fd total count:3 - EPollPoller.cc:34
2025/06/30 16:31:110016 INFO  events happend1 - EPollPoller.cc:51
2025/06/30 16:31:110034 INFO  channel handleEvent revents:1 - Channel.cc:96
2025/06/30 16:31:110850 INFO  fd total count:3 - EPollPoller.cc:34
2025/06/30 16:31:974654 DEBUG timeout! - EPollPoller.cc:62
2025/06/30 16:31:974711 INFO  fd total count:1 - EPollPoller.cc:34
2025/06/30 16:31:975026 DEBUG timeout! - EPollPoller.cc:62
2025/06/30 16:31:975086 INFO  fd total count:1 - EPollPoller.cc:34
2025/06/30 16:31:976375 DEBUG timeout! - EPollPoller.cc:62
2025/06/30 16:31:976394 INFO  fd total count:1 - EPollPoller.cc:34
2025/06/30 16:31:300206 DEBUG timeout! - EPollPoller.cc:62
2025/06/30 16:31:300266 INFO  fd total count:2 - EPollPoller.cc:34
2025/06/30 16:31:103410 INFO  events happend1 - EPollPoller.cc:51
2025/06/30 16:31:103439 INFO  channel handleEvent revents:1 - Channel.cc:96
2025/06/30 16:31:104711 INFO  fd total count:3 - EPollPoller.cc:34
2025/06/30 16:31:111976 INFO  events happend1 - EPollPoller.cc:51
2025/06/30 16:31:111982 INFO  channel handleEvent revents:1 - Channel.cc:96
2025/06/30 16:31:112844 INFO  fd total count:3 - EPollPoller.cc:34
2025/06/30 16:31:984754 DEBUG timeout! - EPollPoller.cc:62
2025/06/30 16:31:984787 INFO  fd total count:1 - EPollPoller.cc:34
2025/06/30 16:31:985124 DEBUG timeout! - EPollPoller.cc:62
2025/06/30 16:31:985149 INFO  fd total count:1 - EPollPoller.cc:34
2025/06/30 16:31:986527 DEBUG timeout! - EPollPoller.cc:62
2025/06/30 16:31:986575 INFO  fd total count:1 - EPollPoller.cc:34
2025/06/30 16:31:310361 DEBUG timeout! - EPollPoller.cc:62
2025/06/30 16:31:310425 INFO  fd total count:2 - EPollPoller.cc:34
2025/06/30 16:31:093685 INFO  events happend1 - EPollPoller.cc:51
2025/06/30 16:31:093714 INFO  channel handleEvent revents:1 - Channel.cc:96
2025/06/30 16:31:095023 INFO  fd total count:3 - EPollPoller.cc:34
2025/06/30 16:31:109040 INFO  events happend1 - EPollPoller.cc:51
2025/06/30 16:31:109054 INFO  channel handleEvent revents:1 - Channel.cc:96
2025/06/30 16:31:109581 INFO  fd total count:3 - EPollPoller.cc:34
2025/06/30 16:31:994826 DEBUG timeout! - EPollPoller.cc:62
2025/06/30 16:31:994860 INFO  fd total count:1 - EPollPoller.cc:34
2025/06/30 16:31:995183 DEBUG timeout! - EPollPoller.cc:62
2025/06/30 16:31:995214 INFO  fd total count:1 - EPollPoller.cc:34
2025/06/30 16:31:996634 DEBUG timeout! - EPollPoller.cc:62
2025/06/30 16:31:996656 INFO  fd total count:1 - EPollPoller.cc:34
2025/06/30 16:31:320468 DEBUG timeout! - EPollPoller.cc:62
2025/06/30 16:31:320501 INFO  fd total count:2 - EPollPoller.cc:34
2025/06/30 16:31:119715 DEBUG timeout! - EPollPoller.cc:62
2025/06/30 16:31:119774 INFO  fd total count:3 - EPollPoller.cc:34
2025/06/30 16:31:004898 DEBUG timeout! - EPollPoller.cc:62
2025/06/30 16:31:004932 INFO  fd total count:1 - EPollPoller.cc:34
2025/06/30 16:31:005266 DEBUG timeout! - EPollPoller.cc:62
2025/06/30 16:31:005293 INFO  fd total count:1 - EPollPoller.cc:34
2025/06/30 16:31:006783 DEBUG timeout! - EPollPoller.cc:62
2025/06/30 16:31:006834 INFO  fd total count:1 - EPollPoller.cc:34
2025/06/30 16:31:330534 DEBUG timeout! - EPollPoller.cc:62
2025/06/30 16:31:330567 INFO  fd total count:2 - EPollPoller.cc:34
2025/06/30 16:31:476706 INFO  events happend1 - EPollPoller.cc:51
2025/06/30 16:31:476740 INFO  channel handleEvent revents:1 - Channel.cc:96
2025/06/30 16:31:476917 INFO  fd total count:3 - EPollPoller.cc:34
2025/06/30 16:31:529346 INFO  events happend1 - EPollPoller.cc:51
2025/06/30 16:31:529379 INFO  channel handleEvent revents:1 - Channel.cc:96
2025/06/30 16:31:531049 INFO  fd total count:3 - EPollPoller.cc:34
2025/06/30 16:31:565990 INFO  events happend1 - EPollPoller.cc:51
2025/06/30 16:31:566011 INFO  channel handleEvent revents:1 - Channel.cc:96
2025/06/30 16:31:567210 INFO  fd total count:3 - EPollPoller.cc:34
2025/06/30 16:31:814156 INFO  events happend1 - EPollPoller.cc:51
2025/06/30 16:31:814184 INFO  channel handleEvent revents:1 - Channel.cc:96
2025/06/30 16:31:814211 INFO  使用一致性哈希选择线程，索引=3 - EventLoopThreadPool.cc:114
2025/06/30 16:31:814219 INFO  TcpServer::newConnection [LlamaHttpServer]- new connection [LlamaHttpServer-0.0.0.0:8081#3]from %s127.0.0.1:47986 - TcpServer.cc:96
2025/06/30 16:31:814234 INFO  TcpConnection::ctor:[LlamaHttpServer-0.0.0.0:8081#3]at fd=18 - TcpConnection.cc:52
2025/06/30 16:31:814263 INFO  fd total count:2 - EPollPoller.cc:34
2025/06/30 16:31:814314 INFO  events happend1 - EPollPoller.cc:51
2025/06/30 16:31:814353 INFO  channel handleEvent revents:1 - Channel.cc:96
2025/06/30 16:31:814378 INFO  func =>fd18events=3index=-1 - EPollPoller.cc:91
2025/06/30 16:31:814421 INFO  New HTTP connection from: 127.0.0.1:47986 - HttpServer.cc:65
2025/06/30 16:31:814442 INFO  fd total count:4 - EPollPoller.cc:34
2025/06/30 16:31:976479 INFO  events happend1 - EPollPoller.cc:51
2025/06/30 16:31:976511 INFO  channel handleEvent revents:1 - Channel.cc:96
2025/06/30 16:31:977501 INFO  fd total count:4 - EPollPoller.cc:34
2025/06/30 16:31:986959 INFO  events happend1 - EPollPoller.cc:51
2025/06/30 16:31:986968 INFO  channel handleEvent revents:1 - Channel.cc:96
2025/06/30 16:31:987466 INFO  fd total count:4 - EPollPoller.cc:34
2025/06/30 16:31:014967 DEBUG timeout! - EPollPoller.cc:62
2025/06/30 16:31:015004 INFO  fd total count:1 - EPollPoller.cc:34
2025/06/30 16:31:015344 DEBUG timeout! - EPollPoller.cc:62
2025/06/30 16:31:015401 INFO  fd total count:1 - EPollPoller.cc:34
2025/06/30 16:31:016913 DEBUG timeout! - EPollPoller.cc:62
2025/06/30 16:31:016935 INFO  fd total count:1 - EPollPoller.cc:34
2025/06/30 16:32:824322 DEBUG timeout! - EPollPoller.cc:62
2025/06/30 16:32:824381 INFO  fd total count:2 - EPollPoller.cc:34
2025/06/30 16:32:102414 INFO  events happend1 - EPollPoller.cc:51
2025/06/30 16:32:102449 INFO  channel handleEvent revents:1 - Channel.cc:96
2025/06/30 16:32:103696 INFO  fd total count:4 - EPollPoller.cc:34
2025/06/30 16:32:115039 INFO  events happend1 - EPollPoller.cc:51
2025/06/30 16:32:115052 INFO  channel handleEvent revents:1 - Channel.cc:96
2025/06/30 16:32:115937 INFO  fd total count:4 - EPollPoller.cc:34
2025/06/30 16:32:025061 DEBUG timeout! - EPollPoller.cc:62
2025/06/30 16:32:025126 INFO  fd total count:1 - EPollPoller.cc:34
2025/06/30 16:32:025469 DEBUG timeout! - EPollPoller.cc:62
2025/06/30 16:32:025503 INFO  fd total count:1 - EPollPoller.cc:34
2025/06/30 16:32:026982 DEBUG timeout! - EPollPoller.cc:62
2025/06/30 16:32:027004 INFO  fd total count:1 - EPollPoller.cc:34
2025/06/30 16:32:834474 DEBUG timeout! - EPollPoller.cc:62
2025/06/30 16:32:834532 INFO  fd total count:2 - EPollPoller.cc:34
2025/06/30 16:32:106295 INFO  events happend1 - EPollPoller.cc:51
2025/06/30 16:32:106324 INFO  channel handleEvent revents:1 - Channel.cc:96
2025/06/30 16:32:107573 INFO  fd total count:4 - EPollPoller.cc:34
2025/06/30 16:32:114322 INFO  events happend1 - EPollPoller.cc:51
2025/06/30 16:32:114327 INFO  channel handleEvent revents:1 - Channel.cc:96
2025/06/30 16:32:115264 INFO  fd total count:4 - EPollPoller.cc:34
2025/06/30 16:32:035174 DEBUG timeout! - EPollPoller.cc:62
2025/06/30 16:32:035206 INFO  fd total count:1 - EPollPoller.cc:34
2025/06/30 16:32:035549 DEBUG timeout! - EPollPoller.cc:62
2025/06/30 16:32:035576 INFO  fd total count:1 - EPollPoller.cc:34
2025/06/30 16:32:037069 DEBUG timeout! - EPollPoller.cc:62
2025/06/30 16:32:037091 INFO  fd total count:1 - EPollPoller.cc:34
2025/06/30 16:32:844608 DEBUG timeout! - EPollPoller.cc:62
2025/06/30 16:32:844663 INFO  fd total count:2 - EPollPoller.cc:34
2025/06/30 16:32:104834 INFO  events happend1 - EPollPoller.cc:51
2025/06/30 16:32:104896 INFO  channel handleEvent revents:1 - Channel.cc:96
2025/06/30 16:32:106128 INFO  fd total count:4 - EPollPoller.cc:34
2025/06/30 16:32:112683 INFO  events happend1 - EPollPoller.cc:51
2025/06/30 16:32:112702 INFO  channel handleEvent revents:1 - Channel.cc:96
2025/06/30 16:32:113480 INFO  fd total count:4 - EPollPoller.cc:34
2025/06/30 16:32:045286 DEBUG timeout! - EPollPoller.cc:62
2025/06/30 16:32:045352 INFO  fd total count:1 - EPollPoller.cc:34
2025/06/30 16:32:045638 DEBUG timeout! - EPollPoller.cc:62
2025/06/30 16:32:045701 INFO  fd total count:1 - EPollPoller.cc:34
2025/06/30 16:32:047166 DEBUG timeout! - EPollPoller.cc:62
2025/06/30 16:32:047189 INFO  fd total count:1 - EPollPoller.cc:34
2025/06/30 16:32:854729 DEBUG timeout! - EPollPoller.cc:62
2025/06/30 16:32:854787 INFO  fd total count:2 - EPollPoller.cc:34
2025/06/30 16:32:111703 INFO  events happend1 - EPollPoller.cc:51
2025/06/30 16:32:111734 INFO  channel handleEvent revents:1 - Channel.cc:96
2025/06/30 16:32:113004 INFO  fd total count:4 - EPollPoller.cc:34
2025/06/30 16:32:128744 INFO  events happend1 - EPollPoller.cc:51
2025/06/30 16:32:128750 INFO  channel handleEvent revents:1 - Channel.cc:96
2025/06/30 16:32:129591 INFO  fd total count:4 - EPollPoller.cc:34
2025/06/30 16:32:055424 DEBUG timeout! - EPollPoller.cc:62
2025/06/30 16:32:055458 INFO  fd total count:1 - EPollPoller.cc:34
2025/06/30 16:32:055822 DEBUG timeout! - EPollPoller.cc:62
2025/06/30 16:32:055877 INFO  fd total count:1 - EPollPoller.cc:34
2025/06/30 16:32:057242 DEBUG timeout! - EPollPoller.cc:62
2025/06/30 16:32:057262 INFO  fd total count:1 - EPollPoller.cc:34
2025/06/30 16:32:864849 DEBUG timeout! - EPollPoller.cc:62
2025/06/30 16:32:864901 INFO  fd total count:2 - EPollPoller.cc:34
2025/06/30 16:32:103313 INFO  events happend1 - EPollPoller.cc:51
2025/06/30 16:32:103378 INFO  channel handleEvent revents:1 - Channel.cc:96
2025/06/30 16:32:104592 INFO  fd total count:4 - EPollPoller.cc:34
2025/06/30 16:32:110699 INFO  events happend1 - EPollPoller.cc:51
2025/06/30 16:32:110722 INFO  channel handleEvent revents:1 - Channel.cc:96
2025/06/30 16:32:111513 INFO  fd total count:4 - EPollPoller.cc:34
2025/06/30 16:32:065531 DEBUG timeout! - EPollPoller.cc:62
2025/06/30 16:32:065592 INFO  fd total count:1 - EPollPoller.cc:34
2025/06/30 16:32:065926 DEBUG timeout! - EPollPoller.cc:62
2025/06/30 16:32:065960 INFO  fd total count:1 - EPollPoller.cc:34
2025/06/30 16:32:067384 DEBUG timeout! - EPollPoller.cc:62
2025/06/30 16:32:067437 INFO  fd total count:1 - EPollPoller.cc:34
2025/06/30 16:32:874990 DEBUG timeout! - EPollPoller.cc:62
2025/06/30 16:32:875041 INFO  fd total count:2 - EPollPoller.cc:34
2025/06/30 16:32:092882 INFO  events happend1 - EPollPoller.cc:51
2025/06/30 16:32:092944 INFO  channel handleEvent revents:1 - Channel.cc:96
2025/06/30 16:32:094780 INFO  fd total count:4 - EPollPoller.cc:34
2025/06/30 16:32:102449 INFO  events happend1 - EPollPoller.cc:51
2025/06/30 16:32:102467 INFO  channel handleEvent revents:1 - Channel.cc:96
2025/06/30 16:32:103623 INFO  fd total count:4 - EPollPoller.cc:34
2025/06/30 16:32:075638 DEBUG timeout! - EPollPoller.cc:62
2025/06/30 16:32:075676 INFO  fd total count:1 - EPollPoller.cc:34
2025/06/30 16:32:076033 DEBUG timeout! - EPollPoller.cc:62
2025/06/30 16:32:076087 INFO  fd total count:1 - EPollPoller.cc:34
2025/06/30 16:32:077593 DEBUG timeout! - EPollPoller.cc:62
2025/06/30 16:32:077644 INFO  fd total count:1 - EPollPoller.cc:34
2025/06/30 16:33:883799 DEBUG timeout! - EPollPoller.cc:62
2025/06/30 16:33:883825 INFO  fd total count:2 - EPollPoller.cc:34
2025/06/30 16:33:101111 INFO  events happend1 - EPollPoller.cc:51
2025/06/30 16:33:101152 INFO  channel handleEvent revents:1 - Channel.cc:96
2025/06/30 16:33:102497 INFO  fd total count:4 - EPollPoller.cc:34
2025/06/30 16:33:115251 INFO  events happend1 - EPollPoller.cc:51
2025/06/30 16:33:115262 INFO  channel handleEvent revents:1 - Channel.cc:96
2025/06/30 16:33:116172 INFO  fd total count:4 - EPollPoller.cc:34
2025/06/30 16:33:085790 DEBUG timeout! - EPollPoller.cc:62
2025/06/30 16:33:085848 INFO  fd total count:1 - EPollPoller.cc:34
2025/06/30 16:33:086158 DEBUG timeout! - EPollPoller.cc:62
2025/06/30 16:33:086192 INFO  fd total count:1 - EPollPoller.cc:34
2025/06/30 16:33:087810 DEBUG timeout! - EPollPoller.cc:62
2025/06/30 16:33:087858 INFO  fd total count:1 - EPollPoller.cc:34
2025/06/30 16:33:535653 INFO  events happend1 - EPollPoller.cc:51
2025/06/30 16:33:535686 INFO  channel handleEvent revents:1 - Channel.cc:96
2025/06/30 16:33:536961 INFO  fd total count:4 - EPollPoller.cc:34
2025/06/30 16:33:544512 INFO  events happend1 - EPollPoller.cc:51
2025/06/30 16:33:544522 INFO  channel handleEvent revents:1 - Channel.cc:96
2025/06/30 16:33:545494 INFO  fd total count:4 - EPollPoller.cc:34
2025/06/30 16:33:893870 DEBUG timeout! - EPollPoller.cc:62
2025/06/30 16:33:893900 INFO  fd total count:2 - EPollPoller.cc:34
2025/06/30 16:33:095938 DEBUG timeout! - EPollPoller.cc:62
2025/06/30 16:33:096001 INFO  fd total count:1 - EPollPoller.cc:34
2025/06/30 16:33:096247 DEBUG timeout! - EPollPoller.cc:62
2025/06/30 16:33:096309 INFO  fd total count:1 - EPollPoller.cc:34
2025/06/30 16:33:097938 DEBUG timeout! - EPollPoller.cc:62
2025/06/30 16:33:097959 INFO  fd total count:1 - EPollPoller.cc:34
2025/06/30 16:33:555617 DEBUG timeout! - EPollPoller.cc:62
2025/06/30 16:33:555681 INFO  fd total count:4 - EPollPoller.cc:34
2025/06/30 16:33:903934 DEBUG timeout! - EPollPoller.cc:62
2025/06/30 16:33:903962 INFO  fd total count:2 - EPollPoller.cc:34
2025/06/30 16:33:101148 INFO  events happend1 - EPollPoller.cc:51
2025/06/30 16:33:101201 INFO  channel handleEvent revents:1 - Channel.cc:96
2025/06/30 16:33:102390 INFO  fd total count:4 - EPollPoller.cc:34
2025/06/30 16:33:114005 INFO  events happend1 - EPollPoller.cc:51
2025/06/30 16:33:114020 INFO  channel handleEvent revents:1 - Channel.cc:96
2025/06/30 16:33:114789 INFO  fd total count:4 - EPollPoller.cc:34
2025/06/30 16:33:106087 DEBUG timeout! - EPollPoller.cc:62
2025/06/30 16:33:106145 INFO  fd total count:1 - EPollPoller.cc:34
2025/06/30 16:33:106376 DEBUG timeout! - EPollPoller.cc:62
2025/06/30 16:33:106438 INFO  fd total count:1 - EPollPoller.cc:34
2025/06/30 16:33:108030 DEBUG timeout! - EPollPoller.cc:62
2025/06/30 16:33:108051 INFO  fd total count:1 - EPollPoller.cc:34
2025/06/30 16:33:914013 DEBUG timeout! - EPollPoller.cc:62
2025/06/30 16:33:914064 INFO  fd total count:2 - EPollPoller.cc:34
2025/06/30 16:33:103442 INFO  events happend1 - EPollPoller.cc:51
2025/06/30 16:33:103474 INFO  channel handleEvent revents:1 - Channel.cc:96
2025/06/30 16:33:104685 INFO  fd total count:4 - EPollPoller.cc:34
2025/06/30 16:33:111590 INFO  events happend1 - EPollPoller.cc:51
2025/06/30 16:33:111596 INFO  channel handleEvent revents:1 - Channel.cc:96
2025/06/30 16:33:112396 INFO  fd total count:4 - EPollPoller.cc:34
2025/06/30 16:33:116202 DEBUG timeout! - EPollPoller.cc:62
2025/06/30 16:33:116264 INFO  fd total count:1 - EPollPoller.cc:34
2025/06/30 16:33:116499 DEBUG timeout! - EPollPoller.cc:62
2025/06/30 16:33:116531 INFO  fd total count:1 - EPollPoller.cc:34
2025/06/30 16:33:118120 DEBUG timeout! - EPollPoller.cc:62
2025/06/30 16:33:118145 INFO  fd total count:1 - EPollPoller.cc:34
2025/06/30 16:33:923802 DEBUG timeout! - EPollPoller.cc:62
2025/06/30 16:33:923833 INFO  fd total count:2 - EPollPoller.cc:34
2025/06/30 16:33:094347 INFO  events happend1 - EPollPoller.cc:51
2025/06/30 16:33:094380 INFO  channel handleEvent revents:1 - Channel.cc:96
2025/06/30 16:33:095680 INFO  fd total count:4 - EPollPoller.cc:34
2025/06/30 16:33:104455 INFO  events happend1 - EPollPoller.cc:51
2025/06/30 16:33:104468 INFO  channel handleEvent revents:1 - Channel.cc:96
2025/06/30 16:33:105491 INFO  fd total count:4 - EPollPoller.cc:34
2025/06/30 16:33:126311 DEBUG timeout! - EPollPoller.cc:62
2025/06/30 16:33:126348 INFO  fd total count:1 - EPollPoller.cc:34
2025/06/30 16:33:126638 DEBUG timeout! - EPollPoller.cc:62
2025/06/30 16:33:126694 INFO  fd total count:1 - EPollPoller.cc:34
2025/06/30 16:33:128212 DEBUG timeout! - EPollPoller.cc:62
2025/06/30 16:33:128235 INFO  fd total count:1 - EPollPoller.cc:34
2025/06/30 16:33:933865 DEBUG timeout! - EPollPoller.cc:62
2025/06/30 16:33:933898 INFO  fd total count:2 - EPollPoller.cc:34
2025/06/30 16:33:097003 INFO  events happend1 - EPollPoller.cc:51
2025/06/30 16:33:097056 INFO  channel handleEvent revents:1 - Channel.cc:96
2025/06/30 16:33:098239 INFO  fd total count:4 - EPollPoller.cc:34
2025/06/30 16:33:105790 INFO  events happend1 - EPollPoller.cc:51
2025/06/30 16:33:105806 INFO  channel handleEvent revents:1 - Channel.cc:96
2025/06/30 16:33:106561 INFO  fd total count:4 - EPollPoller.cc:34
2025/06/30 16:33:136395 DEBUG timeout! - EPollPoller.cc:62
2025/06/30 16:33:136425 INFO  fd total count:1 - EPollPoller.cc:34
2025/06/30 16:33:136762 DEBUG timeout! - EPollPoller.cc:62
2025/06/30 16:33:136818 INFO  fd total count:1 - EPollPoller.cc:34
2025/06/30 16:33:138304 DEBUG timeout! - EPollPoller.cc:62
2025/06/30 16:33:138326 INFO  fd total count:1 - EPollPoller.cc:34
2025/06/30 16:34:943956 DEBUG timeout! - EPollPoller.cc:62
2025/06/30 16:34:944020 INFO  fd total count:2 - EPollPoller.cc:34
2025/06/30 16:34:094104 INFO  events happend1 - EPollPoller.cc:51
2025/06/30 16:34:094147 INFO  channel handleEvent revents:1 - Channel.cc:96
2025/06/30 16:34:095468 INFO  fd total count:4 - EPollPoller.cc:34
2025/06/30 16:34:101190 INFO  events happend1 - EPollPoller.cc:51
2025/06/30 16:34:101198 INFO  channel handleEvent revents:1 - Channel.cc:96
2025/06/30 16:34:102020 INFO  fd total count:4 - EPollPoller.cc:34
2025/06/30 16:34:146483 DEBUG timeout! - EPollPoller.cc:62
2025/06/30 16:34:146541 INFO  fd total count:1 - EPollPoller.cc:34
2025/06/30 16:34:146931 DEBUG timeout! - EPollPoller.cc:62
2025/06/30 16:34:146990 INFO  fd total count:1 - EPollPoller.cc:34
2025/06/30 16:34:148416 DEBUG timeout! - EPollPoller.cc:62
2025/06/30 16:34:148468 INFO  fd total count:1 - EPollPoller.cc:34
2025/06/30 16:34:954098 DEBUG timeout! - EPollPoller.cc:62
2025/06/30 16:34:954131 INFO  fd total count:2 - EPollPoller.cc:34
2025/06/30 16:34:112077 DEBUG timeout! - EPollPoller.cc:62
2025/06/30 16:34:112133 INFO  fd total count:4 - EPollPoller.cc:34
2025/06/30 16:34:155807 DEBUG timeout! - EPollPoller.cc:62
2025/06/30 16:34:155843 INFO  fd total count:1 - EPollPoller.cc:34
2025/06/30 16:34:157105 DEBUG timeout! - EPollPoller.cc:62
2025/06/30 16:34:157161 INFO  fd total count:1 - EPollPoller.cc:34
2025/06/30 16:34:158598 DEBUG timeout! - EPollPoller.cc:62
2025/06/30 16:34:158650 INFO  fd total count:1 - EPollPoller.cc:34
2025/06/30 16:34:964241 DEBUG timeout! - EPollPoller.cc:62
2025/06/30 16:34:964303 INFO  fd total count:2 - EPollPoller.cc:34
2025/06/30 16:34:122184 DEBUG timeout! - EPollPoller.cc:62
2025/06/30 16:34:122224 INFO  fd total count:4 - EPollPoller.cc:34
2025/06/30 16:34:165902 DEBUG timeout! - EPollPoller.cc:62
2025/06/30 16:34:165959 INFO  fd total count:1 - EPollPoller.cc:34
2025/06/30 16:34:167218 DEBUG timeout! - EPollPoller.cc:62
2025/06/30 16:34:167249 INFO  fd total count:1 - EPollPoller.cc:34
2025/06/30 16:34:168787 DEBUG timeout! - EPollPoller.cc:62
2025/06/30 16:34:168839 INFO  fd total count:1 - EPollPoller.cc:34
2025/06/30 16:34:974358 DEBUG timeout! - EPollPoller.cc:62
2025/06/30 16:34:974392 INFO  fd total count:2 - EPollPoller.cc:34
2025/06/30 16:34:132344 DEBUG timeout! - EPollPoller.cc:62
2025/06/30 16:34:132404 INFO  fd total count:4 - EPollPoller.cc:34
2025/06/30 16:34:175995 DEBUG timeout! - EPollPoller.cc:62
2025/06/30 16:34:176027 INFO  fd total count:1 - EPollPoller.cc:34
2025/06/30 16:34:177363 DEBUG timeout! - EPollPoller.cc:62
2025/06/30 16:34:177420 INFO  fd total count:1 - EPollPoller.cc:34
2025/06/30 16:34:178966 DEBUG timeout! - EPollPoller.cc:62
2025/06/30 16:34:179019 INFO  fd total count:1 - EPollPoller.cc:34
2025/06/30 16:34:984467 DEBUG timeout! - EPollPoller.cc:62
2025/06/30 16:34:984503 INFO  fd total count:2 - EPollPoller.cc:34
2025/06/30 16:34:142481 DEBUG timeout! - EPollPoller.cc:62
2025/06/30 16:34:142521 INFO  fd total count:4 - EPollPoller.cc:34
2025/06/30 16:34:186084 DEBUG timeout! - EPollPoller.cc:62
2025/06/30 16:34:186138 INFO  fd total count:1 - EPollPoller.cc:34
2025/06/30 16:34:187482 DEBUG timeout! - EPollPoller.cc:62
2025/06/30 16:34:187534 INFO  fd total count:1 - EPollPoller.cc:34
2025/06/30 16:34:189081 DEBUG timeout! - EPollPoller.cc:62
2025/06/30 16:34:189103 INFO  fd total count:1 - EPollPoller.cc:34
2025/06/30 16:34:994565 DEBUG timeout! - EPollPoller.cc:62
2025/06/30 16:34:994599 INFO  fd total count:2 - EPollPoller.cc:34
2025/06/30 16:34:152576 DEBUG timeout! - EPollPoller.cc:62
2025/06/30 16:34:152604 INFO  fd total count:4 - EPollPoller.cc:34
2025/06/30 16:34:196214 DEBUG timeout! - EPollPoller.cc:62
2025/06/30 16:34:196272 INFO  fd total count:1 - EPollPoller.cc:34
2025/06/30 16:34:197646 DEBUG timeout! - EPollPoller.cc:62
2025/06/30 16:34:197702 INFO  fd total count:1 - EPollPoller.cc:34
2025/06/30 16:34:199132 DEBUG timeout! - EPollPoller.cc:62
2025/06/30 16:34:199152 INFO  fd total count:1 - EPollPoller.cc:34
2025/06/30 16:35:004701 DEBUG timeout! - EPollPoller.cc:62
2025/06/30 16:35:004779 INFO  fd total count:2 - EPollPoller.cc:34
2025/06/30 16:35:162666 DEBUG timeout! - EPollPoller.cc:62
2025/06/30 16:35:162731 INFO  fd total count:4 - EPollPoller.cc:34
2025/06/30 16:35:094528 INFO  events happend1 - EPollPoller.cc:51
2025/06/30 16:35:094555 INFO  channel handleEvent revents:1 - Channel.cc:96
2025/06/30 16:35:095304 INFO  fd total count:4 - EPollPoller.cc:34
2025/06/30 16:35:102359 INFO  events happend1 - EPollPoller.cc:51
2025/06/30 16:35:102367 INFO  channel handleEvent revents:1 - Channel.cc:96
2025/06/30 16:35:102824 INFO  fd total count:4 - EPollPoller.cc:34
2025/06/30 16:35:203820 DEBUG timeout! - EPollPoller.cc:62
2025/06/30 16:35:203874 INFO  fd total count:1 - EPollPoller.cc:34
2025/06/30 16:35:207752 DEBUG timeout! - EPollPoller.cc:62
2025/06/30 16:35:207804 INFO  fd total count:1 - EPollPoller.cc:34
2025/06/30 16:35:209226 DEBUG timeout! - EPollPoller.cc:62
2025/06/30 16:35:209247 INFO  fd total count:1 - EPollPoller.cc:34
2025/06/30 16:35:014835 DEBUG timeout! - EPollPoller.cc:62
2025/06/30 16:35:014869 INFO  fd total count:2 - EPollPoller.cc:34
2025/06/30 16:35:112889 DEBUG timeout! - EPollPoller.cc:62
2025/06/30 16:35:112952 INFO  fd total count:4 - EPollPoller.cc:34
2025/06/30 16:35:212733 DEBUG timeout! - EPollPoller.cc:62
2025/06/30 16:35:212794 INFO  fd total count:1 - EPollPoller.cc:34
2025/06/30 16:35:217865 DEBUG timeout! - EPollPoller.cc:62
2025/06/30 16:35:217899 INFO  fd total count:1 - EPollPoller.cc:34
2025/06/30 16:35:219342 DEBUG timeout! - EPollPoller.cc:62
2025/06/30 16:35:219390 INFO  fd total count:1 - EPollPoller.cc:34
2025/06/30 16:35:024977 DEBUG timeout! - EPollPoller.cc:62
2025/06/30 16:35:025038 INFO  fd total count:2 - EPollPoller.cc:34
2025/06/30 16:35:123020 DEBUG timeout! - EPollPoller.cc:62
2025/06/30 16:35:123054 INFO  fd total count:4 - EPollPoller.cc:34
2025/06/30 16:35:222882 DEBUG timeout! - EPollPoller.cc:62
2025/06/30 16:35:222918 INFO  fd total count:1 - EPollPoller.cc:34
2025/06/30 16:35:227948 DEBUG timeout! - EPollPoller.cc:62
2025/06/30 16:35:227975 INFO  fd total count:1 - EPollPoller.cc:34
2025/06/30 16:35:229552 DEBUG timeout! - EPollPoller.cc:62
2025/06/30 16:35:229603 INFO  fd total count:1 - EPollPoller.cc:34
2025/06/30 16:35:035111 DEBUG timeout! - EPollPoller.cc:62
2025/06/30 16:35:035147 INFO  fd total count:2 - EPollPoller.cc:34
2025/06/30 16:35:133086 DEBUG timeout! - EPollPoller.cc:62
2025/06/30 16:35:133118 INFO  fd total count:4 - EPollPoller.cc:34
2025/06/30 16:35:233054 DEBUG timeout! - EPollPoller.cc:62
2025/06/30 16:35:233118 INFO  fd total count:1 - EPollPoller.cc:34
2025/06/30 16:35:238033 DEBUG timeout! - EPollPoller.cc:62
2025/06/30 16:35:238068 INFO  fd total count:1 - EPollPoller.cc:34
2025/06/30 16:35:239736 DEBUG timeout! - EPollPoller.cc:62
2025/06/30 16:35:239815 INFO  fd total count:1 - EPollPoller.cc:34
2025/06/30 16:35:045212 DEBUG timeout! - EPollPoller.cc:62
2025/06/30 16:35:045250 INFO  fd total count:2 - EPollPoller.cc:34
2025/06/30 16:35:143211 DEBUG timeout! - EPollPoller.cc:62
2025/06/30 16:35:143279 INFO  fd total count:4 - EPollPoller.cc:34
2025/06/30 16:35:243193 DEBUG timeout! - EPollPoller.cc:62
2025/06/30 16:35:243229 INFO  fd total count:1 - EPollPoller.cc:34
2025/06/30 16:35:248174 DEBUG timeout! - EPollPoller.cc:62
2025/06/30 16:35:248230 INFO  fd total count:1 - EPollPoller.cc:34
2025/06/30 16:35:249954 DEBUG timeout! - EPollPoller.cc:62
2025/06/30 16:35:250003 INFO  fd total count:1 - EPollPoller.cc:34
2025/06/30 16:35:055315 DEBUG timeout! - EPollPoller.cc:62
2025/06/30 16:35:055352 INFO  fd total count:2 - EPollPoller.cc:34
2025/06/30 16:35:153349 DEBUG timeout! - EPollPoller.cc:62
2025/06/30 16:35:153411 INFO  fd total count:4 - EPollPoller.cc:34
2025/06/30 16:35:253259 DEBUG timeout! - EPollPoller.cc:62
2025/06/30 16:35:253294 INFO  fd total count:1 - EPollPoller.cc:34
2025/06/30 16:35:258366 DEBUG timeout! - EPollPoller.cc:62
2025/06/30 16:35:258417 INFO  fd total count:1 - EPollPoller.cc:34
2025/06/30 16:35:260164 DEBUG timeout! - EPollPoller.cc:62
2025/06/30 16:35:260216 INFO  fd total count:1 - EPollPoller.cc:34
2025/06/30 16:36:065504 DEBUG timeout! - EPollPoller.cc:62
2025/06/30 16:36:065576 INFO  fd total count:2 - EPollPoller.cc:34
2025/06/30 16:36:163485 DEBUG timeout! - EPollPoller.cc:62
2025/06/30 16:36:163521 INFO  fd total count:4 - EPollPoller.cc:34
2025/06/30 16:36:103903 INFO  events happend1 - EPollPoller.cc:51
2025/06/30 16:36:103932 INFO  channel handleEvent revents:1 - Channel.cc:96
2025/06/30 16:36:104673 INFO  fd total count:4 - EPollPoller.cc:34
2025/06/30 16:36:110579 INFO  events happend1 - EPollPoller.cc:51
2025/06/30 16:36:110591 INFO  channel handleEvent revents:1 - Channel.cc:96
2025/06/30 16:36:111241 INFO  fd total count:4 - EPollPoller.cc:34
2025/06/30 16:36:263347 DEBUG timeout! - EPollPoller.cc:62
2025/06/30 16:36:263410 INFO  fd total count:1 - EPollPoller.cc:34
2025/06/30 16:36:268486 DEBUG timeout! - EPollPoller.cc:62
2025/06/30 16:36:268547 INFO  fd total count:1 - EPollPoller.cc:34
2025/06/30 16:36:270305 DEBUG timeout! - EPollPoller.cc:62
2025/06/30 16:36:270325 INFO  fd total count:1 - EPollPoller.cc:34
2025/06/30 16:36:075678 DEBUG timeout! - EPollPoller.cc:62
2025/06/30 16:36:075739 INFO  fd total count:2 - EPollPoller.cc:34
2025/06/30 16:36:121312 DEBUG timeout! - EPollPoller.cc:62
2025/06/30 16:36:121344 INFO  fd total count:4 - EPollPoller.cc:34
2025/06/30 16:36:273492 DEBUG timeout! - EPollPoller.cc:62
2025/06/30 16:36:273527 INFO  fd total count:1 - EPollPoller.cc:34
2025/06/30 16:36:278611 DEBUG timeout! - EPollPoller.cc:62
2025/06/30 16:36:278666 INFO  fd total count:1 - EPollPoller.cc:34
2025/06/30 16:36:280401 DEBUG timeout! - EPollPoller.cc:62
2025/06/30 16:36:280420 INFO  fd total count:1 - EPollPoller.cc:34
2025/06/30 16:36:085887 DEBUG timeout! - EPollPoller.cc:62
2025/06/30 16:36:085959 INFO  fd total count:2 - EPollPoller.cc:34
2025/06/30 16:36:131398 DEBUG timeout! - EPollPoller.cc:62
2025/06/30 16:36:131431 INFO  fd total count:4 - EPollPoller.cc:34
2025/06/30 16:36:283685 DEBUG timeout! - EPollPoller.cc:62
2025/06/30 16:36:283751 INFO  fd total count:1 - EPollPoller.cc:34
2025/06/30 16:36:288740 DEBUG timeout! - EPollPoller.cc:62
2025/06/30 16:36:288775 INFO  fd total count:1 - EPollPoller.cc:34
2025/06/30 16:36:290542 DEBUG timeout! - EPollPoller.cc:62
2025/06/30 16:36:290594 INFO  fd total count:1 - EPollPoller.cc:34
2025/06/30 16:36:096025 DEBUG timeout! - EPollPoller.cc:62
2025/06/30 16:36:096081 INFO  fd total count:2 - EPollPoller.cc:34
2025/06/30 16:36:141493 DEBUG timeout! - EPollPoller.cc:62
2025/06/30 16:36:141529 INFO  fd total count:4 - EPollPoller.cc:34
2025/06/30 16:36:293839 DEBUG timeout! - EPollPoller.cc:62
2025/06/30 16:36:293876 INFO  fd total count:1 - EPollPoller.cc:34
2025/06/30 16:36:298843 DEBUG timeout! - EPollPoller.cc:62
2025/06/30 16:36:298869 INFO  fd total count:1 - EPollPoller.cc:34
2025/06/30 16:36:300653 DEBUG timeout! - EPollPoller.cc:62
2025/06/30 16:36:300675 INFO  fd total count:1 - EPollPoller.cc:34
2025/06/30 16:36:106192 DEBUG timeout! - EPollPoller.cc:62
2025/06/30 16:36:106253 INFO  fd total count:2 - EPollPoller.cc:34
2025/06/30 16:36:151571 DEBUG timeout! - EPollPoller.cc:62
2025/06/30 16:36:151609 INFO  fd total count:4 - EPollPoller.cc:34
2025/06/30 16:36:303946 DEBUG timeout! - EPollPoller.cc:62
2025/06/30 16:36:303984 INFO  fd total count:1 - EPollPoller.cc:34
2025/06/30 16:36:308994 DEBUG timeout! - EPollPoller.cc:62
2025/06/30 16:36:309050 INFO  fd total count:1 - EPollPoller.cc:34
2025/06/30 16:36:310727 DEBUG timeout! - EPollPoller.cc:62
2025/06/30 16:36:310747 INFO  fd total count:1 - EPollPoller.cc:34
2025/06/30 16:36:116336 DEBUG timeout! - EPollPoller.cc:62
2025/06/30 16:36:116404 INFO  fd total count:2 - EPollPoller.cc:34
2025/06/30 16:36:161675 DEBUG timeout! - EPollPoller.cc:62
2025/06/30 16:36:161714 INFO  fd total count:4 - EPollPoller.cc:34
2025/06/30 16:36:314066 DEBUG timeout! - EPollPoller.cc:62
2025/06/30 16:36:314099 INFO  fd total count:1 - EPollPoller.cc:34
2025/06/30 16:36:319156 DEBUG timeout! - EPollPoller.cc:62
2025/06/30 16:36:319207 INFO  fd total count:1 - EPollPoller.cc:34
2025/06/30 16:36:320866 DEBUG timeout! - EPollPoller.cc:62
2025/06/30 16:36:320920 INFO  fd total count:1 - EPollPoller.cc:34
2025/06/30 16:37:126470 DEBUG timeout! - EPollPoller.cc:62
2025/06/30 16:37:126507 INFO  fd total count:2 - EPollPoller.cc:34
2025/06/30 16:37:171845 DEBUG timeout! - EPollPoller.cc:62
2025/06/30 16:37:171910 INFO  fd total count:4 - EPollPoller.cc:34
2025/06/30 16:37:096805 INFO  events happend1 - EPollPoller.cc:51
2025/06/30 16:37:096858 INFO  channel handleEvent revents:1 - Channel.cc:96
2025/06/30 16:37:098465 INFO  fd total count:4 - EPollPoller.cc:34
2025/06/30 16:37:104614 INFO  events happend1 - EPollPoller.cc:51
2025/06/30 16:37:104630 INFO  channel handleEvent revents:1 - Channel.cc:96
2025/06/30 16:37:105807 INFO  fd total count:4 - EPollPoller.cc:34
2025/06/30 16:37:324134 DEBUG timeout! - EPollPoller.cc:62
2025/06/30 16:37:324167 INFO  fd total count:1 - EPollPoller.cc:34
2025/06/30 16:37:329321 DEBUG timeout! - EPollPoller.cc:62
2025/06/30 16:37:329376 INFO  fd total count:1 - EPollPoller.cc:34
2025/06/30 16:37:330997 DEBUG timeout! - EPollPoller.cc:62
2025/06/30 16:37:331018 INFO  fd total count:1 - EPollPoller.cc:34
2025/06/30 16:37:136555 DEBUG timeout! - EPollPoller.cc:62
2025/06/30 16:37:136588 INFO  fd total count:2 - EPollPoller.cc:34
2025/06/30 16:37:115855 DEBUG timeout! - EPollPoller.cc:62
2025/06/30 16:37:115888 INFO  fd total count:4 - EPollPoller.cc:34
2025/06/30 16:37:334197 DEBUG timeout! - EPollPoller.cc:62
2025/06/30 16:37:334229 INFO  fd total count:1 - EPollPoller.cc:34
2025/06/30 16:37:339446 DEBUG timeout! - EPollPoller.cc:62
2025/06/30 16:37:339473 INFO  fd total count:1 - EPollPoller.cc:34
2025/06/30 16:37:341089 DEBUG timeout! - EPollPoller.cc:62
2025/06/30 16:37:341110 INFO  fd total count:1 - EPollPoller.cc:34
2025/06/30 16:37:146692 DEBUG timeout! - EPollPoller.cc:62
2025/06/30 16:37:146758 INFO  fd total count:2 - EPollPoller.cc:34
2025/06/30 16:37:125950 DEBUG timeout! - EPollPoller.cc:62
2025/06/30 16:37:126014 INFO  fd total count:4 - EPollPoller.cc:34
2025/06/30 16:37:344288 DEBUG timeout! - EPollPoller.cc:62
2025/06/30 16:37:344353 INFO  fd total count:1 - EPollPoller.cc:34
2025/06/30 16:37:349534 DEBUG timeout! - EPollPoller.cc:62
2025/06/30 16:37:349593 INFO  fd total count:1 - EPollPoller.cc:34
2025/06/30 16:37:351217 DEBUG timeout! - EPollPoller.cc:62
2025/06/30 16:37:351238 INFO  fd total count:1 - EPollPoller.cc:34
2025/06/30 16:37:156822 DEBUG timeout! - EPollPoller.cc:62
2025/06/30 16:37:156881 INFO  fd total count:2 - EPollPoller.cc:34
2025/06/30 16:37:136148 DEBUG timeout! - EPollPoller.cc:62
2025/06/30 16:37:136214 INFO  fd total count:4 - EPollPoller.cc:34
2025/06/30 16:37:354393 DEBUG timeout! - EPollPoller.cc:62
2025/06/30 16:37:354427 INFO  fd total count:1 - EPollPoller.cc:34
2025/06/30 16:37:359672 DEBUG timeout! - EPollPoller.cc:62
2025/06/30 16:37:359700 INFO  fd total count:1 - EPollPoller.cc:34
2025/06/30 16:37:361284 DEBUG timeout! - EPollPoller.cc:62
2025/06/30 16:37:361305 INFO  fd total count:1 - EPollPoller.cc:34
2025/06/30 16:37:166948 DEBUG timeout! - EPollPoller.cc:62
2025/06/30 16:37:167011 INFO  fd total count:2 - EPollPoller.cc:34
2025/06/30 16:37:146264 DEBUG timeout! - EPollPoller.cc:62
2025/06/30 16:37:146299 INFO  fd total count:4 - EPollPoller.cc:34
2025/06/30 16:37:364459 DEBUG timeout! - EPollPoller.cc:62
2025/06/30 16:37:364491 INFO  fd total count:1 - EPollPoller.cc:34
2025/06/30 16:37:369773 DEBUG timeout! - EPollPoller.cc:62
2025/06/30 16:37:369802 INFO  fd total count:1 - EPollPoller.cc:34
2025/06/30 16:37:371440 DEBUG timeout! - EPollPoller.cc:62
2025/06/30 16:37:371490 INFO  fd total count:1 - EPollPoller.cc:34
2025/06/30 16:37:177074 DEBUG timeout! - EPollPoller.cc:62
2025/06/30 16:37:177108 INFO  fd total count:2 - EPollPoller.cc:34
2025/06/30 16:37:156365 DEBUG timeout! - EPollPoller.cc:62
2025/06/30 16:37:156400 INFO  fd total count:4 - EPollPoller.cc:34
2025/06/30 16:37:374557 DEBUG timeout! - EPollPoller.cc:62
2025/06/30 16:37:374617 INFO  fd total count:1 - EPollPoller.cc:34
2025/06/30 16:37:379866 DEBUG timeout! - EPollPoller.cc:62
2025/06/30 16:37:379899 INFO  fd total count:1 - EPollPoller.cc:34
2025/06/30 16:37:381632 DEBUG timeout! - EPollPoller.cc:62
2025/06/30 16:37:381680 INFO  fd total count:1 - EPollPoller.cc:34
2025/06/30 16:38:187212 DEBUG timeout! - EPollPoller.cc:62
2025/06/30 16:38:187278 INFO  fd total count:2 - EPollPoller.cc:34
2025/06/30 16:38:163874 DEBUG timeout! - EPollPoller.cc:62
2025/06/30 16:38:163907 INFO  fd total count:4 - EPollPoller.cc:34
2025/06/30 16:38:098720 INFO  events happend1 - EPollPoller.cc:51
2025/06/30 16:38:098750 INFO  channel handleEvent revents:1 - Channel.cc:96
2025/06/30 16:38:099515 INFO  fd total count:4 - EPollPoller.cc:34
2025/06/30 16:38:105386 INFO  events happend1 - EPollPoller.cc:51
2025/06/30 16:38:105405 INFO  channel handleEvent revents:1 - Channel.cc:96
2025/06/30 16:38:106193 INFO  fd total count:4 - EPollPoller.cc:34
2025/06/30 16:38:384700 DEBUG timeout! - EPollPoller.cc:62
2025/06/30 16:38:384736 INFO  fd total count:1 - EPollPoller.cc:34
2025/06/30 16:38:390039 DEBUG timeout! - EPollPoller.cc:62
2025/06/30 16:38:390092 INFO  fd total count:1 - EPollPoller.cc:34
2025/06/30 16:38:391820 DEBUG timeout! - EPollPoller.cc:62
2025/06/30 16:38:391855 INFO  fd total count:1 - EPollPoller.cc:34
2025/06/30 16:38:197342 DEBUG timeout! - EPollPoller.cc:62
2025/06/30 16:38:197401 INFO  fd total count:2 - EPollPoller.cc:34
2025/06/30 16:38:116259 DEBUG timeout! - EPollPoller.cc:62
2025/06/30 16:38:116294 INFO  fd total count:4 - EPollPoller.cc:34
2025/06/30 16:38:394806 DEBUG timeout! - EPollPoller.cc:62
2025/06/30 16:38:394840 INFO  fd total count:1 - EPollPoller.cc:34
2025/06/30 16:38:400171 DEBUG timeout! - EPollPoller.cc:62
2025/06/30 16:38:400198 INFO  fd total count:1 - EPollPoller.cc:34
2025/06/30 16:38:401916 DEBUG timeout! - EPollPoller.cc:62
2025/06/30 16:38:401939 INFO  fd total count:1 - EPollPoller.cc:34
2025/06/30 16:38:207464 DEBUG timeout! - EPollPoller.cc:62
2025/06/30 16:38:207501 INFO  fd total count:2 - EPollPoller.cc:34
2025/06/30 16:38:126321 DEBUG timeout! - EPollPoller.cc:62
2025/06/30 16:38:126355 INFO  fd total count:4 - EPollPoller.cc:34
2025/06/30 16:38:404916 DEBUG timeout! - EPollPoller.cc:62
2025/06/30 16:38:404961 INFO  fd total count:1 - EPollPoller.cc:34
2025/06/30 16:38:410267 DEBUG timeout! - EPollPoller.cc:62
2025/06/30 16:38:410295 INFO  fd total count:1 - EPollPoller.cc:34
2025/06/30 16:38:412013 DEBUG timeout! - EPollPoller.cc:62
2025/06/30 16:38:412037 INFO  fd total count:1 - EPollPoller.cc:34
2025/06/30 16:38:217531 DEBUG timeout! - EPollPoller.cc:62
2025/06/30 16:38:217563 INFO  fd total count:2 - EPollPoller.cc:34
2025/06/30 16:38:136429 DEBUG timeout! - EPollPoller.cc:62
2025/06/30 16:38:136491 INFO  fd total count:4 - EPollPoller.cc:34
2025/06/30 16:38:415012 DEBUG timeout! - EPollPoller.cc:62
2025/06/30 16:38:415057 INFO  fd total count:1 - EPollPoller.cc:34
2025/06/30 16:38:420368 DEBUG timeout! - EPollPoller.cc:62
2025/06/30 16:38:420394 INFO  fd total count:1 - EPollPoller.cc:34
2025/06/30 16:38:422166 DEBUG timeout! - EPollPoller.cc:62
2025/06/30 16:38:422219 INFO  fd total count:1 - EPollPoller.cc:34
2025/06/30 16:38:227615 DEBUG timeout! - EPollPoller.cc:62
2025/06/30 16:38:227651 INFO  fd total count:2 - EPollPoller.cc:34
2025/06/30 16:38:146619 DEBUG timeout! - EPollPoller.cc:62
2025/06/30 16:38:146686 INFO  fd total count:4 - EPollPoller.cc:34
2025/06/30 16:38:425127 DEBUG timeout! - EPollPoller.cc:62
2025/06/30 16:38:425161 INFO  fd total count:1 - EPollPoller.cc:34
2025/06/30 16:38:430470 DEBUG timeout! - EPollPoller.cc:62
2025/06/30 16:38:430495 INFO  fd total count:1 - EPollPoller.cc:34
2025/06/30 16:38:432296 DEBUG timeout! - EPollPoller.cc:62
2025/06/30 16:38:432315 INFO  fd total count:1 - EPollPoller.cc:34
2025/06/30 16:38:233512 DEBUG timeout! - EPollPoller.cc:62
2025/06/30 16:38:233573 INFO  fd total count:2 - EPollPoller.cc:34
2025/06/30 16:38:156723 DEBUG timeout! - EPollPoller.cc:62
2025/06/30 16:38:156756 INFO  fd total count:4 - EPollPoller.cc:34
2025/06/30 16:38:435232 DEBUG timeout! - EPollPoller.cc:62
2025/06/30 16:38:435268 INFO  fd total count:1 - EPollPoller.cc:34
2025/06/30 16:38:440612 DEBUG timeout! - EPollPoller.cc:62
2025/06/30 16:38:440664 INFO  fd total count:1 - EPollPoller.cc:34
2025/06/30 16:38:442379 DEBUG timeout! - EPollPoller.cc:62
2025/06/30 16:38:442426 INFO  fd total count:1 - EPollPoller.cc:34
2025/06/30 16:39:243654 DEBUG timeout! - EPollPoller.cc:62
2025/06/30 16:39:243720 INFO  fd total count:2 - EPollPoller.cc:34
2025/06/30 16:39:166863 DEBUG timeout! - EPollPoller.cc:62
2025/06/30 16:39:166928 INFO  fd total count:4 - EPollPoller.cc:34
2025/06/30 16:39:096434 INFO  events happend1 - EPollPoller.cc:51
2025/06/30 16:39:096484 INFO  channel handleEvent revents:1 - Channel.cc:96
2025/06/30 16:39:098423 INFO  fd total count:4 - EPollPoller.cc:34
2025/06/30 16:39:104440 INFO  events happend1 - EPollPoller.cc:51
2025/06/30 16:39:104451 INFO  channel handleEvent revents:1 - Channel.cc:96
2025/06/30 16:39:105354 INFO  fd total count:4 - EPollPoller.cc:34
2025/06/30 16:39:445344 DEBUG timeout! - EPollPoller.cc:62
2025/06/30 16:39:445382 INFO  fd total count:1 - EPollPoller.cc:34
2025/06/30 16:39:450818 DEBUG timeout! - EPollPoller.cc:62
2025/06/30 16:39:450872 INFO  fd total count:1 - EPollPoller.cc:34
2025/06/30 16:39:452504 DEBUG timeout! - EPollPoller.cc:62
2025/06/30 16:39:452525 INFO  fd total count:1 - EPollPoller.cc:34
2025/06/30 16:39:248474 DEBUG timeout! - EPollPoller.cc:62
2025/06/30 16:39:248532 INFO  fd total count:2 - EPollPoller.cc:34
2025/06/30 16:39:115384 DEBUG timeout! - EPollPoller.cc:62
2025/06/30 16:39:115419 INFO  fd total count:4 - EPollPoller.cc:34
2025/06/30 16:39:455462 DEBUG timeout! - EPollPoller.cc:62
2025/06/30 16:39:455498 INFO  fd total count:1 - EPollPoller.cc:34
2025/06/30 16:39:460957 DEBUG timeout! - EPollPoller.cc:62
2025/06/30 16:39:461009 INFO  fd total count:1 - EPollPoller.cc:34
2025/06/30 16:39:462604 DEBUG timeout! - EPollPoller.cc:62
2025/06/30 16:39:462655 INFO  fd total count:1 - EPollPoller.cc:34
2025/06/30 16:39:258576 DEBUG timeout! - EPollPoller.cc:62
2025/06/30 16:39:258610 INFO  fd total count:2 - EPollPoller.cc:34
2025/06/30 16:39:125517 DEBUG timeout! - EPollPoller.cc:62
2025/06/30 16:39:125551 INFO  fd total count:4 - EPollPoller.cc:34
2025/06/30 16:39:465588 DEBUG timeout! - EPollPoller.cc:62
2025/06/30 16:39:465622 INFO  fd total count:1 - EPollPoller.cc:34
2025/06/30 16:39:471104 DEBUG timeout! - EPollPoller.cc:62
2025/06/30 16:39:471132 INFO  fd total count:1 - EPollPoller.cc:34
2025/06/30 16:39:472713 DEBUG timeout! - EPollPoller.cc:62
2025/06/30 16:39:472734 INFO  fd total count:1 - EPollPoller.cc:34
2025/06/30 16:39:268643 DEBUG timeout! - EPollPoller.cc:62
2025/06/30 16:39:268680 INFO  fd total count:2 - EPollPoller.cc:34
2025/06/30 16:39:131835 DEBUG timeout! - EPollPoller.cc:62
2025/06/30 16:39:131892 INFO  fd total count:4 - EPollPoller.cc:34
2025/06/30 16:39:475720 DEBUG timeout! - EPollPoller.cc:62
2025/06/30 16:39:475819 INFO  fd total count:1 - EPollPoller.cc:34
2025/06/30 16:39:481264 DEBUG timeout! - EPollPoller.cc:62
2025/06/30 16:39:481325 INFO  fd total count:1 - EPollPoller.cc:34
2025/06/30 16:39:482762 DEBUG timeout! - EPollPoller.cc:62
2025/06/30 16:39:482783 INFO  fd total count:1 - EPollPoller.cc:34
2025/06/30 16:39:278742 DEBUG timeout! - EPollPoller.cc:62
2025/06/30 16:39:278807 INFO  fd total count:2 - EPollPoller.cc:34
2025/06/30 16:39:142014 DEBUG timeout! - EPollPoller.cc:62
2025/06/30 16:39:142077 INFO  fd total count:4 - EPollPoller.cc:34
2025/06/30 16:39:485950 DEBUG timeout! - EPollPoller.cc:62
2025/06/30 16:39:486016 INFO  fd total count:1 - EPollPoller.cc:34
2025/06/30 16:39:491414 DEBUG timeout! - EPollPoller.cc:62
2025/06/30 16:39:491445 INFO  fd total count:1 - EPollPoller.cc:34
2025/06/30 16:39:492853 DEBUG timeout! - EPollPoller.cc:62
2025/06/30 16:39:492904 INFO  fd total count:1 - EPollPoller.cc:34
2025/06/30 16:39:288887 DEBUG timeout! - EPollPoller.cc:62
2025/06/30 16:39:288949 INFO  fd total count:2 - EPollPoller.cc:34
2025/06/30 16:39:152139 DEBUG timeout! - EPollPoller.cc:62
2025/06/30 16:39:152173 INFO  fd total count:4 - EPollPoller.cc:34
2025/06/30 16:39:496081 DEBUG timeout! - EPollPoller.cc:62
2025/06/30 16:39:496116 INFO  fd total count:1 - EPollPoller.cc:34
2025/06/30 16:39:501582 DEBUG timeout! - EPollPoller.cc:62
2025/06/30 16:39:501638 INFO  fd total count:1 - EPollPoller.cc:34
2025/06/30 16:39:502979 DEBUG timeout! - EPollPoller.cc:62
2025/06/30 16:39:502999 INFO  fd total count:1 - EPollPoller.cc:34
2025/06/30 16:40:299011 DEBUG timeout! - EPollPoller.cc:62
2025/06/30 16:40:299073 INFO  fd total count:2 - EPollPoller.cc:34
2025/06/30 16:40:162309 DEBUG timeout! - EPollPoller.cc:62
2025/06/30 16:40:162376 INFO  fd total count:4 - EPollPoller.cc:34
2025/06/30 16:40:100464 INFO  events happend1 - EPollPoller.cc:51
2025/06/30 16:40:100497 INFO  channel handleEvent revents:1 - Channel.cc:96
2025/06/30 16:40:101388 INFO  fd total count:4 - EPollPoller.cc:34
2025/06/30 16:40:110613 INFO  events happend1 - EPollPoller.cc:51
2025/06/30 16:40:110623 INFO  channel handleEvent revents:1 - Channel.cc:96
2025/06/30 16:40:111123 INFO  fd total count:4 - EPollPoller.cc:34
2025/06/30 16:40:506217 DEBUG timeout! - EPollPoller.cc:62
2025/06/30 16:40:506253 INFO  fd total count:1 - EPollPoller.cc:34
2025/06/30 16:40:511705 DEBUG timeout! - EPollPoller.cc:62
2025/06/30 16:40:511735 INFO  fd total count:1 - EPollPoller.cc:34
2025/06/30 16:40:513145 DEBUG timeout! - EPollPoller.cc:62
2025/06/30 16:40:513197 INFO  fd total count:1 - EPollPoller.cc:34
2025/06/30 16:40:309121 DEBUG timeout! - EPollPoller.cc:62
2025/06/30 16:40:309157 INFO  fd total count:2 - EPollPoller.cc:34
2025/06/30 16:40:121168 DEBUG timeout! - EPollPoller.cc:62
2025/06/30 16:40:121202 INFO  fd total count:4 - EPollPoller.cc:34
2025/06/30 16:40:516397 DEBUG timeout! - EPollPoller.cc:62
2025/06/30 16:40:516461 INFO  fd total count:1 - EPollPoller.cc:34
2025/06/30 16:40:521807 DEBUG timeout! - EPollPoller.cc:62
2025/06/30 16:40:521828 INFO  fd total count:1 - EPollPoller.cc:34
2025/06/30 16:40:523299 DEBUG timeout! - EPollPoller.cc:62
2025/06/30 16:40:523320 INFO  fd total count:1 - EPollPoller.cc:34
2025/06/30 16:40:319237 DEBUG timeout! - EPollPoller.cc:62
2025/06/30 16:40:319303 INFO  fd total count:2 - EPollPoller.cc:34
2025/06/30 16:40:131283 DEBUG timeout! - EPollPoller.cc:62
2025/06/30 16:40:131316 INFO  fd total count:4 - EPollPoller.cc:34
2025/06/30 16:40:526524 DEBUG timeout! - EPollPoller.cc:62
2025/06/30 16:40:526590 INFO  fd total count:1 - EPollPoller.cc:34
2025/06/30 16:40:531981 DEBUG timeout! - EPollPoller.cc:62
2025/06/30 16:40:532042 INFO  fd total count:1 - EPollPoller.cc:34
2025/06/30 16:40:533358 DEBUG timeout! - EPollPoller.cc:62
2025/06/30 16:40:533379 INFO  fd total count:1 - EPollPoller.cc:34
2025/06/30 16:40:329354 DEBUG timeout! - EPollPoller.cc:62
2025/06/30 16:40:329388 INFO  fd total count:2 - EPollPoller.cc:34
2025/06/30 16:40:141436 DEBUG timeout! - EPollPoller.cc:62
2025/06/30 16:40:141499 INFO  fd total count:4 - EPollPoller.cc:34
2025/06/30 16:40:536671 DEBUG timeout! - EPollPoller.cc:62
2025/06/30 16:40:536729 INFO  fd total count:1 - EPollPoller.cc:34
2025/06/30 16:40:542134 DEBUG timeout! - EPollPoller.cc:62
2025/06/30 16:40:542186 INFO  fd total count:1 - EPollPoller.cc:34
2025/06/30 16:40:543405 DEBUG timeout! - EPollPoller.cc:62
2025/06/30 16:40:543425 INFO  fd total count:1 - EPollPoller.cc:34
2025/06/30 16:40:339460 DEBUG timeout! - EPollPoller.cc:62
2025/06/30 16:40:339526 INFO  fd total count:2 - EPollPoller.cc:34
2025/06/30 16:40:151573 DEBUG timeout! - EPollPoller.cc:62
2025/06/30 16:40:151605 INFO  fd total count:4 - EPollPoller.cc:34
2025/06/30 16:40:546808 DEBUG timeout! - EPollPoller.cc:62
2025/06/30 16:40:546844 INFO  fd total count:1 - EPollPoller.cc:34
2025/06/30 16:40:552321 DEBUG timeout! - EPollPoller.cc:62
2025/06/30 16:40:552375 INFO  fd total count:1 - EPollPoller.cc:34
2025/06/30 16:40:553527 DEBUG timeout! - EPollPoller.cc:62
2025/06/30 16:40:553579 INFO  fd total count:1 - EPollPoller.cc:34
2025/06/30 16:40:349587 DEBUG timeout! - EPollPoller.cc:62
2025/06/30 16:40:349621 INFO  fd total count:2 - EPollPoller.cc:34
2025/06/30 16:40:161744 DEBUG timeout! - EPollPoller.cc:62
2025/06/30 16:40:161811 INFO  fd total count:4 - EPollPoller.cc:34
2025/06/30 16:40:556970 DEBUG timeout! - EPollPoller.cc:62
2025/06/30 16:40:557030 INFO  fd total count:1 - EPollPoller.cc:34
2025/06/30 16:40:562458 DEBUG timeout! - EPollPoller.cc:62
2025/06/30 16:40:562493 INFO  fd total count:1 - EPollPoller.cc:34
2025/06/30 16:40:563650 DEBUG timeout! - EPollPoller.cc:62
2025/06/30 16:40:563670 INFO  fd total count:1 - EPollPoller.cc:34
2025/06/30 16:41:359659 DEBUG timeout! - EPollPoller.cc:62
2025/06/30 16:41:359693 INFO  fd total count:2 - EPollPoller.cc:34
2025/06/30 16:41:171950 DEBUG timeout! - EPollPoller.cc:62
2025/06/30 16:41:172018 INFO  fd total count:4 - EPollPoller.cc:34
2025/06/30 16:41:567105 DEBUG timeout! - EPollPoller.cc:62
2025/06/30 16:41:567133 INFO  fd total count:1 - EPollPoller.cc:34
2025/06/30 16:41:572568 DEBUG timeout! - EPollPoller.cc:62
2025/06/30 16:41:572591 INFO  fd total count:1 - EPollPoller.cc:34
2025/06/30 16:41:573740 DEBUG timeout! - EPollPoller.cc:62
2025/06/30 16:41:573752 INFO  fd total count:1 - EPollPoller.cc:34
2025/06/30 16:41:097453 INFO  events happend1 - EPollPoller.cc:51
2025/06/30 16:41:097500 INFO  channel handleEvent revents:1 - Channel.cc:96
2025/06/30 16:41:098661 INFO  fd total count:4 - EPollPoller.cc:34
2025/06/30 16:41:770233 INFO  events happend1 - EPollPoller.cc:51
2025/06/30 16:41:770288 INFO  channel handleEvent revents:1 - Channel.cc:96
2025/06/30 16:41:771357 INFO  fd total count:4 - EPollPoller.cc:34
2025/06/30 16:41:369737 DEBUG timeout! - EPollPoller.cc:62
2025/06/30 16:41:369771 INFO  fd total count:2 - EPollPoller.cc:34
2025/06/30 16:41:577210 DEBUG timeout! - EPollPoller.cc:62
2025/06/30 16:41:577246 INFO  fd total count:1 - EPollPoller.cc:34
2025/06/30 16:41:582737 DEBUG timeout! - EPollPoller.cc:62
2025/06/30 16:41:582792 INFO  fd total count:1 - EPollPoller.cc:34
2025/06/30 16:41:583874 DEBUG timeout! - EPollPoller.cc:62
2025/06/30 16:41:583923 INFO  fd total count:1 - EPollPoller.cc:34
2025/06/30 16:41:781441 DEBUG timeout! - EPollPoller.cc:62
2025/06/30 16:41:781477 INFO  fd total count:4 - EPollPoller.cc:34
2025/06/30 16:41:379811 DEBUG timeout! - EPollPoller.cc:62
2025/06/30 16:41:379848 INFO  fd total count:2 - EPollPoller.cc:34
2025/06/30 16:41:587351 DEBUG timeout! - EPollPoller.cc:62
2025/06/30 16:41:587386 INFO  fd total count:1 - EPollPoller.cc:34
2025/06/30 16:41:592883 DEBUG timeout! - EPollPoller.cc:62
2025/06/30 16:41:592911 INFO  fd total count:1 - EPollPoller.cc:34
2025/06/30 16:41:593954 DEBUG timeout! - EPollPoller.cc:62
2025/06/30 16:41:593973 INFO  fd total count:1 - EPollPoller.cc:34
2025/06/30 16:41:791536 DEBUG timeout! - EPollPoller.cc:62
2025/06/30 16:41:791570 INFO  fd total count:4 - EPollPoller.cc:34
2025/06/30 16:41:387815 DEBUG timeout! - EPollPoller.cc:62
2025/06/30 16:41:387850 INFO  fd total count:2 - EPollPoller.cc:34
2025/06/30 16:41:596601 DEBUG timeout! - EPollPoller.cc:62
2025/06/30 16:41:596637 INFO  fd total count:1 - EPollPoller.cc:34
2025/06/30 16:41:597462 DEBUG timeout! - EPollPoller.cc:62
2025/06/30 16:41:597491 INFO  fd total count:1 - EPollPoller.cc:34
2025/06/30 16:41:603000 DEBUG timeout! - EPollPoller.cc:62
2025/06/30 16:41:603050 INFO  fd total count:1 - EPollPoller.cc:34
2025/06/30 16:41:801623 DEBUG timeout! - EPollPoller.cc:62
2025/06/30 16:41:801658 INFO  fd total count:4 - EPollPoller.cc:34
2025/06/30 16:41:397879 DEBUG timeout! - EPollPoller.cc:62
2025/06/30 16:41:397909 INFO  fd total count:2 - EPollPoller.cc:34
2025/06/30 16:41:606679 DEBUG timeout! - EPollPoller.cc:62
2025/06/30 16:41:606713 INFO  fd total count:1 - EPollPoller.cc:34
2025/06/30 16:41:607564 DEBUG timeout! - EPollPoller.cc:62
2025/06/30 16:41:607589 INFO  fd total count:1 - EPollPoller.cc:34
2025/06/30 16:41:613122 DEBUG timeout! - EPollPoller.cc:62
2025/06/30 16:41:613144 INFO  fd total count:1 - EPollPoller.cc:34
2025/06/30 16:41:811706 DEBUG timeout! - EPollPoller.cc:62
2025/06/30 16:41:811745 INFO  fd total count:4 - EPollPoller.cc:34
2025/06/30 16:41:407939 DEBUG timeout! - EPollPoller.cc:62
2025/06/30 16:41:407968 INFO  fd total count:2 - EPollPoller.cc:34
2025/06/30 16:41:616742 DEBUG timeout! - EPollPoller.cc:62
2025/06/30 16:41:616778 INFO  fd total count:1 - EPollPoller.cc:34
2025/06/30 16:41:617701 DEBUG timeout! - EPollPoller.cc:62
2025/06/30 16:41:617756 INFO  fd total count:1 - EPollPoller.cc:34
2025/06/30 16:41:619819 DEBUG timeout! - EPollPoller.cc:62
2025/06/30 16:41:619867 INFO  fd total count:1 - EPollPoller.cc:34
2025/06/30 16:41:821864 DEBUG timeout! - EPollPoller.cc:62
2025/06/30 16:41:821929 INFO  fd total count:4 - EPollPoller.cc:34
2025/06/30 16:42:411870 DEBUG timeout! - EPollPoller.cc:62
2025/06/30 16:42:411908 INFO  fd total count:2 - EPollPoller.cc:34
2025/06/30 16:42:626829 DEBUG timeout! - EPollPoller.cc:62
2025/06/30 16:42:626865 INFO  fd total count:1 - EPollPoller.cc:34
2025/06/30 16:42:627853 DEBUG timeout! - EPollPoller.cc:62
2025/06/30 16:42:627908 INFO  fd total count:1 - EPollPoller.cc:34
2025/06/30 16:42:629929 DEBUG timeout! - EPollPoller.cc:62
2025/06/30 16:42:629949 INFO  fd total count:1 - EPollPoller.cc:34
2025/06/30 16:42:832014 DEBUG timeout! - EPollPoller.cc:62
2025/06/30 16:42:832048 INFO  fd total count:4 - EPollPoller.cc:34
2025/06/30 16:42:096357 INFO  events happend1 - EPollPoller.cc:51
2025/06/30 16:42:096412 INFO  channel handleEvent revents:1 - Channel.cc:96
2025/06/30 16:42:097493 INFO  fd total count:4 - EPollPoller.cc:34
2025/06/30 16:42:104025 INFO  events happend1 - EPollPoller.cc:51
2025/06/30 16:42:104045 INFO  channel handleEvent revents:1 - Channel.cc:96
2025/06/30 16:42:104828 INFO  fd total count:4 - EPollPoller.cc:34
2025/06/30 16:42:421939 DEBUG timeout! - EPollPoller.cc:62
2025/06/30 16:42:421972 INFO  fd total count:2 - EPollPoller.cc:34
2025/06/30 16:42:636900 DEBUG timeout! - EPollPoller.cc:62
2025/06/30 16:42:636932 INFO  fd total count:1 - EPollPoller.cc:34
2025/06/30 16:42:638022 DEBUG timeout! - EPollPoller.cc:62
2025/06/30 16:42:638077 INFO  fd total count:1 - EPollPoller.cc:34
2025/06/30 16:42:640044 DEBUG timeout! - EPollPoller.cc:62
2025/06/30 16:42:640096 INFO  fd total count:1 - EPollPoller.cc:34
2025/06/30 16:42:114902 DEBUG timeout! - EPollPoller.cc:62
2025/06/30 16:42:114965 INFO  fd total count:4 - EPollPoller.cc:34
2025/06/30 16:42:432016 DEBUG timeout! - EPollPoller.cc:62
2025/06/30 16:42:432045 INFO  fd total count:2 - EPollPoller.cc:34
2025/06/30 16:42:646966 DEBUG timeout! - EPollPoller.cc:62
2025/06/30 16:42:647001 INFO  fd total count:1 - EPollPoller.cc:34
2025/06/30 16:42:648193 DEBUG timeout! - EPollPoller.cc:62
2025/06/30 16:42:648246 INFO  fd total count:1 - EPollPoller.cc:34
2025/06/30 16:42:650252 DEBUG timeout! - EPollPoller.cc:62
2025/06/30 16:42:650301 INFO  fd total count:1 - EPollPoller.cc:34
2025/06/30 16:42:125010 DEBUG timeout! - EPollPoller.cc:62
2025/06/30 16:42:125046 INFO  fd total count:4 - EPollPoller.cc:34
2025/06/30 16:42:442099 DEBUG timeout! - EPollPoller.cc:62
2025/06/30 16:42:442150 INFO  fd total count:2 - EPollPoller.cc:34
2025/06/30 16:42:657118 DEBUG timeout! - EPollPoller.cc:62
2025/06/30 16:42:657181 INFO  fd total count:1 - EPollPoller.cc:34
2025/06/30 16:42:658304 DEBUG timeout! - EPollPoller.cc:62
2025/06/30 16:42:658337 INFO  fd total count:1 - EPollPoller.cc:34
2025/06/30 16:42:660410 DEBUG timeout! - EPollPoller.cc:62
2025/06/30 16:42:660463 INFO  fd total count:1 - EPollPoller.cc:34
2025/06/30 16:42:135109 DEBUG timeout! - EPollPoller.cc:62
2025/06/30 16:42:135172 INFO  fd total count:4 - EPollPoller.cc:34
2025/06/30 16:42:452196 DEBUG timeout! - EPollPoller.cc:62
2025/06/30 16:42:452232 INFO  fd total count:2 - EPollPoller.cc:34
2025/06/30 16:42:667264 DEBUG timeout! - EPollPoller.cc:62
2025/06/30 16:42:667325 INFO  fd total count:1 - EPollPoller.cc:34
2025/06/30 16:42:668379 DEBUG timeout! - EPollPoller.cc:62
2025/06/30 16:42:668411 INFO  fd total count:1 - EPollPoller.cc:34
2025/06/30 16:42:670578 DEBUG timeout! - EPollPoller.cc:62
2025/06/30 16:42:670632 INFO  fd total count:1 - EPollPoller.cc:34
2025/06/30 16:42:145298 DEBUG timeout! - EPollPoller.cc:62
2025/06/30 16:42:145361 INFO  fd total count:4 - EPollPoller.cc:34
2025/06/30 16:42:462327 DEBUG timeout! - EPollPoller.cc:62
2025/06/30 16:42:462386 INFO  fd total count:2 - EPollPoller.cc:34
2025/06/30 16:42:677421 DEBUG timeout! - EPollPoller.cc:62
2025/06/30 16:42:677484 INFO  fd total count:1 - EPollPoller.cc:34
2025/06/30 16:42:678482 DEBUG timeout! - EPollPoller.cc:62
2025/06/30 16:42:678515 INFO  fd total count:1 - EPollPoller.cc:34
2025/06/30 16:42:680727 DEBUG timeout! - EPollPoller.cc:62
2025/06/30 16:42:680749 INFO  fd total count:1 - EPollPoller.cc:34
2025/06/30 16:43:155468 DEBUG timeout! - EPollPoller.cc:62
2025/06/30 16:43:155541 INFO  fd total count:4 - EPollPoller.cc:34
2025/06/30 16:43:472459 DEBUG timeout! - EPollPoller.cc:62
2025/06/30 16:43:472522 INFO  fd total count:2 - EPollPoller.cc:34
2025/06/30 16:43:687562 DEBUG timeout! - EPollPoller.cc:62
2025/06/30 16:43:687630 INFO  fd total count:1 - EPollPoller.cc:34
2025/06/30 16:43:688666 DEBUG timeout! - EPollPoller.cc:62
2025/06/30 16:43:688730 INFO  fd total count:1 - EPollPoller.cc:34
2025/06/30 16:43:690794 DEBUG timeout! - EPollPoller.cc:62
2025/06/30 16:43:690815 INFO  fd total count:1 - EPollPoller.cc:34
2025/06/30 16:43:165654 DEBUG timeout! - EPollPoller.cc:62
2025/06/30 16:43:165718 INFO  fd total count:4 - EPollPoller.cc:34
2025/06/30 16:43:108226 INFO  events happend1 - EPollPoller.cc:51
2025/06/30 16:43:108286 INFO  channel handleEvent revents:1 - Channel.cc:96
2025/06/30 16:43:110000 INFO  fd total count:4 - EPollPoller.cc:34
2025/06/30 16:43:115987 INFO  events happend1 - EPollPoller.cc:51
2025/06/30 16:43:116003 INFO  channel handleEvent revents:1 - Channel.cc:96
2025/06/30 16:43:117263 INFO  fd total count:4 - EPollPoller.cc:34
2025/06/30 16:43:482635 DEBUG timeout! - EPollPoller.cc:62
2025/06/30 16:43:482698 INFO  fd total count:2 - EPollPoller.cc:34
2025/06/30 16:43:697711 DEBUG timeout! - EPollPoller.cc:62
2025/06/30 16:43:697770 INFO  fd total count:1 - EPollPoller.cc:34
2025/06/30 16:43:698811 DEBUG timeout! - EPollPoller.cc:62
2025/06/30 16:43:698844 INFO  fd total count:1 - EPollPoller.cc:34
2025/06/30 16:43:700910 DEBUG timeout! - EPollPoller.cc:62
2025/06/30 16:43:700962 INFO  fd total count:1 - EPollPoller.cc:34
2025/06/30 16:43:127330 DEBUG timeout! - EPollPoller.cc:62
2025/06/30 16:43:127364 INFO  fd total count:4 - EPollPoller.cc:34
2025/06/30 16:43:492794 DEBUG timeout! - EPollPoller.cc:62
2025/06/30 16:43:492829 INFO  fd total count:2 - EPollPoller.cc:34
2025/06/30 16:43:707846 DEBUG timeout! - EPollPoller.cc:62
2025/06/30 16:43:707878 INFO  fd total count:1 - EPollPoller.cc:34
2025/06/30 16:43:708911 DEBUG timeout! - EPollPoller.cc:62
2025/06/30 16:43:708965 INFO  fd total count:1 - EPollPoller.cc:34
2025/06/30 16:43:711054 DEBUG timeout! - EPollPoller.cc:62
2025/06/30 16:43:711074 INFO  fd total count:1 - EPollPoller.cc:34
2025/06/30 16:43:137483 DEBUG timeout! - EPollPoller.cc:62
2025/06/30 16:43:137549 INFO  fd total count:4 - EPollPoller.cc:34
2025/06/30 16:43:502893 DEBUG timeout! - EPollPoller.cc:62
2025/06/30 16:43:502955 INFO  fd total count:2 - EPollPoller.cc:34
2025/06/30 16:43:717925 DEBUG timeout! - EPollPoller.cc:62
2025/06/30 16:43:717960 INFO  fd total count:1 - EPollPoller.cc:34
2025/06/30 16:43:719022 DEBUG timeout! - EPollPoller.cc:62
2025/06/30 16:43:719077 INFO  fd total count:1 - EPollPoller.cc:34
2025/06/30 16:43:721146 DEBUG timeout! - EPollPoller.cc:62
2025/06/30 16:43:721195 INFO  fd total count:1 - EPollPoller.cc:34
2025/06/30 16:43:147588 DEBUG timeout! - EPollPoller.cc:62
2025/06/30 16:43:147625 INFO  fd total count:4 - EPollPoller.cc:34
2025/06/30 16:43:513075 DEBUG timeout! - EPollPoller.cc:62
2025/06/30 16:43:513140 INFO  fd total count:2 - EPollPoller.cc:34
2025/06/30 16:43:728002 DEBUG timeout! - EPollPoller.cc:62
2025/06/30 16:43:728038 INFO  fd total count:1 - EPollPoller.cc:34
2025/06/30 16:43:729108 DEBUG timeout! - EPollPoller.cc:62
2025/06/30 16:43:729134 INFO  fd total count:1 - EPollPoller.cc:34
2025/06/30 16:43:731320 DEBUG timeout! - EPollPoller.cc:62
2025/06/30 16:43:731372 INFO  fd total count:1 - EPollPoller.cc:34
2025/06/30 16:43:157691 DEBUG timeout! - EPollPoller.cc:62
2025/06/30 16:43:157729 INFO  fd total count:4 - EPollPoller.cc:34
2025/06/30 16:43:523224 DEBUG timeout! - EPollPoller.cc:62
2025/06/30 16:43:523288 INFO  fd total count:2 - EPollPoller.cc:34
2025/06/30 16:43:738120 DEBUG timeout! - EPollPoller.cc:62
2025/06/30 16:43:738177 INFO  fd total count:1 - EPollPoller.cc:34
2025/06/30 16:43:739185 DEBUG timeout! - EPollPoller.cc:62
2025/06/30 16:43:739243 INFO  fd total count:1 - EPollPoller.cc:34
2025/06/30 16:43:741441 DEBUG timeout! - EPollPoller.cc:62
2025/06/30 16:43:741462 INFO  fd total count:1 - EPollPoller.cc:34
2025/06/30 16:44:167842 DEBUG timeout! - EPollPoller.cc:62
2025/06/30 16:44:167907 INFO  fd total count:4 - EPollPoller.cc:34
2025/06/30 16:44:533362 DEBUG timeout! - EPollPoller.cc:62
2025/06/30 16:44:533397 INFO  fd total count:2 - EPollPoller.cc:34
2025/06/30 16:44:748225 DEBUG timeout! - EPollPoller.cc:62
2025/06/30 16:44:748255 INFO  fd total count:1 - EPollPoller.cc:34
2025/06/30 16:44:749282 DEBUG timeout! - EPollPoller.cc:62
2025/06/30 16:44:749306 INFO  fd total count:1 - EPollPoller.cc:34
2025/06/30 16:44:751581 DEBUG timeout! - EPollPoller.cc:62
2025/06/30 16:44:751631 INFO  fd total count:1 - EPollPoller.cc:34
2025/06/30 16:44:096053 INFO  events happend1 - EPollPoller.cc:51
2025/06/30 16:44:096113 INFO  channel handleEvent revents:1 - Channel.cc:96
2025/06/30 16:44:097194 INFO  fd total count:4 - EPollPoller.cc:34
2025/06/30 16:44:103381 INFO  events happend1 - EPollPoller.cc:51
2025/06/30 16:44:103400 INFO  channel handleEvent revents:1 - Channel.cc:96
2025/06/30 16:44:104131 INFO  fd total count:4 - EPollPoller.cc:34
2025/06/30 16:44:543436 DEBUG timeout! - EPollPoller.cc:62
2025/06/30 16:44:543477 INFO  fd total count:2 - EPollPoller.cc:34
2025/06/30 16:44:758309 DEBUG timeout! - EPollPoller.cc:62
2025/06/30 16:44:758372 INFO  fd total count:1 - EPollPoller.cc:34
2025/06/30 16:44:759336 DEBUG timeout! - EPollPoller.cc:62
2025/06/30 16:44:759372 INFO  fd total count:1 - EPollPoller.cc:34
2025/06/30 16:44:761696 DEBUG timeout! - EPollPoller.cc:62
2025/06/30 16:44:761715 INFO  fd total count:1 - EPollPoller.cc:34
2025/06/30 16:44:114237 DEBUG timeout! - EPollPoller.cc:62
2025/06/30 16:44:114300 INFO  fd total count:4 - EPollPoller.cc:34
2025/06/30 16:44:553544 DEBUG timeout! - EPollPoller.cc:62
2025/06/30 16:44:553608 INFO  fd total count:2 - EPollPoller.cc:34
2025/06/30 16:44:768462 DEBUG timeout! - EPollPoller.cc:62
2025/06/30 16:44:768519 INFO  fd total count:1 - EPollPoller.cc:34
2025/06/30 16:44:769424 DEBUG timeout! - EPollPoller.cc:62
2025/06/30 16:44:769485 INFO  fd total count:1 - EPollPoller.cc:34
2025/06/30 16:44:771790 DEBUG timeout! - EPollPoller.cc:62
2025/06/30 16:44:771811 INFO  fd total count:1 - EPollPoller.cc:34
2025/06/30 16:44:124399 DEBUG timeout! - EPollPoller.cc:62
2025/06/30 16:44:124467 INFO  fd total count:4 - EPollPoller.cc:34
2025/06/30 16:44:563653 DEBUG timeout! - EPollPoller.cc:62
2025/06/30 16:44:563686 INFO  fd total count:2 - EPollPoller.cc:34
2025/06/30 16:44:772662 DEBUG timeout! - EPollPoller.cc:62
2025/06/30 16:44:772696 INFO  fd total count:1 - EPollPoller.cc:34
2025/06/30 16:44:779531 DEBUG timeout! - EPollPoller.cc:62
2025/06/30 16:44:779556 INFO  fd total count:1 - EPollPoller.cc:34
2025/06/30 16:44:781920 DEBUG timeout! - EPollPoller.cc:62
2025/06/30 16:44:781972 INFO  fd total count:1 - EPollPoller.cc:34
2025/06/30 16:44:134505 DEBUG timeout! - EPollPoller.cc:62
2025/06/30 16:44:134540 INFO  fd total count:4 - EPollPoller.cc:34
2025/06/30 16:44:573739 DEBUG timeout! - EPollPoller.cc:62
2025/06/30 16:44:573805 INFO  fd total count:2 - EPollPoller.cc:34
2025/06/30 16:44:782809 DEBUG timeout! - EPollPoller.cc:62
2025/06/30 16:44:782871 INFO  fd total count:1 - EPollPoller.cc:34
2025/06/30 16:44:789606 DEBUG timeout! - EPollPoller.cc:62
2025/06/30 16:44:789666 INFO  fd total count:1 - EPollPoller.cc:34
2025/06/30 16:44:792044 DEBUG timeout! - EPollPoller.cc:62
2025/06/30 16:44:792065 INFO  fd total count:1 - EPollPoller.cc:34
2025/06/30 16:44:144598 DEBUG timeout! - EPollPoller.cc:62
2025/06/30 16:44:144632 INFO  fd total count:4 - EPollPoller.cc:34
2025/06/30 16:44:583923 DEBUG timeout! - EPollPoller.cc:62
2025/06/30 16:44:583991 INFO  fd total count:2 - EPollPoller.cc:34
2025/06/30 16:44:792968 DEBUG timeout! - EPollPoller.cc:62
2025/06/30 16:44:793002 INFO  fd total count:1 - EPollPoller.cc:34
2025/06/30 16:44:799715 DEBUG timeout! - EPollPoller.cc:62
2025/06/30 16:44:799743 INFO  fd total count:1 - EPollPoller.cc:34
2025/06/30 16:44:802137 DEBUG timeout! - EPollPoller.cc:62
2025/06/30 16:44:802157 INFO  fd total count:1 - EPollPoller.cc:34
2025/06/30 16:45:154691 DEBUG timeout! - EPollPoller.cc:62
2025/06/30 16:45:154727 INFO  fd total count:4 - EPollPoller.cc:34
2025/06/30 16:45:594068 DEBUG timeout! - EPollPoller.cc:62
2025/06/30 16:45:594108 INFO  fd total count:2 - EPollPoller.cc:34
2025/06/30 16:45:803068 DEBUG timeout! - EPollPoller.cc:62
2025/06/30 16:45:803104 INFO  fd total count:1 - EPollPoller.cc:34
2025/06/30 16:45:809796 DEBUG timeout! - EPollPoller.cc:62
2025/06/30 16:45:809851 INFO  fd total count:1 - EPollPoller.cc:34
2025/06/30 16:45:812208 DEBUG timeout! - EPollPoller.cc:62
2025/06/30 16:45:812229 INFO  fd total count:1 - EPollPoller.cc:34
2025/06/30 16:45:097368 INFO  events happend1 - EPollPoller.cc:51
2025/06/30 16:45:097411 INFO  channel handleEvent revents:1 - Channel.cc:96
2025/06/30 16:45:098272 INFO  fd total count:4 - EPollPoller.cc:34
2025/06/30 16:45:106048 INFO  events happend1 - EPollPoller.cc:51
2025/06/30 16:45:106085 INFO  channel handleEvent revents:1 - Channel.cc:96
2025/06/30 16:45:107745 INFO  fd total count:4 - EPollPoller.cc:34
2025/06/30 16:45:604162 DEBUG timeout! - EPollPoller.cc:62
2025/06/30 16:45:604194 INFO  fd total count:2 - EPollPoller.cc:34
2025/06/30 16:45:813236 DEBUG timeout! - EPollPoller.cc:62
2025/06/30 16:45:813298 INFO  fd total count:1 - EPollPoller.cc:34
2025/06/30 16:45:819883 DEBUG timeout! - EPollPoller.cc:62
2025/06/30 16:45:819915 INFO  fd total count:1 - EPollPoller.cc:34
2025/06/30 16:45:822345 DEBUG timeout! - EPollPoller.cc:62
2025/06/30 16:45:822395 INFO  fd total count:1 - EPollPoller.cc:34
2025/06/30 16:45:117874 DEBUG timeout! - EPollPoller.cc:62
2025/06/30 16:45:117936 INFO  fd total count:4 - EPollPoller.cc:34
2025/06/30 16:45:614244 DEBUG timeout! - EPollPoller.cc:62
2025/06/30 16:45:614273 INFO  fd total count:2 - EPollPoller.cc:34
2025/06/30 16:45:823394 DEBUG timeout! - EPollPoller.cc:62
2025/06/30 16:45:823428 INFO  fd total count:1 - EPollPoller.cc:34
2025/06/30 16:45:829951 DEBUG timeout! - EPollPoller.cc:62
2025/06/30 16:45:829986 INFO  fd total count:1 - EPollPoller.cc:34
2025/06/30 16:45:832481 DEBUG timeout! - EPollPoller.cc:62
2025/06/30 16:45:832502 INFO  fd total count:1 - EPollPoller.cc:34
2025/06/30 16:45:128010 DEBUG timeout! - EPollPoller.cc:62
2025/06/30 16:45:128072 INFO  fd total count:4 - EPollPoller.cc:34
2025/06/30 16:45:624314 DEBUG timeout! - EPollPoller.cc:62
2025/06/30 16:45:624351 INFO  fd total count:2 - EPollPoller.cc:34
2025/06/30 16:45:833580 DEBUG timeout! - EPollPoller.cc:62
2025/06/30 16:45:833648 INFO  fd total count:1 - EPollPoller.cc:34
2025/06/30 16:45:840042 DEBUG timeout! - EPollPoller.cc:62
2025/06/30 16:45:840105 INFO  fd total count:1 - EPollPoller.cc:34
2025/06/30 16:45:842607 DEBUG timeout! - EPollPoller.cc:62
2025/06/30 16:45:842661 INFO  fd total count:1 - EPollPoller.cc:34
2025/06/30 16:45:138118 DEBUG timeout! - EPollPoller.cc:62
2025/06/30 16:45:138158 INFO  fd total count:4 - EPollPoller.cc:34
2025/06/30 16:45:634417 DEBUG timeout! - EPollPoller.cc:62
2025/06/30 16:45:634478 INFO  fd total count:2 - EPollPoller.cc:34
2025/06/30 16:45:843725 DEBUG timeout! - EPollPoller.cc:62
2025/06/30 16:45:843759 INFO  fd total count:1 - EPollPoller.cc:34
2025/06/30 16:45:850171 DEBUG timeout! - EPollPoller.cc:62
2025/06/30 16:45:850229 INFO  fd total count:1 - EPollPoller.cc:34
2025/06/30 16:45:852756 DEBUG timeout! - EPollPoller.cc:62
2025/06/30 16:45:852784 INFO  fd total count:1 - EPollPoller.cc:34
2025/06/30 16:45:148252 DEBUG timeout! - EPollPoller.cc:62
2025/06/30 16:45:148296 INFO  fd total count:4 - EPollPoller.cc:34
2025/06/30 16:45:644564 DEBUG timeout! - EPollPoller.cc:62
2025/06/30 16:45:644632 INFO  fd total count:2 - EPollPoller.cc:34
2025/06/30 16:45:853829 DEBUG timeout! - EPollPoller.cc:62
2025/06/30 16:45:853861 INFO  fd total count:1 - EPollPoller.cc:34
2025/06/30 16:45:860309 DEBUG timeout! - EPollPoller.cc:62
2025/06/30 16:45:860335 INFO  fd total count:1 - EPollPoller.cc:34
2025/06/30 16:45:862905 DEBUG timeout! - EPollPoller.cc:62
2025/06/30 16:45:862958 INFO  fd total count:1 - EPollPoller.cc:34
2025/06/30 16:46:158357 DEBUG timeout! - EPollPoller.cc:62
2025/06/30 16:46:158416 INFO  fd total count:4 - EPollPoller.cc:34
2025/06/30 16:46:654678 DEBUG timeout! - EPollPoller.cc:62
2025/06/30 16:46:654708 INFO  fd total count:2 - EPollPoller.cc:34
2025/06/30 16:46:863920 DEBUG timeout! - EPollPoller.cc:62
2025/06/30 16:46:863959 INFO  fd total count:1 - EPollPoller.cc:34
2025/06/30 16:46:870461 DEBUG timeout! - EPollPoller.cc:62
2025/06/30 16:46:870513 INFO  fd total count:1 - EPollPoller.cc:34
2025/06/30 16:46:873036 DEBUG timeout! - EPollPoller.cc:62
2025/06/30 16:46:873057 INFO  fd total count:1 - EPollPoller.cc:34
2025/06/30 16:46:098921 INFO  events happend1 - EPollPoller.cc:51
2025/06/30 16:46:098952 INFO  channel handleEvent revents:1 - Channel.cc:96
2025/06/30 16:46:100186 INFO  fd total count:4 - EPollPoller.cc:34
2025/06/30 16:46:107048 INFO  events happend1 - EPollPoller.cc:51
2025/06/30 16:46:107063 INFO  channel handleEvent revents:1 - Channel.cc:96
2025/06/30 16:46:107945 INFO  fd total count:4 - EPollPoller.cc:34
2025/06/30 16:46:664820 DEBUG timeout! - EPollPoller.cc:62
2025/06/30 16:46:664882 INFO  fd total count:2 - EPollPoller.cc:34
2025/06/30 16:46:874040 DEBUG timeout! - EPollPoller.cc:62
2025/06/30 16:46:874102 INFO  fd total count:1 - EPollPoller.cc:34
2025/06/30 16:46:880607 DEBUG timeout! - EPollPoller.cc:62
2025/06/30 16:46:880669 INFO  fd total count:1 - EPollPoller.cc:34
2025/06/30 16:46:883125 DEBUG timeout! - EPollPoller.cc:62
2025/06/30 16:46:883145 INFO  fd total count:1 - EPollPoller.cc:34
2025/06/30 16:46:118024 DEBUG timeout! - EPollPoller.cc:62
2025/06/30 16:46:118089 INFO  fd total count:4 - EPollPoller.cc:34
2025/06/30 16:46:674930 DEBUG timeout! - EPollPoller.cc:62
2025/06/30 16:46:674966 INFO  fd total count:2 - EPollPoller.cc:34
2025/06/30 16:46:884175 DEBUG timeout! - EPollPoller.cc:62
2025/06/30 16:46:884212 INFO  fd total count:1 - EPollPoller.cc:34
2025/06/30 16:46:890820 DEBUG timeout! - EPollPoller.cc:62
2025/06/30 16:46:890875 INFO  fd total count:1 - EPollPoller.cc:34
2025/06/30 16:46:893236 DEBUG timeout! - EPollPoller.cc:62
2025/06/30 16:46:893287 INFO  fd total count:1 - EPollPoller.cc:34
2025/06/30 16:46:128206 DEBUG timeout! - EPollPoller.cc:62
2025/06/30 16:46:128277 INFO  fd total count:4 - EPollPoller.cc:34
2025/06/30 16:46:685013 DEBUG timeout! - EPollPoller.cc:62
2025/06/30 16:46:685045 INFO  fd total count:2 - EPollPoller.cc:34
2025/06/30 16:46:894334 DEBUG timeout! - EPollPoller.cc:62
2025/06/30 16:46:894396 INFO  fd total count:1 - EPollPoller.cc:34
2025/06/30 16:46:900952 DEBUG timeout! - EPollPoller.cc:62
2025/06/30 16:46:900985 INFO  fd total count:1 - EPollPoller.cc:34
2025/06/30 16:46:903412 DEBUG timeout! - EPollPoller.cc:62
2025/06/30 16:46:903465 INFO  fd total count:1 - EPollPoller.cc:34
2025/06/30 16:46:138377 DEBUG timeout! - EPollPoller.cc:62
2025/06/30 16:46:138441 INFO  fd total count:4 - EPollPoller.cc:34
2025/06/30 16:46:695142 DEBUG timeout! - EPollPoller.cc:62
2025/06/30 16:46:695205 INFO  fd total count:2 - EPollPoller.cc:34
2025/06/30 16:46:904441 DEBUG timeout! - EPollPoller.cc:62
2025/06/30 16:46:904477 INFO  fd total count:1 - EPollPoller.cc:34
2025/06/30 16:46:911057 DEBUG timeout! - EPollPoller.cc:62
2025/06/30 16:46:911085 INFO  fd total count:1 - EPollPoller.cc:34
2025/06/30 16:46:913600 DEBUG timeout! - EPollPoller.cc:62
2025/06/30 16:46:913651 INFO  fd total count:1 - EPollPoller.cc:34
2025/06/30 16:46:148507 DEBUG timeout! - EPollPoller.cc:62
2025/06/30 16:46:148547 INFO  fd total count:4 - EPollPoller.cc:34
2025/06/30 16:46:705298 DEBUG timeout! - EPollPoller.cc:62
2025/06/30 16:46:705360 INFO  fd total count:2 - EPollPoller.cc:34
2025/06/30 16:46:914582 DEBUG timeout! - EPollPoller.cc:62
2025/06/30 16:46:914643 INFO  fd total count:1 - EPollPoller.cc:34
2025/06/30 16:46:921152 DEBUG timeout! - EPollPoller.cc:62
2025/06/30 16:46:921210 INFO  fd total count:1 - EPollPoller.cc:34
2025/06/30 16:46:923815 DEBUG timeout! - EPollPoller.cc:62
2025/06/30 16:46:923867 INFO  fd total count:1 - EPollPoller.cc:34
2025/06/30 16:47:155814 DEBUG timeout! - EPollPoller.cc:62
2025/06/30 16:47:155845 INFO  fd total count:4 - EPollPoller.cc:34
2025/06/30 16:47:715458 DEBUG timeout! - EPollPoller.cc:62
2025/06/30 16:47:715510 INFO  fd total count:2 - EPollPoller.cc:34
2025/06/30 16:47:924709 DEBUG timeout! - EPollPoller.cc:62
2025/06/30 16:47:924741 INFO  fd total count:1 - EPollPoller.cc:34
2025/06/30 16:47:931341 DEBUG timeout! - EPollPoller.cc:62
2025/06/30 16:47:931396 INFO  fd total count:1 - EPollPoller.cc:34
2025/06/30 16:47:933926 DEBUG timeout! - EPollPoller.cc:62
2025/06/30 16:47:933949 INFO  fd total count:1 - EPollPoller.cc:34
2025/06/30 16:47:093458 INFO  events happend1 - EPollPoller.cc:51
2025/06/30 16:47:093521 INFO  channel handleEvent revents:1 - Channel.cc:96
2025/06/30 16:47:095250 INFO  fd total count:4 - EPollPoller.cc:34
2025/06/30 16:47:105476 INFO  events happend1 - EPollPoller.cc:51
2025/06/30 16:47:105498 INFO  channel handleEvent revents:1 - Channel.cc:96
2025/06/30 16:47:106388 INFO  fd total count:4 - EPollPoller.cc:34
2025/06/30 16:47:725596 DEBUG timeout! - EPollPoller.cc:62
2025/06/30 16:47:725651 INFO  fd total count:2 - EPollPoller.cc:34
2025/06/30 16:47:934801 DEBUG timeout! - EPollPoller.cc:62
2025/06/30 16:47:934832 INFO  fd total count:1 - EPollPoller.cc:34
2025/06/30 16:47:941444 DEBUG timeout! - EPollPoller.cc:62
2025/06/30 16:47:941468 INFO  fd total count:1 - EPollPoller.cc:34
2025/06/30 16:47:944072 DEBUG timeout! - EPollPoller.cc:62
2025/06/30 16:47:944123 INFO  fd total count:1 - EPollPoller.cc:34
2025/06/30 16:47:116495 DEBUG timeout! - EPollPoller.cc:62
2025/06/30 16:47:116529 INFO  fd total count:4 - EPollPoller.cc:34
2025/06/30 16:47:735774 DEBUG timeout! - EPollPoller.cc:62
2025/06/30 16:47:735867 INFO  fd total count:2 - EPollPoller.cc:34
2025/06/30 16:47:944901 DEBUG timeout! - EPollPoller.cc:62
2025/06/30 16:47:944937 INFO  fd total count:1 - EPollPoller.cc:34
2025/06/30 16:47:951579 DEBUG timeout! - EPollPoller.cc:62
2025/06/30 16:47:951639 INFO  fd total count:1 - EPollPoller.cc:34
2025/06/30 16:47:954230 DEBUG timeout! - EPollPoller.cc:62
2025/06/30 16:47:954253 INFO  fd total count:1 - EPollPoller.cc:34
2025/06/30 16:47:126598 DEBUG timeout! - EPollPoller.cc:62
2025/06/30 16:47:126664 INFO  fd total count:4 - EPollPoller.cc:34
2025/06/30 16:47:745924 DEBUG timeout! - EPollPoller.cc:62
2025/06/30 16:47:745962 INFO  fd total count:2 - EPollPoller.cc:34
2025/06/30 16:47:954999 DEBUG timeout! - EPollPoller.cc:62
2025/06/30 16:47:955032 INFO  fd total count:1 - EPollPoller.cc:34
2025/06/30 16:47:961703 DEBUG timeout! - EPollPoller.cc:62
2025/06/30 16:47:961762 INFO  fd total count:1 - EPollPoller.cc:34
2025/06/30 16:47:964396 DEBUG timeout! - EPollPoller.cc:62
2025/06/30 16:47:964445 INFO  fd total count:1 - EPollPoller.cc:34
2025/06/30 16:47:136716 DEBUG timeout! - EPollPoller.cc:62
2025/06/30 16:47:136757 INFO  fd total count:4 - EPollPoller.cc:34
2025/06/30 16:47:756094 DEBUG timeout! - EPollPoller.cc:62
2025/06/30 16:47:756158 INFO  fd total count:2 - EPollPoller.cc:34
2025/06/30 16:47:959911 DEBUG timeout! - EPollPoller.cc:62
2025/06/30 16:47:959978 INFO  fd total count:1 - EPollPoller.cc:34
2025/06/30 16:47:971828 DEBUG timeout! - EPollPoller.cc:62
2025/06/30 16:47:971894 INFO  fd total count:1 - EPollPoller.cc:34
2025/06/30 16:47:974488 DEBUG timeout! - EPollPoller.cc:62
2025/06/30 16:47:974512 INFO  fd total count:1 - EPollPoller.cc:34
2025/06/30 16:47:146805 DEBUG timeout! - EPollPoller.cc:62
2025/06/30 16:47:146841 INFO  fd total count:4 - EPollPoller.cc:34
2025/06/30 16:47:766213 DEBUG timeout! - EPollPoller.cc:62
2025/06/30 16:47:766246 INFO  fd total count:2 - EPollPoller.cc:34
2025/06/30 16:47:967826 DEBUG timeout! - EPollPoller.cc:62
2025/06/30 16:47:967892 INFO  fd total count:1 - EPollPoller.cc:34
2025/06/30 16:47:981957 DEBUG timeout! - EPollPoller.cc:62
2025/06/30 16:47:981991 INFO  fd total count:1 - EPollPoller.cc:34
2025/06/30 16:47:984576 DEBUG timeout! - EPollPoller.cc:62
2025/06/30 16:47:984596 INFO  fd total count:1 - EPollPoller.cc:34
2025/06/30 16:48:156910 DEBUG timeout! - EPollPoller.cc:62
2025/06/30 16:48:156948 INFO  fd total count:4 - EPollPoller.cc:34
2025/06/30 16:48:776361 DEBUG timeout! - EPollPoller.cc:62
2025/06/30 16:48:776424 INFO  fd total count:2 - EPollPoller.cc:34
2025/06/30 16:48:970303 DEBUG timeout! - EPollPoller.cc:62
2025/06/30 16:48:970338 INFO  fd total count:1 - EPollPoller.cc:34
2025/06/30 16:48:992047 DEBUG timeout! - EPollPoller.cc:62
2025/06/30 16:48:992095 INFO  fd total count:1 - EPollPoller.cc:34
2025/06/30 16:48:994646 DEBUG timeout! - EPollPoller.cc:62
2025/06/30 16:48:994697 INFO  fd total count:1 - EPollPoller.cc:34
2025/06/30 16:48:106002 INFO  events happend1 - EPollPoller.cc:51
2025/06/30 16:48:106038 INFO  channel handleEvent revents:1 - Channel.cc:96
2025/06/30 16:48:106799 INFO  fd total count:4 - EPollPoller.cc:34
2025/06/30 16:48:115598 INFO  events happend1 - EPollPoller.cc:51
2025/06/30 16:48:115609 INFO  channel handleEvent revents:1 - Channel.cc:96
2025/06/30 16:48:116222 INFO  fd total count:4 - EPollPoller.cc:34
2025/06/30 16:48:786525 DEBUG timeout! - EPollPoller.cc:62
2025/06/30 16:48:786582 INFO  fd total count:2 - EPollPoller.cc:34
2025/06/30 16:48:980468 DEBUG timeout! - EPollPoller.cc:62
2025/06/30 16:48:980531 INFO  fd total count:1 - EPollPoller.cc:34
2025/06/30 16:48:002154 DEBUG timeout! - EPollPoller.cc:62
2025/06/30 16:48:002215 INFO  fd total count:1 - EPollPoller.cc:34
2025/06/30 16:48:004783 DEBUG timeout! - EPollPoller.cc:62
2025/06/30 16:48:004805 INFO  fd total count:1 - EPollPoller.cc:34
2025/06/30 16:48:123800 DEBUG timeout! - EPollPoller.cc:62
2025/06/30 16:48:123834 INFO  fd total count:4 - EPollPoller.cc:34
2025/06/30 16:48:796667 DEBUG timeout! - EPollPoller.cc:62
2025/06/30 16:48:796727 INFO  fd total count:2 - EPollPoller.cc:34
2025/06/30 16:48:990584 DEBUG timeout! - EPollPoller.cc:62
2025/06/30 16:48:990622 INFO  fd total count:1 - EPollPoller.cc:34
2025/06/30 16:48:012289 DEBUG timeout! - EPollPoller.cc:62
2025/06/30 16:48:012346 INFO  fd total count:1 - EPollPoller.cc:34
2025/06/30 16:48:014861 DEBUG timeout! - EPollPoller.cc:62
2025/06/30 16:48:014917 INFO  fd total count:1 - EPollPoller.cc:34
2025/06/30 16:48:133906 DEBUG timeout! - EPollPoller.cc:62
2025/06/30 16:48:133969 INFO  fd total count:4 - EPollPoller.cc:34
2025/06/30 16:48:806795 DEBUG timeout! - EPollPoller.cc:62
2025/06/30 16:48:806859 INFO  fd total count:2 - EPollPoller.cc:34
2025/06/30 16:48:000694 DEBUG timeout! - EPollPoller.cc:62
2025/06/30 16:48:000730 INFO  fd total count:1 - EPollPoller.cc:34
2025/06/30 16:48:014486 DEBUG timeout! - EPollPoller.cc:62
2025/06/30 16:48:014513 INFO  fd total count:1 - EPollPoller.cc:34
2025/06/30 16:48:025001 DEBUG timeout! - EPollPoller.cc:62
2025/06/30 16:48:025023 INFO  fd total count:1 - EPollPoller.cc:34
2025/06/30 16:48:144102 DEBUG timeout! - EPollPoller.cc:62
2025/06/30 16:48:144169 INFO  fd total count:4 - EPollPoller.cc:34
2025/06/30 16:48:816900 DEBUG timeout! - EPollPoller.cc:62
2025/06/30 16:48:816933 INFO  fd total count:2 - EPollPoller.cc:34
2025/06/30 16:48:010822 DEBUG timeout! - EPollPoller.cc:62
2025/06/30 16:48:010886 INFO  fd total count:1 - EPollPoller.cc:34
2025/06/30 16:48:024582 DEBUG timeout! - EPollPoller.cc:62
2025/06/30 16:48:024634 INFO  fd total count:1 - EPollPoller.cc:34
2025/06/30 16:48:035082 DEBUG timeout! - EPollPoller.cc:62
2025/06/30 16:48:035110 INFO  fd total count:1 - EPollPoller.cc:34
2025/06/30 16:48:154220 DEBUG timeout! - EPollPoller.cc:62
2025/06/30 16:48:154254 INFO  fd total count:4 - EPollPoller.cc:34
2025/06/30 16:48:826990 DEBUG timeout! - EPollPoller.cc:62
2025/06/30 16:48:827027 INFO  fd total count:2 - EPollPoller.cc:34
2025/06/30 16:48:020967 DEBUG timeout! - EPollPoller.cc:62
2025/06/30 16:48:021004 INFO  fd total count:1 - EPollPoller.cc:34
2025/06/30 16:48:034679 DEBUG timeout! - EPollPoller.cc:62
2025/06/30 16:48:034705 INFO  fd total count:1 - EPollPoller.cc:34
2025/06/30 16:48:045159 DEBUG timeout! - EPollPoller.cc:62
2025/06/30 16:48:045179 INFO  fd total count:1 - EPollPoller.cc:34
2025/06/30 16:49:164361 DEBUG timeout! - EPollPoller.cc:62
2025/06/30 16:49:164427 INFO  fd total count:4 - EPollPoller.cc:34
2025/06/30 16:49:837094 DEBUG timeout! - EPollPoller.cc:62
2025/06/30 16:49:837129 INFO  fd total count:2 - EPollPoller.cc:34
2025/06/30 16:49:578873 INFO  events happend1 - EPollPoller.cc:51
2025/06/30 16:49:578910 INFO  channel handleEvent revents:1 - Channel.cc:96
2025/06/30 16:49:579709 INFO  fd total count:4 - EPollPoller.cc:34
2025/06/30 16:49:592737 INFO  events happend1 - EPollPoller.cc:51
2025/06/30 16:49:592748 INFO  channel handleEvent revents:1 - Channel.cc:96
2025/06/30 16:49:593285 INFO  fd total count:4 - EPollPoller.cc:34
2025/06/30 16:49:031069 DEBUG timeout! - EPollPoller.cc:62
2025/06/30 16:49:031129 INFO  fd total count:1 - EPollPoller.cc:34
2025/06/30 16:49:044759 DEBUG timeout! - EPollPoller.cc:62
2025/06/30 16:49:044814 INFO  fd total count:1 - EPollPoller.cc:34
2025/06/30 16:49:055246 DEBUG timeout! - EPollPoller.cc:62
2025/06/30 16:49:055269 INFO  fd total count:1 - EPollPoller.cc:34
2025/06/30 16:49:231567 INFO  events happend1 - EPollPoller.cc:51
2025/06/30 16:49:231633 INFO  channel handleEvent revents:1 - Channel.cc:96
2025/06/30 16:49:232014 INFO  fd total count:4 - EPollPoller.cc:34
2025/06/30 16:49:270740 INFO  events happend1 - EPollPoller.cc:51
2025/06/30 16:49:270757 INFO  channel handleEvent revents:1 - Channel.cc:96
2025/06/30 16:49:271501 INFO  fd total count:4 - EPollPoller.cc:34
2025/06/30 16:49:282276 INFO  events happend1 - EPollPoller.cc:51
2025/06/30 16:49:282282 INFO  channel handleEvent revents:1 - Channel.cc:96
2025/06/30 16:49:282827 INFO  fd total count:4 - EPollPoller.cc:34
2025/06/30 16:49:563834 INFO  events happend1 - EPollPoller.cc:51
2025/06/30 16:49:563902 INFO  channel handleEvent revents:1 - Channel.cc:96
2025/06/30 16:49:563957 INFO  使用一致性哈希选择线程，索引=3 - EventLoopThreadPool.cc:114
2025/06/30 16:49:563974 INFO  TcpServer::newConnection [LlamaHttpServer]- new connection [LlamaHttpServer-0.0.0.0:8081#4]from %s127.0.0.1:47988 - TcpServer.cc:96
2025/06/30 16:49:564021 INFO  TcpConnection::ctor:[LlamaHttpServer-0.0.0.0:8081#4]at fd=19 - TcpConnection.cc:52
2025/06/30 16:49:564125 INFO  fd total count:2 - EPollPoller.cc:34
2025/06/30 16:49:564186 INFO  events happend1 - EPollPoller.cc:51
2025/06/30 16:49:564237 INFO  channel handleEvent revents:1 - Channel.cc:96
2025/06/30 16:49:564266 INFO  func =>fd19events=3index=-1 - EPollPoller.cc:91
2025/06/30 16:49:564314 INFO  New HTTP connection from: 127.0.0.1:47988 - HttpServer.cc:65
2025/06/30 16:49:564336 INFO  fd total count:5 - EPollPoller.cc:34
2025/06/30 16:49:205762 INFO  events happend1 - EPollPoller.cc:51
2025/06/30 16:49:205828 INFO  channel handleEvent revents:1 - Channel.cc:96
2025/06/30 16:49:206223 INFO  fd total count:5 - EPollPoller.cc:34
2025/06/30 16:49:228391 INFO  events happend1 - EPollPoller.cc:51
2025/06/30 16:49:228414 INFO  channel handleEvent revents:1 - Channel.cc:96
2025/06/30 16:49:229445 INFO  fd total count:5 - EPollPoller.cc:34
2025/06/30 16:49:237309 INFO  events happend1 - EPollPoller.cc:51
2025/06/30 16:49:237327 INFO  channel handleEvent revents:1 - Channel.cc:96
2025/06/30 16:49:238072 INFO  fd total count:5 - EPollPoller.cc:34
2025/06/30 16:49:838509 INFO  events happend1 - EPollPoller.cc:51
2025/06/30 16:49:838558 INFO  channel handleEvent revents:1 - Channel.cc:96
2025/06/30 16:49:838878 INFO  fd total count:5 - EPollPoller.cc:34
2025/06/30 16:49:859303 INFO  events happend1 - EPollPoller.cc:51
2025/06/30 16:49:859323 INFO  channel handleEvent revents:1 - Channel.cc:96
2025/06/30 16:49:860843 INFO  fd total count:5 - EPollPoller.cc:34
2025/06/30 16:49:872208 INFO  events happend1 - EPollPoller.cc:51
2025/06/30 16:49:872223 INFO  channel handleEvent revents:1 - Channel.cc:96
2025/06/30 16:49:873454 INFO  fd total count:5 - EPollPoller.cc:34
2025/06/30 16:49:041216 DEBUG timeout! - EPollPoller.cc:62
2025/06/30 16:49:041275 INFO  fd total count:1 - EPollPoller.cc:34
2025/06/30 16:49:054878 DEBUG timeout! - EPollPoller.cc:62
2025/06/30 16:49:054907 INFO  fd total count:1 - EPollPoller.cc:34
2025/06/30 16:49:065344 DEBUG timeout! - EPollPoller.cc:62
2025/06/30 16:49:065366 INFO  fd total count:1 - EPollPoller.cc:34
2025/06/30 16:49:165394 INFO  events happend1 - EPollPoller.cc:51
2025/06/30 16:49:165427 INFO  channel handleEvent revents:1 - Channel.cc:96
2025/06/30 16:49:165713 INFO  fd total count:5 - EPollPoller.cc:34
2025/06/30 16:49:189090 INFO  events happend1 - EPollPoller.cc:51
2025/06/30 16:49:189113 INFO  channel handleEvent revents:1 - Channel.cc:96
2025/06/30 16:49:190537 INFO  fd total count:5 - EPollPoller.cc:34
2025/06/30 16:49:198660 INFO  events happend1 - EPollPoller.cc:51
2025/06/30 16:49:198676 INFO  channel handleEvent revents:1 - Channel.cc:96
2025/06/30 16:49:199951 INFO  fd total count:5 - EPollPoller.cc:34
2025/06/30 16:49:419825 INFO  events happend1 - EPollPoller.cc:51
2025/06/30 16:49:419858 INFO  channel handleEvent revents:1 - Channel.cc:96
2025/06/30 16:49:420129 INFO  fd total count:5 - EPollPoller.cc:34
2025/06/30 16:49:440499 INFO  events happend1 - EPollPoller.cc:51
2025/06/30 16:49:440517 INFO  channel handleEvent revents:1 - Channel.cc:96
2025/06/30 16:49:441910 INFO  fd total count:5 - EPollPoller.cc:34
2025/06/30 16:49:448709 INFO  events happend1 - EPollPoller.cc:51
2025/06/30 16:49:448724 INFO  channel handleEvent revents:1 - Channel.cc:96
2025/06/30 16:49:449929 INFO  fd total count:5 - EPollPoller.cc:34
2025/06/30 16:49:924855 INFO  events happend1 - EPollPoller.cc:51
2025/06/30 16:49:924892 INFO  channel handleEvent revents:1 - Channel.cc:96
2025/06/30 16:49:925195 INFO  fd total count:5 - EPollPoller.cc:34
2025/06/30 16:49:948648 INFO  events happend1 - EPollPoller.cc:51
2025/06/30 16:49:948670 INFO  channel handleEvent revents:1 - Channel.cc:96
2025/06/30 16:49:949853 INFO  fd total count:5 - EPollPoller.cc:34
2025/06/30 16:49:955799 INFO  events happend1 - EPollPoller.cc:51
2025/06/30 16:49:955819 INFO  channel handleEvent revents:1 - Channel.cc:96
2025/06/30 16:49:956561 INFO  fd total count:5 - EPollPoller.cc:34
2025/06/30 16:49:574247 DEBUG timeout! - EPollPoller.cc:62
2025/06/30 16:49:574311 INFO  fd total count:2 - EPollPoller.cc:34
2025/06/30 16:49:792317 INFO  events happend1 - EPollPoller.cc:51
2025/06/30 16:49:792369 INFO  channel handleEvent revents:1 - Channel.cc:96
2025/06/30 16:49:792704 INFO  fd total count:5 - EPollPoller.cc:34
2025/06/30 16:49:813542 INFO  events happend1 - EPollPoller.cc:51
2025/06/30 16:49:813568 INFO  channel handleEvent revents:1 - Channel.cc:96
2025/06/30 16:49:814531 INFO  fd total count:5 - EPollPoller.cc:34
2025/06/30 16:49:820428 INFO  events happend1 - EPollPoller.cc:51
2025/06/30 16:49:820451 INFO  channel handleEvent revents:1 - Channel.cc:96
2025/06/30 16:49:821203 INFO  fd total count:5 - EPollPoller.cc:34
2025/06/30 16:49:051356 DEBUG timeout! - EPollPoller.cc:62
2025/06/30 16:49:051420 INFO  fd total count:1 - EPollPoller.cc:34
2025/06/30 16:49:064951 DEBUG timeout! - EPollPoller.cc:62
2025/06/30 16:49:064983 INFO  fd total count:1 - EPollPoller.cc:34
2025/06/30 16:49:075428 DEBUG timeout! - EPollPoller.cc:62
2025/06/30 16:49:075473 INFO  fd total count:1 - EPollPoller.cc:34
2025/06/30 16:49:584359 DEBUG timeout! - EPollPoller.cc:62
2025/06/30 16:49:584395 INFO  fd total count:2 - EPollPoller.cc:34
2025/06/30 16:49:831248 DEBUG timeout! - EPollPoller.cc:62
2025/06/30 16:49:831282 INFO  fd total count:5 - EPollPoller.cc:34
2025/06/30 16:49:090740 INFO  events happend1 - EPollPoller.cc:51
2025/06/30 16:49:090803 INFO  channel handleEvent revents:1 - Channel.cc:96
2025/06/30 16:49:092600 INFO  fd total count:5 - EPollPoller.cc:34
2025/06/30 16:49:100719 INFO  events happend1 - EPollPoller.cc:51
2025/06/30 16:49:100744 INFO  channel handleEvent revents:1 - Channel.cc:96
2025/06/30 16:49:102222 INFO  fd total count:5 - EPollPoller.cc:34
2025/06/30 16:49:061505 DEBUG timeout! - EPollPoller.cc:62
2025/06/30 16:49:061541 INFO  fd total count:1 - EPollPoller.cc:34
2025/06/30 16:49:075057 DEBUG timeout! - EPollPoller.cc:62
2025/06/30 16:49:075116 INFO  fd total count:1 - EPollPoller.cc:34
2025/06/30 16:49:085604 DEBUG timeout! - EPollPoller.cc:62
2025/06/30 16:49:085655 INFO  fd total count:1 - EPollPoller.cc:34
2025/06/30 16:49:594470 DEBUG timeout! - EPollPoller.cc:62
2025/06/30 16:49:594505 INFO  fd total count:2 - EPollPoller.cc:34
2025/06/30 16:49:087180 INFO  events happend1 - EPollPoller.cc:51
2025/06/30 16:49:087216 INFO  channel handleEvent revents:1 - Channel.cc:96
2025/06/30 16:49:088559 INFO  fd total count:5 - EPollPoller.cc:34
2025/06/30 16:49:097358 INFO  events happend1 - EPollPoller.cc:51
2025/06/30 16:49:097363 INFO  channel handleEvent revents:1 - Channel.cc:96
2025/06/30 16:49:098220 INFO  fd total count:5 - EPollPoller.cc:34
2025/06/30 16:49:071592 DEBUG timeout! - EPollPoller.cc:62
2025/06/30 16:49:071626 INFO  fd total count:1 - EPollPoller.cc:34
2025/06/30 16:49:085164 DEBUG timeout! - EPollPoller.cc:62
2025/06/30 16:49:085200 INFO  fd total count:1 - EPollPoller.cc:34
2025/06/30 16:49:095719 DEBUG timeout! - EPollPoller.cc:62
2025/06/30 16:49:095773 INFO  fd total count:1 - EPollPoller.cc:34
2025/06/30 16:49:604643 DEBUG timeout! - EPollPoller.cc:62
2025/06/30 16:49:604707 INFO  fd total count:2 - EPollPoller.cc:34
2025/06/30 16:49:094640 INFO  events happend1 - EPollPoller.cc:51
2025/06/30 16:49:094675 INFO  channel handleEvent revents:1 - Channel.cc:96
2025/06/30 16:49:095751 INFO  fd total count:5 - EPollPoller.cc:34
2025/06/30 16:49:102683 INFO  events happend1 - EPollPoller.cc:51
2025/06/30 16:49:102703 INFO  channel handleEvent revents:1 - Channel.cc:96
2025/06/30 16:49:103210 INFO  fd total count:5 - EPollPoller.cc:34
2025/06/30 16:49:081768 DEBUG timeout! - EPollPoller.cc:62
2025/06/30 16:49:081836 INFO  fd total count:1 - EPollPoller.cc:34
2025/06/30 16:49:095232 DEBUG timeout! - EPollPoller.cc:62
2025/06/30 16:49:095270 INFO  fd total count:1 - EPollPoller.cc:34
2025/06/30 16:49:105911 DEBUG timeout! - EPollPoller.cc:62
2025/06/30 16:49:105934 INFO  fd total count:1 - EPollPoller.cc:34
2025/06/30 16:50:614779 DEBUG timeout! - EPollPoller.cc:62
2025/06/30 16:50:614851 INFO  fd total count:2 - EPollPoller.cc:34
2025/06/30 16:50:093814 INFO  events happend1 - EPollPoller.cc:51
2025/06/30 16:50:093878 INFO  channel handleEvent revents:1 - Channel.cc:96
2025/06/30 16:50:095567 INFO  fd total count:5 - EPollPoller.cc:34
2025/06/30 16:50:102768 INFO  events happend1 - EPollPoller.cc:51
2025/06/30 16:50:102782 INFO  channel handleEvent revents:1 - Channel.cc:96
2025/06/30 16:50:104146 INFO  fd total count:5 - EPollPoller.cc:34
2025/06/30 16:50:091897 DEBUG timeout! - EPollPoller.cc:62
2025/06/30 16:50:091934 INFO  fd total count:1 - EPollPoller.cc:34
2025/06/30 16:50:105338 DEBUG timeout! - EPollPoller.cc:62
2025/06/30 16:50:105394 INFO  fd total count:1 - EPollPoller.cc:34
2025/06/30 16:50:115990 DEBUG timeout! - EPollPoller.cc:62
2025/06/30 16:50:116043 INFO  fd total count:1 - EPollPoller.cc:34
2025/06/30 16:50:624937 DEBUG timeout! - EPollPoller.cc:62
2025/06/30 16:50:625000 INFO  fd total count:2 - EPollPoller.cc:34
2025/06/30 16:50:096952 INFO  events happend1 - EPollPoller.cc:51
2025/06/30 16:50:097013 INFO  channel handleEvent revents:1 - Channel.cc:96
2025/06/30 16:50:098742 INFO  fd total count:5 - EPollPoller.cc:34
2025/06/30 16:50:110858 INFO  events happend1 - EPollPoller.cc:51
2025/06/30 16:50:110880 INFO  channel handleEvent revents:1 - Channel.cc:96
2025/06/30 16:50:112209 INFO  fd total count:5 - EPollPoller.cc:34
2025/06/30 16:50:102009 DEBUG timeout! - EPollPoller.cc:62
2025/06/30 16:50:102075 INFO  fd total count:1 - EPollPoller.cc:34
2025/06/30 16:50:115498 DEBUG timeout! - EPollPoller.cc:62
2025/06/30 16:50:115562 INFO  fd total count:1 - EPollPoller.cc:34
2025/06/30 16:50:126116 DEBUG timeout! - EPollPoller.cc:62
2025/06/30 16:50:126166 INFO  fd total count:1 - EPollPoller.cc:34
2025/06/30 16:50:635080 DEBUG timeout! - EPollPoller.cc:62
2025/06/30 16:50:635145 INFO  fd total count:2 - EPollPoller.cc:34
2025/06/30 16:50:092734 INFO  events happend1 - EPollPoller.cc:51
2025/06/30 16:50:092764 INFO  channel handleEvent revents:1 - Channel.cc:96
2025/06/30 16:50:093535 INFO  fd total count:5 - EPollPoller.cc:34
2025/06/30 16:50:099547 INFO  events happend1 - EPollPoller.cc:51
2025/06/30 16:50:099555 INFO  channel handleEvent revents:1 - Channel.cc:96
2025/06/30 16:50:100083 INFO  fd total count:5 - EPollPoller.cc:34
2025/06/30 16:50:112188 DEBUG timeout! - EPollPoller.cc:62
2025/06/30 16:50:112249 INFO  fd total count:1 - EPollPoller.cc:34
2025/06/30 16:50:125600 DEBUG timeout! - EPollPoller.cc:62
2025/06/30 16:50:125633 INFO  fd total count:1 - EPollPoller.cc:34
2025/06/30 16:50:136232 DEBUG timeout! - EPollPoller.cc:62
2025/06/30 16:50:136281 INFO  fd total count:1 - EPollPoller.cc:34
2025/06/30 16:50:645229 DEBUG timeout! - EPollPoller.cc:62
2025/06/30 16:50:645289 INFO  fd total count:2 - EPollPoller.cc:34
2025/06/30 16:50:095393 INFO  events happend1 - EPollPoller.cc:51
2025/06/30 16:50:095430 INFO  channel handleEvent revents:1 - Channel.cc:96
2025/06/30 16:50:096239 INFO  fd total count:5 - EPollPoller.cc:34
2025/06/30 16:50:113082 INFO  events happend1 - EPollPoller.cc:51
2025/06/30 16:50:113091 INFO  channel handleEvent revents:1 - Channel.cc:96
2025/06/30 16:50:113634 INFO  fd total count:5 - EPollPoller.cc:34
2025/06/30 16:50:122321 DEBUG timeout! - EPollPoller.cc:62
2025/06/30 16:50:122386 INFO  fd total count:1 - EPollPoller.cc:34
2025/06/30 16:50:135680 DEBUG timeout! - EPollPoller.cc:62
2025/06/30 16:50:135741 INFO  fd total count:1 - EPollPoller.cc:34
2025/06/30 16:50:146346 DEBUG timeout! - EPollPoller.cc:62
2025/06/30 16:50:146371 INFO  fd total count:1 - EPollPoller.cc:34
2025/06/30 16:50:655398 DEBUG timeout! - EPollPoller.cc:62
2025/06/30 16:50:655467 INFO  fd total count:2 - EPollPoller.cc:34
2025/06/30 16:50:123702 DEBUG timeout! - EPollPoller.cc:62
2025/06/30 16:50:123736 INFO  fd total count:5 - EPollPoller.cc:34
2025/06/30 16:50:132465 DEBUG timeout! - EPollPoller.cc:62
2025/06/30 16:50:132504 INFO  fd total count:1 - EPollPoller.cc:34
2025/06/30 16:50:145780 DEBUG timeout! - EPollPoller.cc:62
2025/06/30 16:50:145816 INFO  fd total count:1 - EPollPoller.cc:34
2025/06/30 16:50:156399 DEBUG timeout! - EPollPoller.cc:62
2025/06/30 16:50:156424 INFO  fd total count:1 - EPollPoller.cc:34
2025/06/30 16:50:665533 DEBUG timeout! - EPollPoller.cc:62
2025/06/30 16:50:665571 INFO  fd total count:2 - EPollPoller.cc:34
2025/06/30 16:50:133799 DEBUG timeout! - EPollPoller.cc:62
2025/06/30 16:50:133833 INFO  fd total count:5 - EPollPoller.cc:34
2025/06/30 16:50:142541 DEBUG timeout! - EPollPoller.cc:62
2025/06/30 16:50:142578 INFO  fd total count:1 - EPollPoller.cc:34
2025/06/30 16:50:155849 DEBUG timeout! - EPollPoller.cc:62
2025/06/30 16:50:155875 INFO  fd total count:1 - EPollPoller.cc:34
2025/06/30 16:50:166487 DEBUG timeout! - EPollPoller.cc:62
2025/06/30 16:50:166509 INFO  fd total count:1 - EPollPoller.cc:34
2025/06/30 16:51:675640 DEBUG timeout! - EPollPoller.cc:62
2025/06/30 16:51:675702 INFO  fd total count:2 - EPollPoller.cc:34
2025/06/30 16:51:143958 DEBUG timeout! - EPollPoller.cc:62
2025/06/30 16:51:144022 INFO  fd total count:5 - EPollPoller.cc:34
2025/06/30 16:51:152654 DEBUG timeout! - EPollPoller.cc:62
2025/06/30 16:51:152689 INFO  fd total count:1 - EPollPoller.cc:34
2025/06/30 16:51:165895 DEBUG timeout! - EPollPoller.cc:62
2025/06/30 16:51:165919 INFO  fd total count:1 - EPollPoller.cc:34
2025/06/30 16:51:176567 DEBUG timeout! - EPollPoller.cc:62
2025/06/30 16:51:176593 INFO  fd total count:1 - EPollPoller.cc:34
2025/06/30 16:51:685777 DEBUG timeout! - EPollPoller.cc:62
2025/06/30 16:51:685813 INFO  fd total count:2 - EPollPoller.cc:34
2025/06/30 16:51:097186 INFO  events happend1 - EPollPoller.cc:51
2025/06/30 16:51:097218 INFO  channel handleEvent revents:1 - Channel.cc:96
2025/06/30 16:51:097965 INFO  fd total count:5 - EPollPoller.cc:34
2025/06/30 16:51:108464 INFO  events happend1 - EPollPoller.cc:51
2025/06/30 16:51:108472 INFO  channel handleEvent revents:1 - Channel.cc:96
2025/06/30 16:51:108968 INFO  fd total count:5 - EPollPoller.cc:34
2025/06/30 16:51:162767 DEBUG timeout! - EPollPoller.cc:62
2025/06/30 16:51:162807 INFO  fd total count:1 - EPollPoller.cc:34
2025/06/30 16:51:175997 DEBUG timeout! - EPollPoller.cc:62
2025/06/30 16:51:176050 INFO  fd total count:1 - EPollPoller.cc:34
2025/06/30 16:51:186721 DEBUG timeout! - EPollPoller.cc:62
2025/06/30 16:51:186769 INFO  fd total count:1 - EPollPoller.cc:34
2025/06/30 16:51:695865 DEBUG timeout! - EPollPoller.cc:62
2025/06/30 16:51:695901 INFO  fd total count:2 - EPollPoller.cc:34
2025/06/30 16:51:119037 DEBUG timeout! - EPollPoller.cc:62
2025/06/30 16:51:119095 INFO  fd total count:5 - EPollPoller.cc:34
2025/06/30 16:51:172921 DEBUG timeout! - EPollPoller.cc:62
2025/06/30 16:51:172986 INFO  fd total count:1 - EPollPoller.cc:34
2025/06/30 16:51:186116 DEBUG timeout! - EPollPoller.cc:62
2025/06/30 16:51:186151 INFO  fd total count:1 - EPollPoller.cc:34
2025/06/30 16:51:196883 DEBUG timeout! - EPollPoller.cc:62
2025/06/30 16:51:196935 INFO  fd total count:1 - EPollPoller.cc:34
2025/06/30 16:51:706017 DEBUG timeout! - EPollPoller.cc:62
2025/06/30 16:51:706079 INFO  fd total count:2 - EPollPoller.cc:34
2025/06/30 16:51:129180 DEBUG timeout! - EPollPoller.cc:62
2025/06/30 16:51:129218 INFO  fd total count:5 - EPollPoller.cc:34
2025/06/30 16:51:183063 DEBUG timeout! - EPollPoller.cc:62
2025/06/30 16:51:183098 INFO  fd total count:1 - EPollPoller.cc:34
2025/06/30 16:51:196210 DEBUG timeout! - EPollPoller.cc:62
2025/06/30 16:51:196235 INFO  fd total count:1 - EPollPoller.cc:34
2025/06/30 16:51:207018 DEBUG timeout! - EPollPoller.cc:62
2025/06/30 16:51:207064 INFO  fd total count:1 - EPollPoller.cc:34
2025/06/30 16:51:716150 DEBUG timeout! - EPollPoller.cc:62
2025/06/30 16:51:716184 INFO  fd total count:2 - EPollPoller.cc:34
2025/06/30 16:51:139258 DEBUG timeout! - EPollPoller.cc:62
2025/06/30 16:51:139289 INFO  fd total count:5 - EPollPoller.cc:34
2025/06/30 16:51:193184 DEBUG timeout! - EPollPoller.cc:62
2025/06/30 16:51:193248 INFO  fd total count:1 - EPollPoller.cc:34
2025/06/30 16:51:206318 DEBUG timeout! - EPollPoller.cc:62
2025/06/30 16:51:206379 INFO  fd total count:1 - EPollPoller.cc:34
2025/06/30 16:51:217134 DEBUG timeout! - EPollPoller.cc:62
2025/06/30 16:51:217154 INFO  fd total count:1 - EPollPoller.cc:34
2025/06/30 16:51:726299 DEBUG timeout! - EPollPoller.cc:62
2025/06/30 16:51:726363 INFO  fd total count:2 - EPollPoller.cc:34
2025/06/30 16:51:149358 DEBUG timeout! - EPollPoller.cc:62
2025/06/30 16:51:149394 INFO  fd total count:5 - EPollPoller.cc:34
2025/06/30 16:51:203402 DEBUG timeout! - EPollPoller.cc:62
2025/06/30 16:51:203474 INFO  fd total count:1 - EPollPoller.cc:34
2025/06/30 16:51:216420 DEBUG timeout! - EPollPoller.cc:62
2025/06/30 16:51:216461 INFO  fd total count:1 - EPollPoller.cc:34
2025/06/30 16:51:227289 DEBUG timeout! - EPollPoller.cc:62
2025/06/30 16:51:227344 INFO  fd total count:1 - EPollPoller.cc:34
2025/06/30 16:52:736459 DEBUG timeout! - EPollPoller.cc:62
2025/06/30 16:52:736522 INFO  fd total count:2 - EPollPoller.cc:34
2025/06/30 16:52:159496 DEBUG timeout! - EPollPoller.cc:62
2025/06/30 16:52:159551 INFO  fd total count:5 - EPollPoller.cc:34
2025/06/30 16:52:213551 DEBUG timeout! - EPollPoller.cc:62
2025/06/30 16:52:213615 INFO  fd total count:1 - EPollPoller.cc:34
2025/06/30 16:52:226499 DEBUG timeout! - EPollPoller.cc:62
2025/06/30 16:52:226532 INFO  fd total count:1 - EPollPoller.cc:34
2025/06/30 16:52:237392 DEBUG timeout! - EPollPoller.cc:62
2025/06/30 16:52:237415 INFO  fd total count:1 - EPollPoller.cc:34
2025/06/30 16:52:746579 DEBUG timeout! - EPollPoller.cc:62
2025/06/30 16:52:746615 INFO  fd total count:2 - EPollPoller.cc:34
2025/06/30 16:52:095149 INFO  events happend1 - EPollPoller.cc:51
2025/06/30 16:52:095184 INFO  channel handleEvent revents:1 - Channel.cc:96
2025/06/30 16:52:096492 INFO  fd total count:5 - EPollPoller.cc:34
2025/06/30 16:52:103234 INFO  events happend1 - EPollPoller.cc:51
2025/06/30 16:52:103242 INFO  channel handleEvent revents:1 - Channel.cc:96
2025/06/30 16:52:104228 INFO  fd total count:5 - EPollPoller.cc:34
2025/06/30 16:52:223684 DEBUG timeout! - EPollPoller.cc:62
2025/06/30 16:52:223716 INFO  fd total count:1 - EPollPoller.cc:34
2025/06/30 16:52:236586 DEBUG timeout! - EPollPoller.cc:62
2025/06/30 16:52:236637 INFO  fd total count:1 - EPollPoller.cc:34
2025/06/30 16:52:247543 DEBUG timeout! - EPollPoller.cc:62
2025/06/30 16:52:247591 INFO  fd total count:1 - EPollPoller.cc:34
2025/06/30 16:52:756667 DEBUG timeout! - EPollPoller.cc:62
2025/06/30 16:52:756699 INFO  fd total count:2 - EPollPoller.cc:34
2025/06/30 16:52:114369 DEBUG timeout! - EPollPoller.cc:62
2025/06/30 16:52:114429 INFO  fd total count:5 - EPollPoller.cc:34
2025/06/30 16:52:233779 DEBUG timeout! - EPollPoller.cc:62
2025/06/30 16:52:233813 INFO  fd total count:1 - EPollPoller.cc:34
2025/06/30 16:52:246731 DEBUG timeout! - EPollPoller.cc:62
2025/06/30 16:52:246790 INFO  fd total count:1 - EPollPoller.cc:34
2025/06/30 16:52:257677 DEBUG timeout! - EPollPoller.cc:62
2025/06/30 16:52:257729 INFO  fd total count:1 - EPollPoller.cc:34
2025/06/30 16:52:766797 DEBUG timeout! - EPollPoller.cc:62
2025/06/30 16:52:766861 INFO  fd total count:2 - EPollPoller.cc:34
2025/06/30 16:52:124488 DEBUG timeout! - EPollPoller.cc:62
2025/06/30 16:52:124518 INFO  fd total count:5 - EPollPoller.cc:34
2025/06/30 16:52:243873 DEBUG timeout! - EPollPoller.cc:62
2025/06/30 16:52:243908 INFO  fd total count:1 - EPollPoller.cc:34
2025/06/30 16:52:256840 DEBUG timeout! - EPollPoller.cc:62
2025/06/30 16:52:256867 INFO  fd total count:1 - EPollPoller.cc:34
2025/06/30 16:52:267793 DEBUG timeout! - EPollPoller.cc:62
2025/06/30 16:52:267813 INFO  fd total count:1 - EPollPoller.cc:34
2025/06/30 16:52:776918 DEBUG timeout! - EPollPoller.cc:62
2025/06/30 16:52:776952 INFO  fd total count:2 - EPollPoller.cc:34
2025/06/30 16:52:134583 DEBUG timeout! - EPollPoller.cc:62
2025/06/30 16:52:134623 INFO  fd total count:5 - EPollPoller.cc:34
2025/06/30 16:52:253950 DEBUG timeout! - EPollPoller.cc:62
2025/06/30 16:52:253983 INFO  fd total count:1 - EPollPoller.cc:34
2025/06/30 16:52:266914 DEBUG timeout! - EPollPoller.cc:62
2025/06/30 16:52:266952 INFO  fd total count:1 - EPollPoller.cc:34
2025/06/30 16:52:277880 DEBUG timeout! - EPollPoller.cc:62
2025/06/30 16:52:277899 INFO  fd total count:1 - EPollPoller.cc:34
2025/06/30 16:52:787000 DEBUG timeout! - EPollPoller.cc:62
2025/06/30 16:52:787035 INFO  fd total count:2 - EPollPoller.cc:34
2025/06/30 16:52:144676 DEBUG timeout! - EPollPoller.cc:62
2025/06/30 16:52:144712 INFO  fd total count:5 - EPollPoller.cc:34
2025/06/30 16:52:264053 DEBUG timeout! - EPollPoller.cc:62
2025/06/30 16:52:264119 INFO  fd total count:1 - EPollPoller.cc:34
2025/06/30 16:52:277026 DEBUG timeout! - EPollPoller.cc:62
2025/06/30 16:52:277090 INFO  fd total count:1 - EPollPoller.cc:34
2025/06/30 16:52:288016 DEBUG timeout! - EPollPoller.cc:62
2025/06/30 16:52:288068 INFO  fd total count:1 - EPollPoller.cc:34
2025/06/30 16:53:797068 DEBUG timeout! - EPollPoller.cc:62
2025/06/30 16:53:797117 INFO  fd total count:2 - EPollPoller.cc:34
2025/06/30 16:53:154780 DEBUG timeout! - EPollPoller.cc:62
2025/06/30 16:53:154812 INFO  fd total count:5 - EPollPoller.cc:34
2025/06/30 16:53:274162 DEBUG timeout! - EPollPoller.cc:62
2025/06/30 16:53:274197 INFO  fd total count:1 - EPollPoller.cc:34
2025/06/30 16:53:287130 DEBUG timeout! - EPollPoller.cc:62
2025/06/30 16:53:287158 INFO  fd total count:1 - EPollPoller.cc:34
2025/06/30 16:53:298153 DEBUG timeout! - EPollPoller.cc:62
2025/06/30 16:53:298175 INFO  fd total count:1 - EPollPoller.cc:34
2025/06/30 16:53:807160 DEBUG timeout! - EPollPoller.cc:62
2025/06/30 16:53:807194 INFO  fd total count:2 - EPollPoller.cc:34
2025/06/30 16:53:096298 INFO  events happend1 - EPollPoller.cc:51
2025/06/30 16:53:096329 INFO  channel handleEvent revents:1 - Channel.cc:96
2025/06/30 16:53:097078 INFO  fd total count:5 - EPollPoller.cc:34
2025/06/30 16:53:104950 INFO  events happend1 - EPollPoller.cc:51
2025/06/30 16:53:104958 INFO  channel handleEvent revents:1 - Channel.cc:96
2025/06/30 16:53:105435 INFO  fd total count:5 - EPollPoller.cc:34
2025/06/30 16:53:284328 DEBUG timeout! - EPollPoller.cc:62
2025/06/30 16:53:284394 INFO  fd total count:1 - EPollPoller.cc:34
2025/06/30 16:53:297242 DEBUG timeout! - EPollPoller.cc:62
2025/06/30 16:53:297305 INFO  fd total count:1 - EPollPoller.cc:34
2025/06/30 16:53:308282 DEBUG timeout! - EPollPoller.cc:62
2025/06/30 16:53:308339 INFO  fd total count:1 - EPollPoller.cc:34
2025/06/30 16:53:811936 DEBUG timeout! - EPollPoller.cc:62
2025/06/30 16:53:812007 INFO  fd total count:2 - EPollPoller.cc:34
2025/06/30 16:53:115470 DEBUG timeout! - EPollPoller.cc:62
2025/06/30 16:53:115499 INFO  fd total count:5 - EPollPoller.cc:34
2025/06/30 16:53:291836 DEBUG timeout! - EPollPoller.cc:62
2025/06/30 16:53:291896 INFO  fd total count:1 - EPollPoller.cc:34
2025/06/30 16:53:307359 DEBUG timeout! - EPollPoller.cc:62
2025/06/30 16:53:307373 INFO  fd total count:1 - EPollPoller.cc:34
2025/06/30 16:53:318461 DEBUG timeout! - EPollPoller.cc:62
2025/06/30 16:53:318520 INFO  fd total count:1 - EPollPoller.cc:34
2025/06/30 16:53:822104 DEBUG timeout! - EPollPoller.cc:62
2025/06/30 16:53:822174 INFO  fd total count:2 - EPollPoller.cc:34
2025/06/30 16:53:125635 DEBUG timeout! - EPollPoller.cc:62
2025/06/30 16:53:125700 INFO  fd total count:5 - EPollPoller.cc:34
