2025/08/05 16:01:405214 DEBUG EventLoop createdtruein thread686694 - EventLoop.cc:53
2025/08/05 16:01:405266 INFO  func =>fd5events=3index=-1 - EPollPoller.cc:91
2025/08/05 16:01:405533 INFO  成功加载配置文件: config/config.json - ConfigManager.cc:28
2025/08/05 16:01:405909 INFO  成功加载配置文件: config/config.json - ConfigManager.cc:28
2025/08/05 16:01:406350 INFO  配置加载完成: 端口=8080, 线程数=4, LLaMA服务类型=tcp, 数据库类型=mysql, 开发模式=true - main_http_modular.cc:126
2025/08/05 16:01:406362 INFO  添加中间件: LoggingMiddleware - Middleware.cc:17
2025/08/05 16:01:406368 INFO  添加中间件: CorsMiddleware - Middleware.cc:17
2025/08/05 16:01:407933 INFO  尝试连接MySQL - Host: 127.0.0.1, Port: 3306, DB: kama_llm, User: root - DatabaseManager.cpp:86
2025/08/05 16:01:474940 INFO  MySQL连接成功: 127.0.0.1:3306/kama_llm - DatabaseManager.cpp:120
2025/08/05 16:01:480204 INFO  数据库表初始化完成 - DatabaseManager.cpp:230
2025/08/05 16:01:480218 INFO  MySQL数据库初始化成功 - DatabaseManager.cpp:52
2025/08/05 16:01:480222 INFO  数据库服务初始化成功: 127.0.0.1:3306/kama_llm - DatabaseService.cc:58
2025/08/05 16:01:480355 INFO  LLaMA 服务连接成功：127.0.0.1:8899 - LlamaService.cc:29
2025/08/05 16:01:480374 INFO  LLaMA服务连接成功 - main_http_modular.cc:253
2025/08/05 16:01:480389 INFO  Added route: GET /basic - HttpServer.cc:60
2025/08/05 16:01:480394 INFO  Added route: GET /api/models - HttpServer.cc:60
2025/08/05 16:01:480398 INFO  Added route: POST /api/llama/query - HttpServer.cc:60
2025/08/05 16:01:480403 INFO  Added route: GET /api/status - HttpServer.cc:60
2025/08/05 16:01:480408 INFO  Added route: POST /api/admin/clear-cache - HttpServer.cc:60
2025/08/05 16:01:480412 INFO  Added route: POST /api/admin/clear-database - HttpServer.cc:60
2025/08/05 16:01:480417 INFO  Added route: GET /api/admin/database-stats - HttpServer.cc:60
2025/08/05 16:01:480421 INFO  Added route: GET /api/admin/users - HttpServer.cc:60
2025/08/05 16:01:480425 INFO  Added route: POST /api/admin/clear-users - HttpServer.cc:60
2025/08/05 16:01:480430 INFO  Added route: POST /api/auth/register - HttpServer.cc:60
2025/08/05 16:01:480434 INFO  Added route: POST /api/auth/login - HttpServer.cc:60
2025/08/05 16:01:480438 INFO  Added route: POST /api/auth/logout - HttpServer.cc:60
2025/08/05 16:01:480442 INFO  Added route: GET /api/conversations - HttpServer.cc:60
2025/08/05 16:01:480454 INFO  启动Kama HTTP服务器, 端口: 8080 - main_http_modular.cc:75
2025/08/05 16:01:480458 INFO  HTTP Server [KamaHttpServer] started on 0.0.0.0:8080 - HttpServer.cc:41
2025/08/05 16:01:480590 DEBUG EventLoop createdtruein thread686697 - EventLoop.cc:53
2025/08/05 16:01:480608 INFO  func =>fd9events=3index=-1 - EPollPoller.cc:91
2025/08/05 16:01:480628 INFO  EventLoop start looping - EventLoop.cc:82
2025/08/05 16:01:480632 INFO  fd total count:1 - EPollPoller.cc:34
2025/08/05 16:01:480778 DEBUG EventLoop createdtruein thread686698 - EventLoop.cc:53
2025/08/05 16:01:480796 INFO  func =>fd11events=3index=-1 - EPollPoller.cc:91
2025/08/05 16:01:480812 INFO  EventLoop start looping - EventLoop.cc:82
2025/08/05 16:01:480816 INFO  fd total count:1 - EPollPoller.cc:34
2025/08/05 16:01:480939 DEBUG EventLoop createdtruein thread686699 - EventLoop.cc:53
2025/08/05 16:01:480957 INFO  func =>fd13events=3index=-1 - EPollPoller.cc:91
2025/08/05 16:01:480978 INFO  EventLoop start looping - EventLoop.cc:82
2025/08/05 16:01:480982 INFO  fd total count:1 - EPollPoller.cc:34
2025/08/05 16:01:481083 DEBUG EventLoop createdtruein thread686700 - EventLoop.cc:53
2025/08/05 16:01:481100 INFO  func =>fd15events=3index=-1 - EPollPoller.cc:91
2025/08/05 16:01:481117 INFO  EventLoop start looping - EventLoop.cc:82
2025/08/05 16:01:481121 INFO  fd total count:1 - EPollPoller.cc:34
2025/08/05 16:01:481137 INFO  func =>fd6events=3index=-1 - EPollPoller.cc:91
2025/08/05 16:01:481209 INFO  EventLoop start looping - EventLoop.cc:82
2025/08/05 16:01:481216 INFO  fd total count:2 - EPollPoller.cc:34
2025/08/05 16:01:481499 INFO  events happend1 - EPollPoller.cc:51
2025/08/05 16:01:481527 INFO  channel handleEvent revents:1 - Channel.cc:96
2025/08/05 16:01:481553 INFO  使用一致性哈希选择线程，索引=0 - EventLoopThreadPool.cc:114
2025/08/05 16:01:481561 INFO  TcpServer::newConnection [KamaHttpServer]- new connection [KamaHttpServer-0.0.0.0:8080#1]from %s127.0.0.1:38530 - TcpServer.cc:96
2025/08/05 16:01:481575 INFO  TcpConnection::ctor:[KamaHttpServer-0.0.0.0:8080#1]at fd=16 - TcpConnection.cc:52
2025/08/05 16:01:481605 INFO  fd total count:2 - EPollPoller.cc:34
2025/08/05 16:01:481620 INFO  events happend1 - EPollPoller.cc:51
2025/08/05 16:01:481642 INFO  channel handleEvent revents:1 - Channel.cc:96
2025/08/05 16:01:481654 INFO  func =>fd16events=3index=-1 - EPollPoller.cc:91
2025/08/05 16:01:481676 INFO  New HTTP connection from: 127.0.0.1:38530 - HttpServer.cc:70
2025/08/05 16:01:481684 INFO  fd total count:2 - EPollPoller.cc:34
2025/08/05 16:01:481688 INFO  events happend1 - EPollPoller.cc:51
2025/08/05 16:01:481691 INFO  channel handleEvent revents:1 - Channel.cc:96
2025/08/05 16:01:481723 INFO  TcpConnection::handleClose fd=16state=2 - TcpConnection.cc:258
2025/08/05 16:01:481726 INFO  func =>fd16events=0index=1 - EPollPoller.cc:91
2025/08/05 16:01:481732 INFO  HTTP connection closed: 127.0.0.1:38530 - HttpServer.cc:75
2025/08/05 16:01:481751 INFO  fd total count:2 - EPollPoller.cc:34
2025/08/05 16:01:481758 INFO  events happend1 - EPollPoller.cc:51
2025/08/05 16:01:481762 INFO  channel handleEvent revents:1 - Channel.cc:96
2025/08/05 16:01:481767 INFO  TcpServer::removeConnectionInLoop [KamaHttpServer] - connection %sKamaHttpServer-0.0.0.0:8080#1 - TcpServer.cc:143
2025/08/05 16:01:481779 INFO  fd total count:2 - EPollPoller.cc:34
2025/08/05 16:01:481785 INFO  events happend1 - EPollPoller.cc:51
2025/08/05 16:01:481789 INFO  channel handleEvent revents:1 - Channel.cc:96
2025/08/05 16:01:481794 INFO  removeChannel fd=16 - EPollPoller.cc:132
2025/08/05 16:01:481797 INFO  TcpConnection::dtor[KamaHttpServer-0.0.0.0:8080#1]at fd=16state=0 - TcpConnection.cc:58
2025/08/05 16:01:481846 INFO  fd total count:1 - EPollPoller.cc:34
2025/08/05 16:01:069651 INFO  events happend1 - EPollPoller.cc:51
2025/08/05 16:01:069681 INFO  channel handleEvent revents:1 - Channel.cc:96
2025/08/05 16:01:069707 INFO  使用一致性哈希选择线程，索引=0 - EventLoopThreadPool.cc:114
2025/08/05 16:01:069715 INFO  TcpServer::newConnection [KamaHttpServer]- new connection [KamaHttpServer-0.0.0.0:8080#2]from %s127.0.0.1:38532 - TcpServer.cc:96
2025/08/05 16:01:069728 INFO  TcpConnection::ctor:[KamaHttpServer-0.0.0.0:8080#2]at fd=16 - TcpConnection.cc:52
2025/08/05 16:01:069773 INFO  fd total count:2 - EPollPoller.cc:34
2025/08/05 16:01:069804 INFO  events happend1 - EPollPoller.cc:51
2025/08/05 16:01:069827 INFO  channel handleEvent revents:1 - Channel.cc:96
2025/08/05 16:01:069839 INFO  func =>fd16events=3index=-1 - EPollPoller.cc:91
2025/08/05 16:01:069856 INFO  New HTTP connection from: 127.0.0.1:38532 - HttpServer.cc:70
2025/08/05 16:01:069864 INFO  fd total count:2 - EPollPoller.cc:34
2025/08/05 16:01:075467 INFO  events happend1 - EPollPoller.cc:51
2025/08/05 16:01:075479 INFO  channel handleEvent revents:1 - Channel.cc:96
2025/08/05 16:01:075494 INFO  使用一致性哈希选择线程，索引=0 - EventLoopThreadPool.cc:114
2025/08/05 16:01:075499 INFO  TcpServer::newConnection [KamaHttpServer]- new connection [KamaHttpServer-0.0.0.0:8080#3]from %s127.0.0.1:38536 - TcpServer.cc:96
2025/08/05 16:01:075510 INFO  TcpConnection::ctor:[KamaHttpServer-0.0.0.0:8080#3]at fd=17 - TcpConnection.cc:52
2025/08/05 16:01:075531 INFO  fd total count:2 - EPollPoller.cc:34
2025/08/05 16:01:075542 INFO  events happend1 - EPollPoller.cc:51
2025/08/05 16:01:075549 INFO  channel handleEvent revents:1 - Channel.cc:96
2025/08/05 16:01:075555 INFO  func =>fd17events=3index=-1 - EPollPoller.cc:91
2025/08/05 16:01:075566 INFO  New HTTP connection from: 127.0.0.1:38536 - HttpServer.cc:70
2025/08/05 16:01:075572 INFO  fd total count:3 - EPollPoller.cc:34
2025/08/05 16:01:075575 INFO  events happend1 - EPollPoller.cc:51
2025/08/05 16:01:075579 INFO  channel handleEvent revents:1 - Channel.cc:96
2025/08/05 16:01:075654 INFO  HTTP GET / 从  - Middleware.cc:57
2025/08/05 16:01:077496 INFO  HTTP GET / 响应 200 (1ms) - Middleware.cc:68
2025/08/05 16:01:077562 INFO  fd total count:3 - EPollPoller.cc:34
2025/08/05 16:01:100699 INFO  events happend1 - EPollPoller.cc:51
2025/08/05 16:01:100706 INFO  channel handleEvent revents:1 - Channel.cc:96
2025/08/05 16:01:100744 INFO  HTTP GET /css/openwebui-style.css 从  - Middleware.cc:57
2025/08/05 16:01:102066 INFO  HTTP GET /css/openwebui-style.css 响应 200 (1ms) - Middleware.cc:68
2025/08/05 16:01:102109 INFO  fd total count:3 - EPollPoller.cc:34
2025/08/05 16:01:102114 INFO  events happend1 - EPollPoller.cc:51
2025/08/05 16:01:102117 INFO  channel handleEvent revents:1 - Channel.cc:96
2025/08/05 16:01:102146 INFO  HTTP GET /css/admin-modal.css 从  - Middleware.cc:57
2025/08/05 16:01:103359 INFO  HTTP GET /css/admin-modal.css 响应 200 (1ms) - Middleware.cc:68
2025/08/05 16:01:103398 INFO  fd total count:3 - EPollPoller.cc:34
2025/08/05 16:01:110295 INFO  events happend1 - EPollPoller.cc:51
2025/08/05 16:01:110300 INFO  channel handleEvent revents:1 - Channel.cc:96
2025/08/05 16:01:110331 INFO  HTTP GET /js/openwebui-app.js 从  - Middleware.cc:57
2025/08/05 16:01:112431 INFO  HTTP GET /js/openwebui-app.js 响应 200 (2ms) - Middleware.cc:68
2025/08/05 16:01:112480 INFO  fd total count:3 - EPollPoller.cc:34
2025/08/05 16:01:116603 INFO  events happend1 - EPollPoller.cc:51
2025/08/05 16:01:116607 INFO  channel handleEvent revents:1 - Channel.cc:96
2025/08/05 16:01:116637 INFO  HTTP GET /js/admin-console.js 从  - Middleware.cc:57
2025/08/05 16:01:117675 INFO  HTTP GET /js/admin-console.js 响应 200 (1ms) - Middleware.cc:68
2025/08/05 16:01:117709 INFO  fd total count:3 - EPollPoller.cc:34
2025/08/05 16:01:123943 INFO  events happend1 - EPollPoller.cc:51
2025/08/05 16:01:123950 INFO  channel handleEvent revents:1 - Channel.cc:96
2025/08/05 16:01:123980 INFO  HTTP GET /js/auth-manager.js 从  - Middleware.cc:57
2025/08/05 16:01:125151 INFO  HTTP GET /js/auth-manager.js 响应 200 (1ms) - Middleware.cc:68
2025/08/05 16:01:125182 INFO  fd total count:3 - EPollPoller.cc:34
2025/08/05 16:01:184479 INFO  events happend1 - EPollPoller.cc:51
2025/08/05 16:01:184493 INFO  channel handleEvent revents:1 - Channel.cc:96
2025/08/05 16:01:184535 INFO  HTTP GET /api/status 从  - Middleware.cc:57
2025/08/05 16:01:184551 INFO  HTTP GET /api/status 响应 200 (0ms) - Middleware.cc:68
2025/08/05 16:01:184586 INFO  fd total count:3 - EPollPoller.cc:34
2025/08/05 16:01:184591 INFO  events happend1 - EPollPoller.cc:51
2025/08/05 16:01:184594 INFO  channel handleEvent revents:1 - Channel.cc:96
2025/08/05 16:01:184615 INFO  HTTP GET /api/models 从  - Middleware.cc:57
2025/08/05 16:01:184627 INFO  HTTP GET /api/models 响应 200 (0ms) - Middleware.cc:68
2025/08/05 16:01:184655 INFO  fd total count:3 - EPollPoller.cc:34
2025/08/05 16:01:331117 INFO  events happend1 - EPollPoller.cc:51
2025/08/05 16:01:331141 INFO  channel handleEvent revents:1 - Channel.cc:96
2025/08/05 16:01:331164 INFO  使用一致性哈希选择线程，索引=0 - EventLoopThreadPool.cc:114
2025/08/05 16:01:331171 INFO  TcpServer::newConnection [KamaHttpServer]- new connection [KamaHttpServer-0.0.0.0:8080#4]from %s127.0.0.1:38538 - TcpServer.cc:96
2025/08/05 16:01:331193 INFO  TcpConnection::ctor:[KamaHttpServer-0.0.0.0:8080#4]at fd=18 - TcpConnection.cc:52
2025/08/05 16:01:331222 INFO  fd total count:2 - EPollPoller.cc:34
2025/08/05 16:01:331244 INFO  events happend1 - EPollPoller.cc:51
2025/08/05 16:01:331262 INFO  channel handleEvent revents:1 - Channel.cc:96
2025/08/05 16:01:331273 INFO  func =>fd18events=3index=-1 - EPollPoller.cc:91
2025/08/05 16:01:331291 INFO  New HTTP connection from: 127.0.0.1:38538 - HttpServer.cc:70
2025/08/05 16:01:331298 INFO  fd total count:4 - EPollPoller.cc:34
2025/08/05 16:01:432508 INFO  events happend1 - EPollPoller.cc:51
2025/08/05 16:01:432531 INFO  channel handleEvent revents:1 - Channel.cc:96
2025/08/05 16:01:432552 INFO  使用一致性哈希选择线程，索引=0 - EventLoopThreadPool.cc:114
2025/08/05 16:01:432559 INFO  TcpServer::newConnection [KamaHttpServer]- new connection [KamaHttpServer-0.0.0.0:8080#5]from %s127.0.0.1:38540 - TcpServer.cc:96
2025/08/05 16:01:432572 INFO  TcpConnection::ctor:[KamaHttpServer-0.0.0.0:8080#5]at fd=19 - TcpConnection.cc:52
2025/08/05 16:01:432602 INFO  fd total count:2 - EPollPoller.cc:34
2025/08/05 16:01:432613 INFO  events happend1 - EPollPoller.cc:51
2025/08/05 16:01:432626 INFO  channel handleEvent revents:1 - Channel.cc:96
2025/08/05 16:01:432635 INFO  func =>fd19events=3index=-1 - EPollPoller.cc:91
2025/08/05 16:01:432649 INFO  New HTTP connection from: 127.0.0.1:38540 - HttpServer.cc:70
2025/08/05 16:01:432656 INFO  fd total count:5 - EPollPoller.cc:34
2025/08/05 16:01:433038 INFO  events happend1 - EPollPoller.cc:51
2025/08/05 16:01:433042 INFO  channel handleEvent revents:1 - Channel.cc:96
2025/08/05 16:01:433050 INFO  使用一致性哈希选择线程，索引=0 - EventLoopThreadPool.cc:114
2025/08/05 16:01:433054 INFO  TcpServer::newConnection [KamaHttpServer]- new connection [KamaHttpServer-0.0.0.0:8080#6]from %s127.0.0.1:38542 - TcpServer.cc:96
2025/08/05 16:01:433061 INFO  TcpConnection::ctor:[KamaHttpServer-0.0.0.0:8080#6]at fd=20 - TcpConnection.cc:52
2025/08/05 16:01:433075 INFO  fd total count:2 - EPollPoller.cc:34
2025/08/05 16:01:433082 INFO  events happend1 - EPollPoller.cc:51
2025/08/05 16:01:433086 INFO  channel handleEvent revents:1 - Channel.cc:96
2025/08/05 16:01:433090 INFO  func =>fd20events=3index=-1 - EPollPoller.cc:91
2025/08/05 16:01:433097 INFO  New HTTP connection from: 127.0.0.1:38542 - HttpServer.cc:70
2025/08/05 16:01:433101 INFO  fd total count:6 - EPollPoller.cc:34
2025/08/05 16:01:490877 DEBUG timeout! - EPollPoller.cc:62
2025/08/05 16:01:490909 INFO  fd total count:1 - EPollPoller.cc:34
2025/08/05 16:01:491025 DEBUG timeout! - EPollPoller.cc:62
2025/08/05 16:01:491052 INFO  fd total count:1 - EPollPoller.cc:34
2025/08/05 16:01:491151 DEBUG timeout! - EPollPoller.cc:62
2025/08/05 16:01:491171 INFO  fd total count:1 - EPollPoller.cc:34
2025/08/05 16:01:443108 DEBUG timeout! - EPollPoller.cc:62
2025/08/05 16:01:443142 INFO  fd total count:2 - EPollPoller.cc:34
2025/08/05 16:01:443150 DEBUG timeout! - EPollPoller.cc:62
2025/08/05 16:01:443175 INFO  fd total count:6 - EPollPoller.cc:34
2025/08/05 16:01:500970 DEBUG timeout! - EPollPoller.cc:62
2025/08/05 16:01:501001 INFO  fd total count:1 - EPollPoller.cc:34
2025/08/05 16:01:501097 DEBUG timeout! - EPollPoller.cc:62
2025/08/05 16:01:501123 INFO  fd total count:1 - EPollPoller.cc:34
2025/08/05 16:01:501197 DEBUG timeout! - EPollPoller.cc:62
2025/08/05 16:01:501216 INFO  fd total count:1 - EPollPoller.cc:34
2025/08/05 16:01:342323 INFO  events happend1 - EPollPoller.cc:51
2025/08/05 16:01:342353 INFO  channel handleEvent revents:1 - Channel.cc:96
2025/08/05 16:01:342419 INFO  HTTP GET /api/status 从  - Middleware.cc:57
2025/08/05 16:01:342439 INFO  HTTP GET /api/status 响应 200 (0ms) - Middleware.cc:68
2025/08/05 16:01:342495 INFO  fd total count:6 - EPollPoller.cc:34
2025/08/05 16:01:347782 INFO  events happend1 - EPollPoller.cc:51
2025/08/05 16:01:347788 INFO  channel handleEvent revents:1 - Channel.cc:96
2025/08/05 16:01:347825 INFO  HTTP GET /api/status 从  - Middleware.cc:57
2025/08/05 16:01:347840 INFO  HTTP GET /api/status 响应 200 (0ms) - Middleware.cc:68
2025/08/05 16:01:347875 INFO  fd total count:6 - EPollPoller.cc:34
2025/08/05 16:01:453197 DEBUG timeout! - EPollPoller.cc:62
2025/08/05 16:01:453231 INFO  fd total count:2 - EPollPoller.cc:34
2025/08/05 16:01:511054 DEBUG timeout! - EPollPoller.cc:62
2025/08/05 16:01:511086 INFO  fd total count:1 - EPollPoller.cc:34
2025/08/05 16:01:511160 DEBUG timeout! - EPollPoller.cc:62
2025/08/05 16:01:511185 INFO  fd total count:1 - EPollPoller.cc:34
2025/08/05 16:01:511248 DEBUG timeout! - EPollPoller.cc:62
2025/08/05 16:01:511267 INFO  fd total count:1 - EPollPoller.cc:34
2025/08/05 16:01:357914 DEBUG timeout! - EPollPoller.cc:62
2025/08/05 16:01:357944 INFO  fd total count:6 - EPollPoller.cc:34
2025/08/05 16:01:463285 DEBUG timeout! - EPollPoller.cc:62
2025/08/05 16:01:463318 INFO  fd total count:2 - EPollPoller.cc:34
2025/08/05 16:01:521151 DEBUG timeout! - EPollPoller.cc:62
2025/08/05 16:01:521186 INFO  fd total count:1 - EPollPoller.cc:34
2025/08/05 16:01:521215 DEBUG timeout! - EPollPoller.cc:62
2025/08/05 16:01:521241 INFO  fd total count:1 - EPollPoller.cc:34
2025/08/05 16:01:521300 DEBUG timeout! - EPollPoller.cc:62
2025/08/05 16:01:521320 INFO  fd total count:1 - EPollPoller.cc:34
2025/08/05 16:01:368027 DEBUG timeout! - EPollPoller.cc:62
2025/08/05 16:01:368094 INFO  fd total count:6 - EPollPoller.cc:34
2025/08/05 16:01:473360 DEBUG timeout! - EPollPoller.cc:62
2025/08/05 16:01:473395 INFO  fd total count:2 - EPollPoller.cc:34
2025/08/05 16:01:531294 DEBUG timeout! - EPollPoller.cc:62
2025/08/05 16:01:531340 INFO  fd total count:1 - EPollPoller.cc:34
2025/08/05 16:01:531297 DEBUG timeout! - EPollPoller.cc:62
2025/08/05 16:01:531379 DEBUG timeout! - EPollPoller.cc:62
2025/08/05 16:01:531402 INFO  fd total count:1 - EPollPoller.cc:34
2025/08/05 16:01:531449 INFO  fd total count:1 - EPollPoller.cc:34
2025/08/05 16:01:378132 DEBUG timeout! - EPollPoller.cc:62
2025/08/05 16:01:378163 INFO  fd total count:6 - EPollPoller.cc:34
2025/08/05 16:02:483436 DEBUG timeout! - EPollPoller.cc:62
2025/08/05 16:02:483468 INFO  fd total count:2 - EPollPoller.cc:34
2025/08/05 16:02:536348 DEBUG timeout! - EPollPoller.cc:62
2025/08/05 16:02:536384 INFO  fd total count:1 - EPollPoller.cc:34
2025/08/05 16:02:541391 DEBUG timeout! - EPollPoller.cc:62
2025/08/05 16:02:541420 INFO  fd total count:1 - EPollPoller.cc:34
2025/08/05 16:02:541508 DEBUG timeout! - EPollPoller.cc:62
2025/08/05 16:02:541529 INFO  fd total count:1 - EPollPoller.cc:34
2025/08/05 16:02:388226 DEBUG timeout! - EPollPoller.cc:62
2025/08/05 16:02:388261 INFO  fd total count:6 - EPollPoller.cc:34
2025/08/05 16:02:493507 DEBUG timeout! - EPollPoller.cc:62
2025/08/05 16:02:493542 INFO  fd total count:2 - EPollPoller.cc:34
2025/08/05 16:02:546427 DEBUG timeout! - EPollPoller.cc:62
2025/08/05 16:02:546464 INFO  fd total count:1 - EPollPoller.cc:34
2025/08/05 16:02:551481 DEBUG timeout! - EPollPoller.cc:62
2025/08/05 16:02:551509 INFO  fd total count:1 - EPollPoller.cc:34
2025/08/05 16:02:551570 DEBUG timeout! - EPollPoller.cc:62
2025/08/05 16:02:551590 INFO  fd total count:1 - EPollPoller.cc:34
2025/08/05 16:02:398297 DEBUG timeout! - EPollPoller.cc:62
2025/08/05 16:02:398329 INFO  fd total count:6 - EPollPoller.cc:34
2025/08/05 16:02:503605 DEBUG timeout! - EPollPoller.cc:62
2025/08/05 16:02:503646 INFO  fd total count:2 - EPollPoller.cc:34
2025/08/05 16:02:556502 DEBUG timeout! - EPollPoller.cc:62
2025/08/05 16:02:556537 INFO  fd total count:1 - EPollPoller.cc:34
2025/08/05 16:02:561559 DEBUG timeout! - EPollPoller.cc:62
2025/08/05 16:02:561585 INFO  fd total count:1 - EPollPoller.cc:34
2025/08/05 16:02:561705 DEBUG timeout! - EPollPoller.cc:62
2025/08/05 16:02:561752 INFO  fd total count:1 - EPollPoller.cc:34
2025/08/05 16:02:408447 DEBUG timeout! - EPollPoller.cc:62
2025/08/05 16:02:408504 INFO  fd total count:6 - EPollPoller.cc:34
2025/08/05 16:02:513694 DEBUG timeout! - EPollPoller.cc:62
2025/08/05 16:02:513727 INFO  fd total count:2 - EPollPoller.cc:34
2025/08/05 16:02:566572 DEBUG timeout! - EPollPoller.cc:62
2025/08/05 16:02:566605 INFO  fd total count:1 - EPollPoller.cc:34
2025/08/05 16:02:571648 DEBUG timeout! - EPollPoller.cc:62
2025/08/05 16:02:571674 INFO  fd total count:1 - EPollPoller.cc:34
2025/08/05 16:02:571794 DEBUG timeout! - EPollPoller.cc:62
2025/08/05 16:02:571807 INFO  fd total count:1 - EPollPoller.cc:34
2025/08/05 16:02:418554 DEBUG timeout! - EPollPoller.cc:62
2025/08/05 16:02:418585 INFO  fd total count:6 - EPollPoller.cc:34
2025/08/05 16:02:523757 DEBUG timeout! - EPollPoller.cc:62
2025/08/05 16:02:523791 INFO  fd total count:2 - EPollPoller.cc:34
2025/08/05 16:02:576634 DEBUG timeout! - EPollPoller.cc:62
2025/08/05 16:02:576674 INFO  fd total count:1 - EPollPoller.cc:34
2025/08/05 16:02:581710 DEBUG timeout! - EPollPoller.cc:62
2025/08/05 16:02:581738 INFO  fd total count:1 - EPollPoller.cc:34
2025/08/05 16:02:581897 DEBUG timeout! - EPollPoller.cc:62
2025/08/05 16:02:581947 INFO  fd total count:1 - EPollPoller.cc:34
2025/08/05 16:02:428651 DEBUG timeout! - EPollPoller.cc:62
2025/08/05 16:02:428707 INFO  fd total count:6 - EPollPoller.cc:34
2025/08/05 16:02:533830 DEBUG timeout! - EPollPoller.cc:62
2025/08/05 16:02:533864 INFO  fd total count:2 - EPollPoller.cc:34
2025/08/05 16:02:586743 DEBUG timeout! - EPollPoller.cc:62
2025/08/05 16:02:586811 INFO  fd total count:1 - EPollPoller.cc:34
2025/08/05 16:02:591790 DEBUG timeout! - EPollPoller.cc:62
2025/08/05 16:02:591824 INFO  fd total count:1 - EPollPoller.cc:34
2025/08/05 16:02:591994 DEBUG timeout! - EPollPoller.cc:62
2025/08/05 16:02:592014 INFO  fd total count:1 - EPollPoller.cc:34
2025/08/05 16:02:438763 DEBUG timeout! - EPollPoller.cc:62
2025/08/05 16:02:438795 INFO  fd total count:6 - EPollPoller.cc:34
2025/08/05 16:03:543900 DEBUG timeout! - EPollPoller.cc:62
2025/08/05 16:03:543933 INFO  fd total count:2 - EPollPoller.cc:34
2025/08/05 16:03:596844 DEBUG timeout! - EPollPoller.cc:62
2025/08/05 16:03:596878 INFO  fd total count:1 - EPollPoller.cc:34
2025/08/05 16:03:601862 DEBUG timeout! - EPollPoller.cc:62
2025/08/05 16:03:601889 INFO  fd total count:1 - EPollPoller.cc:34
2025/08/05 16:03:602083 DEBUG timeout! - EPollPoller.cc:62
2025/08/05 16:03:602134 INFO  fd total count:1 - EPollPoller.cc:34
2025/08/05 16:03:448849 DEBUG timeout! - EPollPoller.cc:62
2025/08/05 16:03:448884 INFO  fd total count:6 - EPollPoller.cc:34
2025/08/05 16:03:553974 DEBUG timeout! - EPollPoller.cc:62
2025/08/05 16:03:554008 INFO  fd total count:2 - EPollPoller.cc:34
2025/08/05 16:03:606910 DEBUG timeout! - EPollPoller.cc:62
2025/08/05 16:03:606945 INFO  fd total count:1 - EPollPoller.cc:34
2025/08/05 16:03:611920 DEBUG timeout! - EPollPoller.cc:62
2025/08/05 16:03:611945 INFO  fd total count:1 - EPollPoller.cc:34
2025/08/05 16:03:612168 DEBUG timeout! - EPollPoller.cc:62
2025/08/05 16:03:612175 INFO  fd total count:1 - EPollPoller.cc:34
2025/08/05 16:03:458966 DEBUG timeout! - EPollPoller.cc:62
2025/08/05 16:03:459029 INFO  fd total count:6 - EPollPoller.cc:34
2025/08/05 16:03:564047 DEBUG timeout! - EPollPoller.cc:62
2025/08/05 16:03:564081 INFO  fd total count:2 - EPollPoller.cc:34
2025/08/05 16:03:616972 DEBUG timeout! - EPollPoller.cc:62
2025/08/05 16:03:617007 INFO  fd total count:1 - EPollPoller.cc:34
2025/08/05 16:03:622001 DEBUG timeout! - EPollPoller.cc:62
2025/08/05 16:03:622029 INFO  fd total count:1 - EPollPoller.cc:34
2025/08/05 16:03:622210 DEBUG timeout! - EPollPoller.cc:62
2025/08/05 16:03:622231 INFO  fd total count:1 - EPollPoller.cc:34
2025/08/05 16:03:469097 DEBUG timeout! - EPollPoller.cc:62
2025/08/05 16:03:469132 INFO  fd total count:6 - EPollPoller.cc:34
2025/08/05 16:03:574117 DEBUG timeout! - EPollPoller.cc:62
2025/08/05 16:03:574149 INFO  fd total count:2 - EPollPoller.cc:34
2025/08/05 16:03:627070 DEBUG timeout! - EPollPoller.cc:62
2025/08/05 16:03:627132 INFO  fd total count:1 - EPollPoller.cc:34
2025/08/05 16:03:632124 DEBUG timeout! - EPollPoller.cc:62
2025/08/05 16:03:632184 INFO  fd total count:1 - EPollPoller.cc:34
2025/08/05 16:03:632266 DEBUG timeout! - EPollPoller.cc:62
2025/08/05 16:03:632285 INFO  fd total count:1 - EPollPoller.cc:34
2025/08/05 16:03:479230 DEBUG timeout! - EPollPoller.cc:62
2025/08/05 16:03:479297 INFO  fd total count:6 - EPollPoller.cc:34
2025/08/05 16:03:584188 DEBUG timeout! - EPollPoller.cc:62
2025/08/05 16:03:584222 INFO  fd total count:2 - EPollPoller.cc:34
2025/08/05 16:03:637168 DEBUG timeout! - EPollPoller.cc:62
2025/08/05 16:03:637202 INFO  fd total count:1 - EPollPoller.cc:34
2025/08/05 16:03:642227 DEBUG timeout! - EPollPoller.cc:62
2025/08/05 16:03:642253 INFO  fd total count:1 - EPollPoller.cc:34
2025/08/05 16:03:642342 DEBUG timeout! - EPollPoller.cc:62
2025/08/05 16:03:642362 INFO  fd total count:1 - EPollPoller.cc:34
2025/08/05 16:03:489351 DEBUG timeout! - EPollPoller.cc:62
2025/08/05 16:03:489388 INFO  fd total count:6 - EPollPoller.cc:34
2025/08/05 16:03:594266 DEBUG timeout! - EPollPoller.cc:62
2025/08/05 16:03:594298 INFO  fd total count:2 - EPollPoller.cc:34
2025/08/05 16:03:647230 DEBUG timeout! - EPollPoller.cc:62
2025/08/05 16:03:647265 INFO  fd total count:1 - EPollPoller.cc:34
2025/08/05 16:03:652299 DEBUG timeout! - EPollPoller.cc:62
2025/08/05 16:03:652325 INFO  fd total count:1 - EPollPoller.cc:34
2025/08/05 16:03:652409 DEBUG timeout! - EPollPoller.cc:62
2025/08/05 16:03:652429 INFO  fd total count:1 - EPollPoller.cc:34
2025/08/05 16:03:499449 DEBUG timeout! - EPollPoller.cc:62
2025/08/05 16:03:499488 INFO  fd total count:6 - EPollPoller.cc:34
2025/08/05 16:04:604343 DEBUG timeout! - EPollPoller.cc:62
2025/08/05 16:04:604376 INFO  fd total count:2 - EPollPoller.cc:34
2025/08/05 16:04:657303 DEBUG timeout! - EPollPoller.cc:62
2025/08/05 16:04:657338 INFO  fd total count:1 - EPollPoller.cc:34
2025/08/05 16:04:662363 DEBUG timeout! - EPollPoller.cc:62
2025/08/05 16:04:662391 INFO  fd total count:1 - EPollPoller.cc:34
2025/08/05 16:04:662473 DEBUG timeout! - EPollPoller.cc:62
2025/08/05 16:04:662492 INFO  fd total count:1 - EPollPoller.cc:34
2025/08/05 16:04:509542 DEBUG timeout! - EPollPoller.cc:62
2025/08/05 16:04:509577 INFO  fd total count:6 - EPollPoller.cc:34
2025/08/05 16:04:614414 DEBUG timeout! - EPollPoller.cc:62
2025/08/05 16:04:614448 INFO  fd total count:2 - EPollPoller.cc:34
2025/08/05 16:04:667377 DEBUG timeout! - EPollPoller.cc:62
2025/08/05 16:04:667415 INFO  fd total count:1 - EPollPoller.cc:34
2025/08/05 16:04:672428 DEBUG timeout! - EPollPoller.cc:62
2025/08/05 16:04:672451 INFO  fd total count:1 - EPollPoller.cc:34
2025/08/05 16:04:672554 DEBUG timeout! - EPollPoller.cc:62
2025/08/05 16:04:672574 INFO  fd total count:1 - EPollPoller.cc:34
2025/08/05 16:04:519634 DEBUG timeout! - EPollPoller.cc:62
2025/08/05 16:04:519670 INFO  fd total count:6 - EPollPoller.cc:34
2025/08/05 16:04:624483 DEBUG timeout! - EPollPoller.cc:62
2025/08/05 16:04:624517 INFO  fd total count:2 - EPollPoller.cc:34
2025/08/05 16:04:677453 DEBUG timeout! - EPollPoller.cc:62
2025/08/05 16:04:677487 INFO  fd total count:1 - EPollPoller.cc:34
2025/08/05 16:04:682571 DEBUG timeout! - EPollPoller.cc:62
2025/08/05 16:04:682629 INFO  fd total count:1 - EPollPoller.cc:34
2025/08/05 16:04:682631 DEBUG timeout! - EPollPoller.cc:62
2025/08/05 16:04:682679 INFO  fd total count:1 - EPollPoller.cc:34
2025/08/05 16:04:529728 DEBUG timeout! - EPollPoller.cc:62
2025/08/05 16:04:529763 INFO  fd total count:6 - EPollPoller.cc:34
2025/08/05 16:04:634567 DEBUG timeout! - EPollPoller.cc:62
2025/08/05 16:04:634630 INFO  fd total count:2 - EPollPoller.cc:34
2025/08/05 16:04:687524 DEBUG timeout! - EPollPoller.cc:62
2025/08/05 16:04:687554 INFO  fd total count:1 - EPollPoller.cc:34
2025/08/05 16:04:692703 DEBUG timeout! - EPollPoller.cc:62
2025/08/05 16:04:692706 DEBUG timeout! - EPollPoller.cc:62
2025/08/05 16:04:692758 INFO  fd total count:1 - EPollPoller.cc:34
2025/08/05 16:04:692736 INFO  fd total count:1 - EPollPoller.cc:34
2025/08/05 16:04:539817 DEBUG timeout! - EPollPoller.cc:62
2025/08/05 16:04:539853 INFO  fd total count:6 - EPollPoller.cc:34
2025/08/05 16:04:644710 DEBUG timeout! - EPollPoller.cc:62
2025/08/05 16:04:644774 INFO  fd total count:2 - EPollPoller.cc:34
2025/08/05 16:04:697596 DEBUG timeout! - EPollPoller.cc:62
2025/08/05 16:04:697635 INFO  fd total count:1 - EPollPoller.cc:34
2025/08/05 16:04:702827 DEBUG timeout! - EPollPoller.cc:62
2025/08/05 16:04:702832 DEBUG timeout! - EPollPoller.cc:62
2025/08/05 16:04:702868 INFO  fd total count:1 - EPollPoller.cc:34
2025/08/05 16:04:702888 INFO  fd total count:1 - EPollPoller.cc:34
2025/08/05 16:04:549915 DEBUG timeout! - EPollPoller.cc:62
2025/08/05 16:04:549949 INFO  fd total count:6 - EPollPoller.cc:34
2025/08/05 16:04:654228 DEBUG timeout! - EPollPoller.cc:62
2025/08/05 16:04:654268 INFO  fd total count:2 - EPollPoller.cc:34
2025/08/05 16:04:707675 DEBUG timeout! - EPollPoller.cc:62
2025/08/05 16:04:707710 INFO  fd total count:1 - EPollPoller.cc:34
2025/08/05 16:04:712923 DEBUG timeout! - EPollPoller.cc:62
2025/08/05 16:04:712942 DEBUG timeout! - EPollPoller.cc:62
2025/08/05 16:04:712945 INFO  fd total count:1 - EPollPoller.cc:34
2025/08/05 16:04:712975 INFO  fd total count:1 - EPollPoller.cc:34
2025/08/05 16:04:560011 DEBUG timeout! - EPollPoller.cc:62
2025/08/05 16:04:560047 INFO  fd total count:6 - EPollPoller.cc:34
2025/08/05 16:05:664342 DEBUG timeout! - EPollPoller.cc:62
2025/08/05 16:05:664373 INFO  fd total count:2 - EPollPoller.cc:34
2025/08/05 16:05:717747 DEBUG timeout! - EPollPoller.cc:62
2025/08/05 16:05:717779 INFO  fd total count:1 - EPollPoller.cc:34
2025/08/05 16:05:723013 DEBUG timeout! - EPollPoller.cc:62
2025/08/05 16:05:723036 INFO  fd total count:1 - EPollPoller.cc:34
2025/08/05 16:05:723062 DEBUG timeout! - EPollPoller.cc:62
2025/08/05 16:05:723115 INFO  fd total count:1 - EPollPoller.cc:34
2025/08/05 16:05:570086 DEBUG timeout! - EPollPoller.cc:62
2025/08/05 16:05:570122 INFO  fd total count:6 - EPollPoller.cc:34
2025/08/05 16:05:674431 DEBUG timeout! - EPollPoller.cc:62
2025/08/05 16:05:674464 INFO  fd total count:2 - EPollPoller.cc:34
2025/08/05 16:05:727821 DEBUG timeout! - EPollPoller.cc:62
2025/08/05 16:05:727855 INFO  fd total count:1 - EPollPoller.cc:34
2025/08/05 16:05:733071 DEBUG timeout! - EPollPoller.cc:62
2025/08/05 16:05:733096 INFO  fd total count:1 - EPollPoller.cc:34
2025/08/05 16:05:733209 DEBUG timeout! - EPollPoller.cc:62
2025/08/05 16:05:733259 INFO  fd total count:1 - EPollPoller.cc:34
2025/08/05 16:05:998775 INFO  events happend1 - EPollPoller.cc:51
2025/08/05 16:05:998802 INFO  channel handleEvent revents:1 - Channel.cc:96
2025/08/05 16:05:998827 INFO  使用一致性哈希选择线程，索引=0 - EventLoopThreadPool.cc:114
2025/08/05 16:05:998835 INFO  TcpServer::newConnection [KamaHttpServer]- new connection [KamaHttpServer-0.0.0.0:8080#7]from %s127.0.0.1:38544 - TcpServer.cc:96
2025/08/05 16:05:998849 INFO  TcpConnection::ctor:[KamaHttpServer-0.0.0.0:8080#7]at fd=21 - TcpConnection.cc:52
2025/08/05 16:05:998876 INFO  fd total count:2 - EPollPoller.cc:34
2025/08/05 16:05:998893 INFO  events happend1 - EPollPoller.cc:51
2025/08/05 16:05:998915 INFO  channel handleEvent revents:1 - Channel.cc:96
2025/08/05 16:05:998927 INFO  func =>fd21events=3index=-1 - EPollPoller.cc:91
2025/08/05 16:05:998947 INFO  New HTTP connection from: 127.0.0.1:38544 - HttpServer.cc:70
2025/08/05 16:05:998955 INFO  fd total count:7 - EPollPoller.cc:34
2025/08/05 16:05:998959 INFO  events happend1 - EPollPoller.cc:51
2025/08/05 16:05:998962 INFO  channel handleEvent revents:1 - Channel.cc:96
2025/08/05 16:05:998999 INFO  HTTP GET / 从  - Middleware.cc:57
2025/08/05 16:05:000798 INFO  HTTP GET / 响应 200 (1ms) - Middleware.cc:68
2025/08/05 16:05:000859 INFO  fd total count:7 - EPollPoller.cc:34
2025/08/05 16:05:000932 INFO  events happend1 - EPollPoller.cc:51
2025/08/05 16:05:000936 INFO  channel handleEvent revents:1 - Channel.cc:96
2025/08/05 16:05:000944 INFO  TcpConnection::handleClose fd=21state=2 - TcpConnection.cc:258
2025/08/05 16:05:000948 INFO  func =>fd21events=0index=1 - EPollPoller.cc:91
2025/08/05 16:05:000956 INFO  HTTP connection closed: 127.0.0.1:38544 - HttpServer.cc:75
2025/08/05 16:05:000974 INFO  fd total count:7 - EPollPoller.cc:34
2025/08/05 16:05:000983 INFO  events happend1 - EPollPoller.cc:51
2025/08/05 16:05:000987 INFO  channel handleEvent revents:1 - Channel.cc:96
2025/08/05 16:05:000993 INFO  TcpServer::removeConnectionInLoop [KamaHttpServer] - connection %sKamaHttpServer-0.0.0.0:8080#7 - TcpServer.cc:143
2025/08/05 16:05:001006 INFO  fd total count:2 - EPollPoller.cc:34
2025/08/05 16:05:001010 INFO  events happend1 - EPollPoller.cc:51
2025/08/05 16:05:001014 INFO  channel handleEvent revents:1 - Channel.cc:96
2025/08/05 16:05:001020 INFO  removeChannel fd=21 - EPollPoller.cc:132
2025/08/05 16:05:001024 INFO  TcpConnection::dtor[KamaHttpServer-0.0.0.0:8080#7]at fd=21state=0 - TcpConnection.cc:58
2025/08/05 16:05:001055 INFO  fd total count:6 - EPollPoller.cc:34
2025/08/05 16:05:737912 DEBUG timeout! - EPollPoller.cc:62
2025/08/05 16:05:737972 INFO  fd total count:1 - EPollPoller.cc:34
2025/08/05 16:05:743140 DEBUG timeout! - EPollPoller.cc:62
2025/08/05 16:05:743173 INFO  fd total count:1 - EPollPoller.cc:34
2025/08/05 16:05:743302 DEBUG timeout! - EPollPoller.cc:62
2025/08/05 16:05:743320 INFO  fd total count:1 - EPollPoller.cc:34
2025/08/05 16:05:403099 INFO  events happend1 - EPollPoller.cc:51
2025/08/05 16:05:403150 INFO  channel handleEvent revents:1 - Channel.cc:96
2025/08/05 16:05:403202 INFO  使用一致性哈希选择线程，索引=0 - EventLoopThreadPool.cc:114
2025/08/05 16:05:403218 INFO  TcpServer::newConnection [KamaHttpServer]- new connection [KamaHttpServer-0.0.0.0:8080#8]from %s127.0.0.1:38548 - TcpServer.cc:96
2025/08/05 16:05:403254 INFO  TcpConnection::ctor:[KamaHttpServer-0.0.0.0:8080#8]at fd=21 - TcpConnection.cc:52
2025/08/05 16:05:403324 INFO  fd total count:2 - EPollPoller.cc:34
2025/08/05 16:05:403333 INFO  events happend1 - EPollPoller.cc:51
2025/08/05 16:05:403363 INFO  channel handleEvent revents:1 - Channel.cc:96
2025/08/05 16:05:403377 INFO  func =>fd21events=3index=-1 - EPollPoller.cc:91
2025/08/05 16:05:403400 INFO  New HTTP connection from: 127.0.0.1:38548 - HttpServer.cc:70
2025/08/05 16:05:403408 INFO  fd total count:7 - EPollPoller.cc:34
2025/08/05 16:05:403412 INFO  events happend1 - EPollPoller.cc:51
2025/08/05 16:05:403415 INFO  channel handleEvent revents:1 - Channel.cc:96
2025/08/05 16:05:403452 INFO  HTTP GET /api/status 从  - Middleware.cc:57
2025/08/05 16:05:403473 INFO  HTTP GET /api/status 响应 200 (0ms) - Middleware.cc:68
2025/08/05 16:05:403520 INFO  fd total count:7 - EPollPoller.cc:34
2025/08/05 16:05:403612 INFO  events happend1 - EPollPoller.cc:51
2025/08/05 16:05:403615 INFO  channel handleEvent revents:1 - Channel.cc:96
2025/08/05 16:05:403622 INFO  TcpConnection::handleClose fd=21state=2 - TcpConnection.cc:258
2025/08/05 16:05:403625 INFO  func =>fd21events=0index=1 - EPollPoller.cc:91
2025/08/05 16:05:403633 INFO  HTTP connection closed: 127.0.0.1:38548 - HttpServer.cc:75
2025/08/05 16:05:403650 INFO  fd total count:7 - EPollPoller.cc:34
2025/08/05 16:05:403672 INFO  events happend1 - EPollPoller.cc:51
2025/08/05 16:05:403684 INFO  channel handleEvent revents:1 - Channel.cc:96
2025/08/05 16:05:403699 INFO  TcpServer::removeConnectionInLoop [KamaHttpServer] - connection %sKamaHttpServer-0.0.0.0:8080#8 - TcpServer.cc:143
2025/08/05 16:05:403734 INFO  events happend1 - EPollPoller.cc:51
2025/08/05 16:05:403735 INFO  fd total count:2 - EPollPoller.cc:34
2025/08/05 16:05:403738 INFO  channel handleEvent revents:1 - Channel.cc:96
2025/08/05 16:05:403764 INFO  removeChannel fd=21 - EPollPoller.cc:132
2025/08/05 16:05:403768 INFO  TcpConnection::dtor[KamaHttpServer-0.0.0.0:8080#8]at fd=21state=0 - TcpConnection.cc:58
2025/08/05 16:05:403799 INFO  fd total count:6 - EPollPoller.cc:34
2025/08/05 16:05:138931 INFO  events happend1 - EPollPoller.cc:51
2025/08/05 16:05:138953 INFO  channel handleEvent revents:1 - Channel.cc:96
2025/08/05 16:05:138977 INFO  使用一致性哈希选择线程，索引=0 - EventLoopThreadPool.cc:114
2025/08/05 16:05:138984 INFO  TcpServer::newConnection [KamaHttpServer]- new connection [KamaHttpServer-0.0.0.0:8080#9]from %s127.0.0.1:38550 - TcpServer.cc:96
2025/08/05 16:05:138998 INFO  TcpConnection::ctor:[KamaHttpServer-0.0.0.0:8080#9]at fd=21 - TcpConnection.cc:52
2025/08/05 16:05:139028 INFO  fd total count:2 - EPollPoller.cc:34
2025/08/05 16:05:139079 INFO  events happend1 - EPollPoller.cc:51
2025/08/05 16:05:139128 INFO  channel handleEvent revents:1 - Channel.cc:96
2025/08/05 16:05:139162 INFO  func =>fd21events=3index=-1 - EPollPoller.cc:91
2025/08/05 16:05:139205 INFO  New HTTP connection from: 127.0.0.1:38550 - HttpServer.cc:70
2025/08/05 16:05:139226 INFO  fd total count:7 - EPollPoller.cc:34
2025/08/05 16:05:139239 INFO  events happend1 - EPollPoller.cc:51
2025/08/05 16:05:139248 INFO  channel handleEvent revents:1 - Channel.cc:96
2025/08/05 16:05:139359 INFO  HTTP GET / 从  - Middleware.cc:57
2025/08/05 16:05:145190 INFO  HTTP GET / 响应 200 (5ms) - Middleware.cc:68
2025/08/05 16:05:145338 INFO  fd total count:7 - EPollPoller.cc:34
2025/08/05 16:05:157717 INFO  events happend1 - EPollPoller.cc:51
2025/08/05 16:05:157747 INFO  channel handleEvent revents:1 - Channel.cc:96
2025/08/05 16:05:157865 INFO  HTTP GET /css/openwebui-style.css 从  - Middleware.cc:57
2025/08/05 16:05:162234 INFO  HTTP GET /css/openwebui-style.css 响应 200 (4ms) - Middleware.cc:68
2025/08/05 16:05:162390 INFO  fd total count:7 - EPollPoller.cc:34
2025/08/05 16:05:169246 INFO  events happend1 - EPollPoller.cc:51
2025/08/05 16:05:169267 INFO  channel handleEvent revents:1 - Channel.cc:96
2025/08/05 16:05:169357 INFO  HTTP GET /css/admin-modal.css 从  - Middleware.cc:57
2025/08/05 16:05:174166 INFO  HTTP GET /css/admin-modal.css 响应 200 (4ms) - Middleware.cc:68
2025/08/05 16:05:174307 INFO  fd total count:7 - EPollPoller.cc:34
2025/08/05 16:05:181626 INFO  events happend1 - EPollPoller.cc:51
2025/08/05 16:05:181647 INFO  channel handleEvent revents:1 - Channel.cc:96
2025/08/05 16:05:181736 INFO  HTTP GET /js/openwebui-app.js 从  - Middleware.cc:57
2025/08/05 16:05:188715 INFO  HTTP GET /js/openwebui-app.js 响应 200 (6ms) - Middleware.cc:68
2025/08/05 16:05:188919 INFO  fd total count:7 - EPollPoller.cc:34
2025/08/05 16:05:195119 INFO  events happend1 - EPollPoller.cc:51
2025/08/05 16:05:195129 INFO  channel handleEvent revents:1 - Channel.cc:96
2025/08/05 16:05:195161 INFO  HTTP GET /js/admin-console.js 从  - Middleware.cc:57
2025/08/05 16:05:196286 INFO  HTTP GET /js/admin-console.js 响应 200 (1ms) - Middleware.cc:68
2025/08/05 16:05:196323 INFO  fd total count:7 - EPollPoller.cc:34
2025/08/05 16:05:203991 INFO  events happend1 - EPollPoller.cc:51
2025/08/05 16:05:204012 INFO  channel handleEvent revents:1 - Channel.cc:96
2025/08/05 16:05:204094 INFO  HTTP GET /js/auth-manager.js 从  - Middleware.cc:57
2025/08/05 16:05:207916 INFO  HTTP GET /js/auth-manager.js 响应 200 (3ms) - Middleware.cc:68
2025/08/05 16:05:208022 INFO  fd total count:7 - EPollPoller.cc:34
2025/08/05 16:05:230591 INFO  events happend1 - EPollPoller.cc:51
2025/08/05 16:05:230616 INFO  channel handleEvent revents:1 - Channel.cc:96
2025/08/05 16:05:230709 INFO  HTTP GET /api/models 从  - Middleware.cc:57
2025/08/05 16:05:230752 INFO  HTTP GET /api/models 响应 200 (0ms) - Middleware.cc:68
2025/08/05 16:05:230857 INFO  fd total count:7 - EPollPoller.cc:34
2025/08/05 16:05:240172 INFO  events happend1 - EPollPoller.cc:51
2025/08/05 16:05:240193 INFO  channel handleEvent revents:1 - Channel.cc:96
2025/08/05 16:05:240271 INFO  HTTP GET /api/status 从  - Middleware.cc:57
2025/08/05 16:05:240312 INFO  HTTP GET /api/status 响应 200 (0ms) - Middleware.cc:68
2025/08/05 16:05:240394 INFO  fd total count:7 - EPollPoller.cc:34
2025/08/05 16:05:397432 INFO  events happend1 - EPollPoller.cc:51
2025/08/05 16:05:397459 INFO  channel handleEvent revents:1 - Channel.cc:96
2025/08/05 16:05:397482 INFO  使用一致性哈希选择线程，索引=0 - EventLoopThreadPool.cc:114
2025/08/05 16:05:397490 INFO  TcpServer::newConnection [KamaHttpServer]- new connection [KamaHttpServer-0.0.0.0:8080#10]from %s127.0.0.1:38552 - TcpServer.cc:96
2025/08/05 16:05:397503 INFO  TcpConnection::ctor:[KamaHttpServer-0.0.0.0:8080#10]at fd=28 - TcpConnection.cc:52
2025/08/05 16:05:397531 INFO  fd total count:2 - EPollPoller.cc:34
2025/08/05 16:05:397578 INFO  events happend1 - EPollPoller.cc:51
2025/08/05 16:05:397612 INFO  channel handleEvent revents:1 - Channel.cc:96
2025/08/05 16:05:397635 INFO  func =>fd28events=3index=-1 - EPollPoller.cc:91
2025/08/05 16:05:397675 INFO  New HTTP connection from: 127.0.0.1:38552 - HttpServer.cc:70
2025/08/05 16:05:397695 INFO  fd total count:8 - EPollPoller.cc:34
2025/08/05 16:05:486612 INFO  events happend1 - EPollPoller.cc:51
2025/08/05 16:05:486626 INFO  channel handleEvent revents:1 - Channel.cc:96
2025/08/05 16:05:486642 INFO  使用一致性哈希选择线程，索引=0 - EventLoopThreadPool.cc:114
2025/08/05 16:05:486648 INFO  TcpServer::newConnection [KamaHttpServer]- new connection [KamaHttpServer-0.0.0.0:8080#11]from %s127.0.0.1:38554 - TcpServer.cc:96
2025/08/05 16:05:486659 INFO  TcpConnection::ctor:[KamaHttpServer-0.0.0.0:8080#11]at fd=29 - TcpConnection.cc:52
2025/08/05 16:05:486680 INFO  fd total count:2 - EPollPoller.cc:34
2025/08/05 16:05:486715 INFO  events happend1 - EPollPoller.cc:51
2025/08/05 16:05:486750 INFO  channel handleEvent revents:1 - Channel.cc:96
2025/08/05 16:05:486773 INFO  func =>fd29events=3index=-1 - EPollPoller.cc:91
2025/08/05 16:05:486810 INFO  New HTTP connection from: 127.0.0.1:38554 - HttpServer.cc:70
2025/08/05 16:05:486829 INFO  fd total count:9 - EPollPoller.cc:34
2025/08/05 16:05:487283 INFO  events happend1 - EPollPoller.cc:51
2025/08/05 16:05:487287 INFO  channel handleEvent revents:1 - Channel.cc:96
2025/08/05 16:05:487296 INFO  使用一致性哈希选择线程，索引=0 - EventLoopThreadPool.cc:114
2025/08/05 16:05:487299 INFO  TcpServer::newConnection [KamaHttpServer]- new connection [KamaHttpServer-0.0.0.0:8080#12]from %s127.0.0.1:38558 - TcpServer.cc:96
2025/08/05 16:05:487306 INFO  TcpConnection::ctor:[KamaHttpServer-0.0.0.0:8080#12]at fd=30 - TcpConnection.cc:52
2025/08/05 16:05:487322 INFO  fd total count:2 - EPollPoller.cc:34
2025/08/05 16:05:487344 INFO  events happend1 - EPollPoller.cc:51
2025/08/05 16:05:487356 INFO  channel handleEvent revents:1 - Channel.cc:96
2025/08/05 16:05:487369 INFO  func =>fd30events=3index=-1 - EPollPoller.cc:91
2025/08/05 16:05:487390 INFO  New HTTP connection from: 127.0.0.1:38558 - HttpServer.cc:70
2025/08/05 16:05:487403 INFO  fd total count:10 - EPollPoller.cc:34
2025/08/05 16:05:488196 INFO  events happend1 - EPollPoller.cc:51
2025/08/05 16:05:488200 INFO  channel handleEvent revents:1 - Channel.cc:96
2025/08/05 16:05:488207 INFO  使用一致性哈希选择线程，索引=0 - EventLoopThreadPool.cc:114
2025/08/05 16:05:488211 INFO  TcpServer::newConnection [KamaHttpServer]- new connection [KamaHttpServer-0.0.0.0:8080#13]from %s127.0.0.1:38560 - TcpServer.cc:96
2025/08/05 16:05:488218 INFO  TcpConnection::ctor:[KamaHttpServer-0.0.0.0:8080#13]at fd=31 - TcpConnection.cc:52
2025/08/05 16:05:488232 INFO  fd total count:2 - EPollPoller.cc:34
2025/08/05 16:05:488254 INFO  events happend1 - EPollPoller.cc:51
2025/08/05 16:05:488265 INFO  channel handleEvent revents:1 - Channel.cc:96
2025/08/05 16:05:488279 INFO  func =>fd31events=3index=-1 - EPollPoller.cc:91
2025/08/05 16:05:488300 INFO  New HTTP connection from: 127.0.0.1:38560 - HttpServer.cc:70
2025/08/05 16:05:488315 INFO  fd total count:11 - EPollPoller.cc:34
2025/08/05 16:05:492139 INFO  events happend1 - EPollPoller.cc:51
2025/08/05 16:05:492148 INFO  channel handleEvent revents:1 - Channel.cc:96
2025/08/05 16:05:492159 INFO  使用一致性哈希选择线程，索引=0 - EventLoopThreadPool.cc:114
2025/08/05 16:05:492163 INFO  TcpServer::newConnection [KamaHttpServer]- new connection [KamaHttpServer-0.0.0.0:8080#14]from %s127.0.0.1:38562 - TcpServer.cc:96
2025/08/05 16:05:492172 INFO  TcpConnection::ctor:[KamaHttpServer-0.0.0.0:8080#14]at fd=32 - TcpConnection.cc:52
2025/08/05 16:05:492191 INFO  fd total count:2 - EPollPoller.cc:34
2025/08/05 16:05:492219 INFO  events happend1 - EPollPoller.cc:51
2025/08/05 16:05:492236 INFO  channel handleEvent revents:1 - Channel.cc:96
2025/08/05 16:05:492252 INFO  func =>fd32events=3index=-1 - EPollPoller.cc:91
2025/08/05 16:05:492277 INFO  New HTTP connection from: 127.0.0.1:38562 - HttpServer.cc:70
2025/08/05 16:05:492293 INFO  fd total count:12 - EPollPoller.cc:34
2025/08/05 16:05:748020 DEBUG timeout! - EPollPoller.cc:62
2025/08/05 16:05:748053 INFO  fd total count:1 - EPollPoller.cc:34
2025/08/05 16:05:753234 DEBUG timeout! - EPollPoller.cc:62
2025/08/05 16:05:753289 INFO  fd total count:1 - EPollPoller.cc:34
2025/08/05 16:05:753352 DEBUG timeout! - EPollPoller.cc:62
2025/08/05 16:05:753370 INFO  fd total count:1 - EPollPoller.cc:34
2025/08/05 16:05:502230 DEBUG timeout! - EPollPoller.cc:62
2025/08/05 16:05:502272 INFO  fd total count:2 - EPollPoller.cc:34
2025/08/05 16:05:502354 DEBUG timeout! - EPollPoller.cc:62
2025/08/05 16:05:502380 INFO  fd total count:12 - EPollPoller.cc:34
2025/08/05 16:05:758089 DEBUG timeout! - EPollPoller.cc:62
2025/08/05 16:05:758123 INFO  fd total count:1 - EPollPoller.cc:34
2025/08/05 16:05:763355 DEBUG timeout! - EPollPoller.cc:62
2025/08/05 16:05:763382 INFO  fd total count:1 - EPollPoller.cc:34
2025/08/05 16:05:763423 DEBUG timeout! - EPollPoller.cc:62
2025/08/05 16:05:763444 INFO  fd total count:1 - EPollPoller.cc:34
2025/08/05 16:05:377228 INFO  events happend1 - EPollPoller.cc:51
2025/08/05 16:05:377258 INFO  channel handleEvent revents:1 - Channel.cc:96
2025/08/05 16:05:377332 INFO  HTTP GET / 从  - Middleware.cc:57
2025/08/05 16:05:379131 INFO  HTTP GET / 响应 200 (1ms) - Middleware.cc:68
2025/08/05 16:05:379194 INFO  fd total count:12 - EPollPoller.cc:34
2025/08/05 16:05:402138 INFO  events happend1 - EPollPoller.cc:51
2025/08/05 16:05:402154 INFO  channel handleEvent revents:1 - Channel.cc:96
2025/08/05 16:05:402208 INFO  HTTP GET /css/openwebui-style.css 从  - Middleware.cc:57
2025/08/05 16:05:403568 INFO  HTTP GET /css/openwebui-style.css 响应 200 (1ms) - Middleware.cc:68
2025/08/05 16:05:403621 INFO  fd total count:12 - EPollPoller.cc:34
2025/08/05 16:05:405368 INFO  events happend1 - EPollPoller.cc:51
2025/08/05 16:05:405380 INFO  channel handleEvent revents:1 - Channel.cc:96
2025/08/05 16:05:405422 INFO  HTTP GET /css/admin-modal.css 从  - Middleware.cc:57
2025/08/05 16:05:406870 INFO  HTTP GET /css/admin-modal.css 响应 200 (1ms) - Middleware.cc:68
2025/08/05 16:05:406919 INFO  fd total count:12 - EPollPoller.cc:34
2025/08/05 16:05:410319 INFO  events happend1 - EPollPoller.cc:51
2025/08/05 16:05:410328 INFO  channel handleEvent revents:1 - Channel.cc:96
2025/08/05 16:05:410365 INFO  HTTP GET /js/openwebui-app.js 从  - Middleware.cc:57
2025/08/05 16:05:412426 INFO  HTTP GET /js/openwebui-app.js 响应 200 (2ms) - Middleware.cc:68
2025/08/05 16:05:412481 INFO  fd total count:12 - EPollPoller.cc:34
2025/08/05 16:05:414362 INFO  events happend1 - EPollPoller.cc:51
2025/08/05 16:05:414375 INFO  channel handleEvent revents:1 - Channel.cc:96
2025/08/05 16:05:414416 INFO  HTTP GET /js/admin-console.js 从  - Middleware.cc:57
2025/08/05 16:05:415524 INFO  HTTP GET /js/admin-console.js 响应 200 (1ms) - Middleware.cc:68
2025/08/05 16:05:415573 INFO  fd total count:12 - EPollPoller.cc:34
2025/08/05 16:05:419211 INFO  events happend1 - EPollPoller.cc:51
2025/08/05 16:05:419219 INFO  channel handleEvent revents:1 - Channel.cc:96
2025/08/05 16:05:419256 INFO  HTTP GET /js/auth-manager.js 从  - Middleware.cc:57
2025/08/05 16:05:420434 INFO  HTTP GET /js/auth-manager.js 响应 200 (1ms) - Middleware.cc:68
2025/08/05 16:05:420480 INFO  fd total count:12 - EPollPoller.cc:34
2025/08/05 16:05:437974 INFO  events happend1 - EPollPoller.cc:51
2025/08/05 16:05:437985 INFO  channel handleEvent revents:1 - Channel.cc:96
2025/08/05 16:05:438027 INFO  HTTP GET /api/status 从  - Middleware.cc:57
2025/08/05 16:05:438046 INFO  HTTP GET /api/status 响应 200 (0ms) - Middleware.cc:68
2025/08/05 16:05:438082 INFO  fd total count:12 - EPollPoller.cc:34
2025/08/05 16:05:438088 INFO  events happend1 - EPollPoller.cc:51
2025/08/05 16:05:438091 INFO  channel handleEvent revents:1 - Channel.cc:96
2025/08/05 16:05:438124 INFO  HTTP GET /api/models 从  - Middleware.cc:57
2025/08/05 16:05:438142 INFO  HTTP GET /api/models 响应 200 (0ms) - Middleware.cc:68
2025/08/05 16:05:438175 INFO  fd total count:12 - EPollPoller.cc:34
2025/08/05 16:05:737767 INFO  events happend1 - EPollPoller.cc:51
2025/08/05 16:05:737796 INFO  channel handleEvent revents:1 - Channel.cc:96
2025/08/05 16:05:737821 INFO  使用一致性哈希选择线程，索引=0 - EventLoopThreadPool.cc:114
2025/08/05 16:05:737828 INFO  TcpServer::newConnection [KamaHttpServer]- new connection [KamaHttpServer-0.0.0.0:8080#15]from %s127.0.0.1:38564 - TcpServer.cc:96
2025/08/05 16:05:737843 INFO  TcpConnection::ctor:[KamaHttpServer-0.0.0.0:8080#15]at fd=33 - TcpConnection.cc:52
2025/08/05 16:05:737870 INFO  fd total count:2 - EPollPoller.cc:34
2025/08/05 16:05:737882 INFO  events happend1 - EPollPoller.cc:51
2025/08/05 16:05:737901 INFO  channel handleEvent revents:1 - Channel.cc:96
2025/08/05 16:05:737911 INFO  func =>fd33events=3index=-1 - EPollPoller.cc:91
2025/08/05 16:05:737930 INFO  New HTTP connection from: 127.0.0.1:38564 - HttpServer.cc:70
2025/08/05 16:05:737938 INFO  fd total count:13 - EPollPoller.cc:34
2025/08/05 16:05:741502 INFO  events happend1 - EPollPoller.cc:51
2025/08/05 16:05:741549 INFO  channel handleEvent revents:1 - Channel.cc:96
2025/08/05 16:05:741603 INFO  使用一致性哈希选择线程，索引=0 - EventLoopThreadPool.cc:114
2025/08/05 16:05:741618 INFO  TcpServer::newConnection [KamaHttpServer]- new connection [KamaHttpServer-0.0.0.0:8080#16]from %s127.0.0.1:38566 - TcpServer.cc:96
2025/08/05 16:05:741651 INFO  TcpConnection::ctor:[KamaHttpServer-0.0.0.0:8080#16]at fd=34 - TcpConnection.cc:52
2025/08/05 16:05:741716 INFO  events happend1 - EPollPoller.cc:51
2025/08/05 16:05:741726 INFO  channel handleEvent revents:1 - Channel.cc:96
2025/08/05 16:05:741732 INFO  func =>fd34events=3index=-1 - EPollPoller.cc:91
2025/08/05 16:05:741717 INFO  fd total count:2 - EPollPoller.cc:34
2025/08/05 16:05:741745 INFO  New HTTP connection from: 127.0.0.1:38566 - HttpServer.cc:70
2025/08/05 16:05:741751 INFO  fd total count:14 - EPollPoller.cc:34
2025/08/05 16:05:741752 INFO  events happend1 - EPollPoller.cc:51
2025/08/05 16:05:741763 INFO  channel handleEvent revents:1 - Channel.cc:96
2025/08/05 16:05:741786 INFO  使用一致性哈希选择线程，索引=0 - EventLoopThreadPool.cc:114
2025/08/05 16:05:741796 INFO  TcpServer::newConnection [KamaHttpServer]- new connection [KamaHttpServer-0.0.0.0:8080#17]from %s127.0.0.1:38568 - TcpServer.cc:96
2025/08/05 16:05:741817 INFO  TcpConnection::ctor:[KamaHttpServer-0.0.0.0:8080#17]at fd=35 - TcpConnection.cc:52
2025/08/05 16:05:741877 INFO  events happend1 - EPollPoller.cc:51
2025/08/05 16:05:741879 INFO  fd total count:2 - EPollPoller.cc:34
2025/08/05 16:05:741881 INFO  channel handleEvent revents:1 - Channel.cc:96
2025/08/05 16:05:741909 INFO  func =>fd35events=3index=-1 - EPollPoller.cc:91
2025/08/05 16:05:741918 INFO  New HTTP connection from: 127.0.0.1:38568 - HttpServer.cc:70
2025/08/05 16:05:741922 INFO  fd total count:15 - EPollPoller.cc:34
2025/08/05 16:05:768158 DEBUG timeout! - EPollPoller.cc:62
2025/08/05 16:05:768190 INFO  fd total count:1 - EPollPoller.cc:34
2025/08/05 16:05:773431 DEBUG timeout! - EPollPoller.cc:62
2025/08/05 16:05:773457 INFO  fd total count:1 - EPollPoller.cc:34
2025/08/05 16:05:773499 DEBUG timeout! - EPollPoller.cc:62
2025/08/05 16:05:773520 INFO  fd total count:1 - EPollPoller.cc:34
2025/08/05 16:05:751928 DEBUG timeout! - EPollPoller.cc:62
2025/08/05 16:05:751956 DEBUG timeout! - EPollPoller.cc:62
2025/08/05 16:05:751962 INFO  fd total count:2 - EPollPoller.cc:34
2025/08/05 16:05:751991 INFO  fd total count:15 - EPollPoller.cc:34
2025/08/05 16:06:203063 INFO  events happend1 - EPollPoller.cc:51
2025/08/05 16:06:203096 INFO  channel handleEvent revents:1 - Channel.cc:96
2025/08/05 16:06:203171 INFO  HTTP POST /api/auth/register 从  - Middleware.cc:57
2025/08/05 16:06:203225 INFO  HTTP POST /api/auth/register 响应 400 (0ms) - Middleware.cc:68
2025/08/05 16:06:203283 INFO  fd total count:15 - EPollPoller.cc:34
2025/08/05 16:06:778226 DEBUG timeout! - EPollPoller.cc:62
2025/08/05 16:06:778272 INFO  fd total count:1 - EPollPoller.cc:34
2025/08/05 16:06:783514 DEBUG timeout! - EPollPoller.cc:62
2025/08/05 16:06:783526 INFO  fd total count:1 - EPollPoller.cc:34
2025/08/05 16:06:783572 DEBUG timeout! - EPollPoller.cc:62
2025/08/05 16:06:783599 INFO  fd total count:1 - EPollPoller.cc:34
2025/08/05 16:06:363882 INFO  events happend1 - EPollPoller.cc:51
2025/08/05 16:06:363945 INFO  channel handleEvent revents:1 - Channel.cc:96
2025/08/05 16:06:364103 INFO  HTTP POST /api/auth/register 从  - Middleware.cc:57
2025/08/05 16:06:364237 INFO  HTTP POST /api/auth/register 响应 400 (0ms) - Middleware.cc:68
2025/08/05 16:06:364381 INFO  fd total count:15 - EPollPoller.cc:34
2025/08/05 16:06:762022 DEBUG timeout! - EPollPoller.cc:62
2025/08/05 16:06:762059 INFO  fd total count:2 - EPollPoller.cc:34
2025/08/05 16:06:788307 DEBUG timeout! - EPollPoller.cc:62
2025/08/05 16:06:788342 INFO  fd total count:1 - EPollPoller.cc:34
2025/08/05 16:06:793590 DEBUG timeout! - EPollPoller.cc:62
2025/08/05 16:06:793627 DEBUG timeout! - EPollPoller.cc:62
2025/08/05 16:06:793647 INFO  fd total count:1 - EPollPoller.cc:34
2025/08/05 16:06:793648 INFO  fd total count:1 - EPollPoller.cc:34
2025/08/05 16:06:374429 DEBUG timeout! - EPollPoller.cc:62
2025/08/05 16:06:374462 INFO  fd total count:15 - EPollPoller.cc:34
2025/08/05 16:06:772091 DEBUG timeout! - EPollPoller.cc:62
2025/08/05 16:06:772126 INFO  fd total count:2 - EPollPoller.cc:34
2025/08/05 16:06:170303 INFO  events happend1 - EPollPoller.cc:51
2025/08/05 16:06:170335 INFO  channel handleEvent revents:1 - Channel.cc:96
2025/08/05 16:06:170407 INFO  HTTP POST /api/auth/login 从  - Middleware.cc:57
2025/08/05 16:06:170909 WARN  登录失败，用户名或密码错误: jjw123 - main_http_modular.cc:737
2025/08/05 16:06:170922 INFO  HTTP POST /api/auth/login 响应 401 (0ms) - Middleware.cc:68
2025/08/05 16:06:170962 INFO  fd total count:15 - EPollPoller.cc:34
2025/08/05 16:06:798376 DEBUG timeout! - EPollPoller.cc:62
2025/08/05 16:06:798408 INFO  fd total count:1 - EPollPoller.cc:34
2025/08/05 16:06:803712 DEBUG timeout! - EPollPoller.cc:62
2025/08/05 16:06:803736 INFO  fd total count:1 - EPollPoller.cc:34
2025/08/05 16:06:803737 DEBUG timeout! - EPollPoller.cc:62
2025/08/05 16:06:803779 INFO  fd total count:1 - EPollPoller.cc:34
2025/08/05 16:06:782169 DEBUG timeout! - EPollPoller.cc:62
2025/08/05 16:06:782208 INFO  fd total count:2 - EPollPoller.cc:34
2025/08/05 16:06:181018 DEBUG timeout! - EPollPoller.cc:62
2025/08/05 16:06:181053 INFO  fd total count:15 - EPollPoller.cc:34
2025/08/05 16:06:808478 DEBUG timeout! - EPollPoller.cc:62
2025/08/05 16:06:808544 INFO  fd total count:1 - EPollPoller.cc:34
2025/08/05 16:06:813804 DEBUG timeout! - EPollPoller.cc:62
2025/08/05 16:06:813820 DEBUG timeout! - EPollPoller.cc:62
2025/08/05 16:06:813848 INFO  fd total count:1 - EPollPoller.cc:34
2025/08/05 16:06:813856 INFO  fd total count:1 - EPollPoller.cc:34
2025/08/05 16:06:776133 INFO  events happend1 - EPollPoller.cc:51
2025/08/05 16:06:776169 INFO  channel handleEvent revents:1 - Channel.cc:96
2025/08/05 16:06:776243 INFO  HTTP POST /api/auth/register 从  - Middleware.cc:57
2025/08/05 16:06:776296 INFO  HTTP POST /api/auth/register 响应 400 (0ms) - Middleware.cc:68
2025/08/05 16:06:776353 INFO  fd total count:15 - EPollPoller.cc:34
2025/08/05 16:06:792272 DEBUG timeout! - EPollPoller.cc:62
2025/08/05 16:06:792324 INFO  fd total count:2 - EPollPoller.cc:34
2025/08/05 16:06:818593 DEBUG timeout! - EPollPoller.cc:62
2025/08/05 16:06:818625 INFO  fd total count:1 - EPollPoller.cc:34
2025/08/05 16:06:823905 DEBUG timeout! - EPollPoller.cc:62
2025/08/05 16:06:823915 DEBUG timeout! - EPollPoller.cc:62
2025/08/05 16:06:823934 INFO  fd total count:1 - EPollPoller.cc:34
2025/08/05 16:06:823958 INFO  fd total count:1 - EPollPoller.cc:34
2025/08/05 16:06:786403 DEBUG timeout! - EPollPoller.cc:62
2025/08/05 16:06:786436 INFO  fd total count:15 - EPollPoller.cc:34
2025/08/05 16:06:802386 DEBUG timeout! - EPollPoller.cc:62
2025/08/05 16:06:802441 INFO  fd total count:2 - EPollPoller.cc:34
2025/08/05 16:06:828660 DEBUG timeout! - EPollPoller.cc:62
2025/08/05 16:06:828694 INFO  fd total count:1 - EPollPoller.cc:34
2025/08/05 16:06:834020 DEBUG timeout! - EPollPoller.cc:62
2025/08/05 16:06:834051 INFO  fd total count:1 - EPollPoller.cc:34
2025/08/05 16:06:834020 DEBUG timeout! - EPollPoller.cc:62
2025/08/05 16:06:834080 INFO  fd total count:1 - EPollPoller.cc:34
2025/08/05 16:06:796565 DEBUG timeout! - EPollPoller.cc:62
2025/08/05 16:06:796630 INFO  fd total count:15 - EPollPoller.cc:34
2025/08/05 16:06:812482 DEBUG timeout! - EPollPoller.cc:62
2025/08/05 16:06:812518 INFO  fd total count:2 - EPollPoller.cc:34
2025/08/05 16:07:389092 INFO  events happend1 - EPollPoller.cc:51
2025/08/05 16:07:389123 INFO  channel handleEvent revents:1 - Channel.cc:96
2025/08/05 16:07:389191 INFO  HTTP GET / 从  - Middleware.cc:57
2025/08/05 16:07:390975 INFO  HTTP GET / 响应 200 (1ms) - Middleware.cc:68
2025/08/05 16:07:391034 INFO  fd total count:15 - EPollPoller.cc:34
2025/08/05 16:07:418969 INFO  events happend1 - EPollPoller.cc:51
2025/08/05 16:07:418983 INFO  channel handleEvent revents:1 - Channel.cc:96
2025/08/05 16:07:419024 INFO  HTTP GET /css/openwebui-style.css 从  - Middleware.cc:57
2025/08/05 16:07:420351 INFO  HTTP GET /css/openwebui-style.css 响应 200 (1ms) - Middleware.cc:68
2025/08/05 16:07:420390 INFO  fd total count:15 - EPollPoller.cc:34
2025/08/05 16:07:420395 INFO  events happend1 - EPollPoller.cc:51
2025/08/05 16:07:420398 INFO  channel handleEvent revents:1 - Channel.cc:96
2025/08/05 16:07:420425 INFO  HTTP GET /css/admin-modal.css 从  - Middleware.cc:57
2025/08/05 16:07:421837 INFO  HTTP GET /css/admin-modal.css 响应 200 (1ms) - Middleware.cc:68
2025/08/05 16:07:421876 INFO  fd total count:15 - EPollPoller.cc:34
2025/08/05 16:07:436035 INFO  events happend1 - EPollPoller.cc:51
2025/08/05 16:07:436047 INFO  channel handleEvent revents:1 - Channel.cc:96
2025/08/05 16:07:436086 INFO  HTTP GET /js/openwebui-app.js 从  - Middleware.cc:57
2025/08/05 16:07:438192 INFO  HTTP GET /js/openwebui-app.js 响应 200 (2ms) - Middleware.cc:68
2025/08/05 16:07:438237 INFO  fd total count:15 - EPollPoller.cc:34
2025/08/05 16:07:449555 INFO  events happend1 - EPollPoller.cc:51
2025/08/05 16:07:449560 INFO  channel handleEvent revents:1 - Channel.cc:96
2025/08/05 16:07:449591 INFO  HTTP GET /js/admin-console.js 从  - Middleware.cc:57
2025/08/05 16:07:450692 INFO  HTTP GET /js/admin-console.js 响应 200 (1ms) - Middleware.cc:68
2025/08/05 16:07:450736 INFO  fd total count:15 - EPollPoller.cc:34
2025/08/05 16:07:452095 INFO  events happend1 - EPollPoller.cc:51
2025/08/05 16:07:452099 INFO  channel handleEvent revents:1 - Channel.cc:96
2025/08/05 16:07:452128 INFO  HTTP GET /js/auth-manager.js 从  - Middleware.cc:57
2025/08/05 16:07:453262 INFO  HTTP GET /js/auth-manager.js 响应 200 (1ms) - Middleware.cc:68
2025/08/05 16:07:453293 INFO  fd total count:15 - EPollPoller.cc:34
2025/08/05 16:07:504368 INFO  events happend1 - EPollPoller.cc:51
2025/08/05 16:07:504383 INFO  channel handleEvent revents:1 - Channel.cc:96
2025/08/05 16:07:504426 INFO  HTTP GET /api/models 从  - Middleware.cc:57
2025/08/05 16:07:504442 INFO  HTTP GET /api/models 响应 200 (0ms) - Middleware.cc:68
2025/08/05 16:07:504478 INFO  fd total count:15 - EPollPoller.cc:34
2025/08/05 16:07:505095 INFO  events happend1 - EPollPoller.cc:51
2025/08/05 16:07:505099 INFO  channel handleEvent revents:1 - Channel.cc:96
2025/08/05 16:07:505124 INFO  HTTP GET /api/status 从  - Middleware.cc:57
2025/08/05 16:07:505138 INFO  HTTP GET /api/status 响应 200 (0ms) - Middleware.cc:68
2025/08/05 16:07:505167 INFO  fd total count:15 - EPollPoller.cc:34
2025/08/05 16:07:742104 INFO  events happend1 - EPollPoller.cc:51
2025/08/05 16:07:742154 INFO  channel handleEvent revents:1 - Channel.cc:96
2025/08/05 16:07:742204 INFO  使用一致性哈希选择线程，索引=0 - EventLoopThreadPool.cc:114
2025/08/05 16:07:742221 INFO  TcpServer::newConnection [KamaHttpServer]- new connection [KamaHttpServer-0.0.0.0:8080#18]from %s127.0.0.1:38570 - TcpServer.cc:96
2025/08/05 16:07:742255 INFO  TcpConnection::ctor:[KamaHttpServer-0.0.0.0:8080#18]at fd=36 - TcpConnection.cc:52
2025/08/05 16:07:742352 INFO  fd total count:2 - EPollPoller.cc:34
2025/08/05 16:07:742362 INFO  events happend1 - EPollPoller.cc:51
2025/08/05 16:07:742381 INFO  channel handleEvent revents:1 - Channel.cc:96
2025/08/05 16:07:742392 INFO  func =>fd36events=3index=-1 - EPollPoller.cc:91
2025/08/05 16:07:742410 INFO  New HTTP connection from: 127.0.0.1:38570 - HttpServer.cc:70
2025/08/05 16:07:742418 INFO  fd total count:16 - EPollPoller.cc:34
2025/08/05 16:07:743790 INFO  events happend1 - EPollPoller.cc:51
2025/08/05 16:07:743810 INFO  channel handleEvent revents:1 - Channel.cc:96
2025/08/05 16:07:743842 INFO  使用一致性哈希选择线程，索引=0 - EventLoopThreadPool.cc:114
2025/08/05 16:07:743855 INFO  TcpServer::newConnection [KamaHttpServer]- new connection [KamaHttpServer-0.0.0.0:8080#19]from %s127.0.0.1:38572 - TcpServer.cc:96
2025/08/05 16:07:743892 INFO  TcpConnection::ctor:[KamaHttpServer-0.0.0.0:8080#19]at fd=37 - TcpConnection.cc:52
2025/08/05 16:07:743946 INFO  fd total count:2 - EPollPoller.cc:34
2025/08/05 16:07:743948 INFO  events happend1 - EPollPoller.cc:51
2025/08/05 16:07:743979 INFO  channel handleEvent revents:1 - Channel.cc:96
2025/08/05 16:07:743984 INFO  func =>fd37events=3index=-1 - EPollPoller.cc:91
2025/08/05 16:07:743993 INFO  New HTTP connection from: 127.0.0.1:38572 - HttpServer.cc:70
2025/08/05 16:07:743998 INFO  fd total count:17 - EPollPoller.cc:34
2025/08/05 16:07:746755 INFO  events happend1 - EPollPoller.cc:51
2025/08/05 16:07:746775 INFO  channel handleEvent revents:1 - Channel.cc:96
2025/08/05 16:07:746804 INFO  使用一致性哈希选择线程，索引=0 - EventLoopThreadPool.cc:114
2025/08/05 16:07:746817 INFO  TcpServer::newConnection [KamaHttpServer]- new connection [KamaHttpServer-0.0.0.0:8080#20]from %s127.0.0.1:38574 - TcpServer.cc:96
2025/08/05 16:07:746849 INFO  TcpConnection::ctor:[KamaHttpServer-0.0.0.0:8080#20]at fd=38 - TcpConnection.cc:52
2025/08/05 16:07:746899 INFO  fd total count:2 - EPollPoller.cc:34
2025/08/05 16:07:746901 INFO  events happend1 - EPollPoller.cc:51
2025/08/05 16:07:746929 INFO  channel handleEvent revents:1 - Channel.cc:96
2025/08/05 16:07:746935 INFO  func =>fd38events=3index=-1 - EPollPoller.cc:91
2025/08/05 16:07:746945 INFO  New HTTP connection from: 127.0.0.1:38574 - HttpServer.cc:70
2025/08/05 16:07:746950 INFO  fd total count:18 - EPollPoller.cc:34
2025/08/05 16:07:838726 DEBUG timeout! - EPollPoller.cc:62
2025/08/05 16:07:838747 INFO  fd total count:1 - EPollPoller.cc:34
2025/08/05 16:07:844107 DEBUG timeout! - EPollPoller.cc:62
2025/08/05 16:07:844119 DEBUG timeout! - EPollPoller.cc:62
2025/08/05 16:07:844126 INFO  fd total count:1 - EPollPoller.cc:34
2025/08/05 16:07:844141 INFO  fd total count:1 - EPollPoller.cc:34
2025/08/05 16:07:340909 INFO  events happend1 - EPollPoller.cc:51
2025/08/05 16:07:340937 INFO  channel handleEvent revents:1 - Channel.cc:96
2025/08/05 16:07:341013 INFO  HTTP GET / 从  - Middleware.cc:57
2025/08/05 16:07:342833 INFO  HTTP GET / 响应 200 (1ms) - Middleware.cc:68
2025/08/05 16:07:342901 INFO  fd total count:18 - EPollPoller.cc:34
2025/08/05 16:07:387545 INFO  events happend1 - EPollPoller.cc:51
2025/08/05 16:07:387560 INFO  channel handleEvent revents:1 - Channel.cc:96
2025/08/05 16:07:387612 INFO  HTTP GET /css/admin-modal.css 从  - Middleware.cc:57
2025/08/05 16:07:388972 INFO  HTTP GET /css/admin-modal.css 响应 200 (1ms) - Middleware.cc:68
2025/08/05 16:07:389022 INFO  fd total count:18 - EPollPoller.cc:34
2025/08/05 16:07:389030 INFO  events happend4 - EPollPoller.cc:51
2025/08/05 16:07:389035 INFO  channel handleEvent revents:1 - Channel.cc:96
2025/08/05 16:07:389062 INFO  HTTP GET /css/openwebui-style.css 从  - Middleware.cc:57
2025/08/05 16:07:390385 INFO  HTTP GET /css/openwebui-style.css 响应 200 (1ms) - Middleware.cc:68
2025/08/05 16:07:390420 INFO  channel handleEvent revents:1 - Channel.cc:96
2025/08/05 16:07:390451 INFO  HTTP GET /js/openwebui-app.js 从  - Middleware.cc:57
2025/08/05 16:07:392538 INFO  HTTP GET /js/openwebui-app.js 响应 200 (2ms) - Middleware.cc:68
2025/08/05 16:07:392575 INFO  channel handleEvent revents:1 - Channel.cc:96
2025/08/05 16:07:392603 INFO  HTTP GET /js/auth-manager.js 从  - Middleware.cc:57
2025/08/05 16:07:393788 INFO  HTTP GET /js/auth-manager.js 响应 200 (1ms) - Middleware.cc:68
2025/08/05 16:07:393825 INFO  channel handleEvent revents:1 - Channel.cc:96
2025/08/05 16:07:393854 INFO  HTTP GET /js/admin-console.js 从  - Middleware.cc:57
2025/08/05 16:07:395020 INFO  HTTP GET /js/admin-console.js 响应 200 (1ms) - Middleware.cc:68
2025/08/05 16:07:395059 INFO  fd total count:18 - EPollPoller.cc:34
2025/08/05 16:07:405433 INFO  events happend1 - EPollPoller.cc:51
2025/08/05 16:07:405440 INFO  channel handleEvent revents:1 - Channel.cc:96
2025/08/05 16:07:405475 INFO  HTTP GET /api/models 从  - Middleware.cc:57
2025/08/05 16:07:405490 INFO  HTTP GET /api/models 响应 200 (0ms) - Middleware.cc:68
2025/08/05 16:07:405514 INFO  fd total count:18 - EPollPoller.cc:34
2025/08/05 16:07:405590 INFO  events happend1 - EPollPoller.cc:51
2025/08/05 16:07:405594 INFO  channel handleEvent revents:1 - Channel.cc:96
2025/08/05 16:07:405618 INFO  HTTP GET /api/status 从  - Middleware.cc:57
2025/08/05 16:07:405631 INFO  HTTP GET /api/status 响应 200 (0ms) - Middleware.cc:68
2025/08/05 16:07:405648 INFO  fd total count:18 - EPollPoller.cc:34
2025/08/05 16:07:756953 DEBUG timeout! - EPollPoller.cc:62
2025/08/05 16:07:756987 INFO  fd total count:2 - EPollPoller.cc:34
2025/08/05 16:07:848782 DEBUG timeout! - EPollPoller.cc:62
2025/08/05 16:07:848809 INFO  fd total count:1 - EPollPoller.cc:34
2025/08/05 16:07:854184 DEBUG timeout! - EPollPoller.cc:62
2025/08/05 16:07:854196 DEBUG timeout! - EPollPoller.cc:62
2025/08/05 16:07:854213 INFO  fd total count:1 - EPollPoller.cc:34
2025/08/05 16:07:854233 INFO  fd total count:1 - EPollPoller.cc:34
2025/08/05 16:07:415711 DEBUG timeout! - EPollPoller.cc:62
2025/08/05 16:07:415745 INFO  fd total count:18 - EPollPoller.cc:34
2025/08/05 16:07:767027 DEBUG timeout! - EPollPoller.cc:62
2025/08/05 16:07:767060 INFO  fd total count:2 - EPollPoller.cc:34
2025/08/05 16:07:858844 DEBUG timeout! - EPollPoller.cc:62
2025/08/05 16:07:858865 INFO  fd total count:1 - EPollPoller.cc:34
2025/08/05 16:07:864287 DEBUG timeout! - EPollPoller.cc:62
2025/08/05 16:07:864294 DEBUG timeout! - EPollPoller.cc:62
2025/08/05 16:07:864317 INFO  fd total count:1 - EPollPoller.cc:34
2025/08/05 16:07:864334 INFO  fd total count:1 - EPollPoller.cc:34
2025/08/05 16:07:425795 DEBUG timeout! - EPollPoller.cc:62
2025/08/05 16:07:425830 INFO  fd total count:18 - EPollPoller.cc:34
2025/08/05 16:07:777096 DEBUG timeout! - EPollPoller.cc:62
2025/08/05 16:07:777130 INFO  fd total count:2 - EPollPoller.cc:34
2025/08/05 16:07:868890 DEBUG timeout! - EPollPoller.cc:62
2025/08/05 16:07:868909 INFO  fd total count:1 - EPollPoller.cc:34
2025/08/05 16:07:874405 DEBUG timeout! - EPollPoller.cc:62
2025/08/05 16:07:874445 DEBUG timeout! - EPollPoller.cc:62
2025/08/05 16:07:874462 INFO  fd total count:1 - EPollPoller.cc:34
2025/08/05 16:07:874503 INFO  fd total count:1 - EPollPoller.cc:34
2025/08/05 16:07:435881 DEBUG timeout! - EPollPoller.cc:62
2025/08/05 16:07:435913 INFO  fd total count:18 - EPollPoller.cc:34
2025/08/05 16:07:905734 INFO  events happend1 - EPollPoller.cc:51
2025/08/05 16:07:905764 INFO  channel handleEvent revents:1 - Channel.cc:96
2025/08/05 16:07:905794 INFO  使用一致性哈希选择线程，索引=0 - EventLoopThreadPool.cc:114
2025/08/05 16:07:905803 INFO  TcpServer::newConnection [KamaHttpServer]- new connection [KamaHttpServer-0.0.0.0:8080#21]from %s127.0.0.1:38576 - TcpServer.cc:96
2025/08/05 16:07:905820 INFO  TcpConnection::ctor:[KamaHttpServer-0.0.0.0:8080#21]at fd=39 - TcpConnection.cc:52
2025/08/05 16:07:905855 INFO  fd total count:2 - EPollPoller.cc:34
2025/08/05 16:07:905908 INFO  events happend1 - EPollPoller.cc:51
2025/08/05 16:07:905957 INFO  channel handleEvent revents:1 - Channel.cc:96
2025/08/05 16:07:905991 INFO  func =>fd39events=3index=-1 - EPollPoller.cc:91
2025/08/05 16:07:906042 INFO  New HTTP connection from: 127.0.0.1:38576 - HttpServer.cc:70
2025/08/05 16:07:906063 INFO  fd total count:19 - EPollPoller.cc:34
2025/08/05 16:07:906075 INFO  events happend1 - EPollPoller.cc:51
2025/08/05 16:07:906084 INFO  channel handleEvent revents:1 - Channel.cc:96
2025/08/05 16:07:906176 INFO  HTTP POST /api/auth/register 从  - Middleware.cc:57
2025/08/05 16:07:924840 INFO  用户注册成功: testuser - main_http_modular.cc:655
2025/08/05 16:07:924861 INFO  HTTP POST /api/auth/register 响应 201 (18ms) - Middleware.cc:68
2025/08/05 16:07:924907 INFO  fd total count:19 - EPollPoller.cc:34
2025/08/05 16:07:925032 INFO  events happend1 - EPollPoller.cc:51
2025/08/05 16:07:925036 INFO  channel handleEvent revents:1 - Channel.cc:96
2025/08/05 16:07:925046 INFO  TcpConnection::handleClose fd=39state=2 - TcpConnection.cc:258
2025/08/05 16:07:925049 INFO  func =>fd39events=0index=1 - EPollPoller.cc:91
2025/08/05 16:07:925058 INFO  HTTP connection closed: 127.0.0.1:38576 - HttpServer.cc:75
2025/08/05 16:07:925075 INFO  fd total count:19 - EPollPoller.cc:34
2025/08/05 16:07:925080 INFO  events happend1 - EPollPoller.cc:51
2025/08/05 16:07:925090 INFO  channel handleEvent revents:1 - Channel.cc:96
2025/08/05 16:07:925099 INFO  TcpServer::removeConnectionInLoop [KamaHttpServer] - connection %sKamaHttpServer-0.0.0.0:8080#21 - TcpServer.cc:143
2025/08/05 16:07:925118 INFO  events happend1 - EPollPoller.cc:51
2025/08/05 16:07:925121 INFO  channel handleEvent revents:1 - Channel.cc:96
2025/08/05 16:07:925127 INFO  removeChannel fd=39 - EPollPoller.cc:132
2025/08/05 16:07:925128 INFO  fd total count:2 - EPollPoller.cc:34
2025/08/05 16:07:925131 INFO  TcpConnection::dtor[KamaHttpServer-0.0.0.0:8080#21]at fd=39state=0 - TcpConnection.cc:58
2025/08/05 16:07:925162 INFO  fd total count:18 - EPollPoller.cc:34
2025/08/05 16:07:878938 DEBUG timeout! - EPollPoller.cc:62
2025/08/05 16:07:878971 INFO  fd total count:1 - EPollPoller.cc:34
2025/08/05 16:07:884565 DEBUG timeout! - EPollPoller.cc:62
2025/08/05 16:07:884565 DEBUG timeout! - EPollPoller.cc:62
2025/08/05 16:07:884622 INFO  fd total count:1 - EPollPoller.cc:34
2025/08/05 16:07:884600 INFO  fd total count:1 - EPollPoller.cc:34
2025/08/05 16:07:935179 DEBUG timeout! - EPollPoller.cc:62
2025/08/05 16:07:935197 DEBUG timeout! - EPollPoller.cc:62
2025/08/05 16:07:935249 INFO  fd total count:18 - EPollPoller.cc:34
2025/08/05 16:07:935219 INFO  fd total count:2 - EPollPoller.cc:34
2025/08/05 16:07:889021 DEBUG timeout! - EPollPoller.cc:62
2025/08/05 16:07:889058 INFO  fd total count:1 - EPollPoller.cc:34
2025/08/05 16:07:894685 DEBUG timeout! - EPollPoller.cc:62
2025/08/05 16:07:894689 DEBUG timeout! - EPollPoller.cc:62
2025/08/05 16:07:894746 INFO  fd total count:1 - EPollPoller.cc:34
2025/08/05 16:07:894720 INFO  fd total count:1 - EPollPoller.cc:34
2025/08/05 16:07:945320 DEBUG timeout! - EPollPoller.cc:62
2025/08/05 16:07:945337 DEBUG timeout! - EPollPoller.cc:62
2025/08/05 16:07:945402 INFO  fd total count:18 - EPollPoller.cc:34
2025/08/05 16:07:945415 INFO  fd total count:2 - EPollPoller.cc:34
2025/08/05 16:08:899107 DEBUG timeout! - EPollPoller.cc:62
2025/08/05 16:08:899146 INFO  fd total count:1 - EPollPoller.cc:34
2025/08/05 16:08:904808 DEBUG timeout! - EPollPoller.cc:62
2025/08/05 16:08:904810 DEBUG timeout! - EPollPoller.cc:62
2025/08/05 16:08:904843 INFO  fd total count:1 - EPollPoller.cc:34
2025/08/05 16:08:904870 INFO  fd total count:1 - EPollPoller.cc:34
2025/08/05 16:08:955456 DEBUG timeout! - EPollPoller.cc:62
2025/08/05 16:08:955472 DEBUG timeout! - EPollPoller.cc:62
2025/08/05 16:08:955494 INFO  fd total count:18 - EPollPoller.cc:34
2025/08/05 16:08:955519 INFO  fd total count:2 - EPollPoller.cc:34
2025/08/05 16:08:909209 DEBUG timeout! - EPollPoller.cc:62
2025/08/05 16:08:909243 INFO  fd total count:1 - EPollPoller.cc:34
2025/08/05 16:08:914922 DEBUG timeout! - EPollPoller.cc:62
2025/08/05 16:08:914932 DEBUG timeout! - EPollPoller.cc:62
2025/08/05 16:08:914973 INFO  fd total count:1 - EPollPoller.cc:34
2025/08/05 16:08:914948 INFO  fd total count:1 - EPollPoller.cc:34
2025/08/05 16:08:965576 DEBUG timeout! - EPollPoller.cc:62
2025/08/05 16:08:965639 DEBUG timeout! - EPollPoller.cc:62
2025/08/05 16:08:965643 INFO  fd total count:18 - EPollPoller.cc:34
2025/08/05 16:08:965722 INFO  fd total count:2 - EPollPoller.cc:34
2025/08/05 16:08:155407 INFO  events happend1 - EPollPoller.cc:51
2025/08/05 16:08:155433 INFO  channel handleEvent revents:1 - Channel.cc:96
2025/08/05 16:08:155459 INFO  使用一致性哈希选择线程，索引=0 - EventLoopThreadPool.cc:114
2025/08/05 16:08:155466 INFO  TcpServer::newConnection [KamaHttpServer]- new connection [KamaHttpServer-0.0.0.0:8080#22]from %s127.0.0.1:38578 - TcpServer.cc:96
2025/08/05 16:08:155482 INFO  TcpConnection::ctor:[KamaHttpServer-0.0.0.0:8080#22]at fd=39 - TcpConnection.cc:52
2025/08/05 16:08:155513 INFO  fd total count:2 - EPollPoller.cc:34
2025/08/05 16:08:155535 INFO  events happend1 - EPollPoller.cc:51
2025/08/05 16:08:155557 INFO  channel handleEvent revents:1 - Channel.cc:96
2025/08/05 16:08:155569 INFO  func =>fd39events=3index=-1 - EPollPoller.cc:91
2025/08/05 16:08:155588 INFO  New HTTP connection from: 127.0.0.1:38578 - HttpServer.cc:70
2025/08/05 16:08:155596 INFO  fd total count:19 - EPollPoller.cc:34
2025/08/05 16:08:155600 INFO  events happend1 - EPollPoller.cc:51
2025/08/05 16:08:155603 INFO  channel handleEvent revents:1 - Channel.cc:96
2025/08/05 16:08:155644 INFO  HTTP POST /api/auth/login 从  - Middleware.cc:57
2025/08/05 16:08:178183 INFO  用户登录成功: testuser - main_http_modular.cc:732
2025/08/05 16:08:178206 INFO  HTTP POST /api/auth/login 响应 200 (22ms) - Middleware.cc:68
2025/08/05 16:08:178246 INFO  fd total count:19 - EPollPoller.cc:34
2025/08/05 16:08:178582 INFO  events happend1 - EPollPoller.cc:51
2025/08/05 16:08:178587 INFO  channel handleEvent revents:1 - Channel.cc:96
2025/08/05 16:08:178597 INFO  TcpConnection::handleClose fd=39state=2 - TcpConnection.cc:258
2025/08/05 16:08:178601 INFO  func =>fd39events=0index=1 - EPollPoller.cc:91
2025/08/05 16:08:178611 INFO  HTTP connection closed: 127.0.0.1:38578 - HttpServer.cc:75
2025/08/05 16:08:178628 INFO  fd total count:19 - EPollPoller.cc:34
2025/08/05 16:08:178645 INFO  events happend1 - EPollPoller.cc:51
2025/08/05 16:08:178658 INFO  channel handleEvent revents:1 - Channel.cc:96
2025/08/05 16:08:178666 INFO  TcpServer::removeConnectionInLoop [KamaHttpServer] - connection %sKamaHttpServer-0.0.0.0:8080#22 - TcpServer.cc:143
2025/08/05 16:08:178685 INFO  fd total count:2 - EPollPoller.cc:34
2025/08/05 16:08:178688 INFO  events happend1 - EPollPoller.cc:51
2025/08/05 16:08:178692 INFO  channel handleEvent revents:1 - Channel.cc:96
2025/08/05 16:08:178698 INFO  removeChannel fd=39 - EPollPoller.cc:132
2025/08/05 16:08:178702 INFO  TcpConnection::dtor[KamaHttpServer-0.0.0.0:8080#22]at fd=39state=0 - TcpConnection.cc:58
2025/08/05 16:08:178735 INFO  fd total count:18 - EPollPoller.cc:34
2025/08/05 16:08:919288 DEBUG timeout! - EPollPoller.cc:62
2025/08/05 16:08:919320 INFO  fd total count:1 - EPollPoller.cc:34
2025/08/05 16:08:925003 DEBUG timeout! - EPollPoller.cc:62
2025/08/05 16:08:925025 INFO  fd total count:1 - EPollPoller.cc:34
2025/08/05 16:08:925029 DEBUG timeout! - EPollPoller.cc:62
2025/08/05 16:08:925048 INFO  fd total count:1 - EPollPoller.cc:34
2025/08/05 16:08:188753 DEBUG timeout! - EPollPoller.cc:62
2025/08/05 16:08:188792 DEBUG timeout! - EPollPoller.cc:62
2025/08/05 16:08:188816 INFO  fd total count:2 - EPollPoller.cc:34
2025/08/05 16:08:188867 INFO  fd total count:18 - EPollPoller.cc:34
2025/08/05 16:08:927796 DEBUG timeout! - EPollPoller.cc:62
2025/08/05 16:08:927827 INFO  fd total count:1 - EPollPoller.cc:34
2025/08/05 16:08:929345 DEBUG timeout! - EPollPoller.cc:62
2025/08/05 16:08:929354 INFO  fd total count:1 - EPollPoller.cc:34
2025/08/05 16:08:935086 DEBUG timeout! - EPollPoller.cc:62
2025/08/05 16:08:935109 INFO  fd total count:1 - EPollPoller.cc:34
2025/08/05 16:08:621174 INFO  events happend1 - EPollPoller.cc:51
2025/08/05 16:08:621207 INFO  channel handleEvent revents:1 - Channel.cc:96
2025/08/05 16:08:621282 INFO  HTTP GET / 从  - Middleware.cc:57
2025/08/05 16:08:623070 INFO  HTTP GET / 响应 200 (1ms) - Middleware.cc:68
2025/08/05 16:08:623142 INFO  fd total count:18 - EPollPoller.cc:34
2025/08/05 16:08:643236 INFO  events happend1 - EPollPoller.cc:51
2025/08/05 16:08:643250 INFO  channel handleEvent revents:1 - Channel.cc:96
2025/08/05 16:08:643301 INFO  HTTP GET /js/openwebui-app.js 从  - Middleware.cc:57
2025/08/05 16:08:645374 INFO  HTTP GET /js/openwebui-app.js 响应 200 (2ms) - Middleware.cc:68
2025/08/05 16:08:645428 INFO  fd total count:18 - EPollPoller.cc:34
2025/08/05 16:08:645435 INFO  events happend4 - EPollPoller.cc:51
2025/08/05 16:08:645439 INFO  channel handleEvent revents:1 - Channel.cc:96
2025/08/05 16:08:645470 INFO  HTTP GET /js/admin-console.js 从  - Middleware.cc:57
2025/08/05 16:08:646602 INFO  HTTP GET /js/admin-console.js 响应 200 (1ms) - Middleware.cc:68
2025/08/05 16:08:646638 INFO  channel handleEvent revents:1 - Channel.cc:96
2025/08/05 16:08:646662 INFO  HTTP GET /css/openwebui-style.css 从  - Middleware.cc:57
2025/08/05 16:08:647966 INFO  HTTP GET /css/openwebui-style.css 响应 200 (1ms) - Middleware.cc:68
2025/08/05 16:08:647996 INFO  channel handleEvent revents:1 - Channel.cc:96
2025/08/05 16:08:648023 INFO  HTTP GET /css/admin-modal.css 从  - Middleware.cc:57
2025/08/05 16:08:649398 INFO  HTTP GET /css/admin-modal.css 响应 200 (1ms) - Middleware.cc:68
2025/08/05 16:08:649430 INFO  channel handleEvent revents:1 - Channel.cc:96
2025/08/05 16:08:649454 INFO  HTTP GET /js/auth-manager.js 从  - Middleware.cc:57
2025/08/05 16:08:650627 INFO  HTTP GET /js/auth-manager.js 响应 200 (1ms) - Middleware.cc:68
2025/08/05 16:08:650660 INFO  fd total count:18 - EPollPoller.cc:34
2025/08/05 16:08:673864 INFO  events happend1 - EPollPoller.cc:51
2025/08/05 16:08:673874 INFO  channel handleEvent revents:1 - Channel.cc:96
2025/08/05 16:08:673912 INFO  HTTP GET /api/status 从  - Middleware.cc:57
2025/08/05 16:08:673928 INFO  HTTP GET /api/status 响应 200 (0ms) - Middleware.cc:68
2025/08/05 16:08:673959 INFO  fd total count:18 - EPollPoller.cc:34
2025/08/05 16:08:673964 INFO  events happend1 - EPollPoller.cc:51
2025/08/05 16:08:673967 INFO  channel handleEvent revents:1 - Channel.cc:96
2025/08/05 16:08:673989 INFO  HTTP GET /api/models 从  - Middleware.cc:57
2025/08/05 16:08:674001 INFO  HTTP GET /api/models 响应 200 (0ms) - Middleware.cc:68
2025/08/05 16:08:674018 INFO  fd total count:18 - EPollPoller.cc:34
2025/08/05 16:08:198911 DEBUG timeout! - EPollPoller.cc:62
2025/08/05 16:08:198944 INFO  fd total count:2 - EPollPoller.cc:34
2025/08/05 16:08:937891 DEBUG timeout! - EPollPoller.cc:62
2025/08/05 16:08:937896 DEBUG timeout! - EPollPoller.cc:62
2025/08/05 16:08:937930 INFO  fd total count:1 - EPollPoller.cc:34
2025/08/05 16:08:937956 INFO  fd total count:1 - EPollPoller.cc:34
2025/08/05 16:08:945146 DEBUG timeout! - EPollPoller.cc:62
2025/08/05 16:08:945165 INFO  fd total count:1 - EPollPoller.cc:34
2025/08/05 16:08:684058 DEBUG timeout! - EPollPoller.cc:62
2025/08/05 16:08:684091 INFO  fd total count:18 - EPollPoller.cc:34
2025/08/05 16:08:689496 INFO  events happend1 - EPollPoller.cc:51
2025/08/05 16:08:689526 INFO  channel handleEvent revents:1 - Channel.cc:96
2025/08/05 16:08:689598 INFO  HTTP POST /api/auth/register 从  - Middleware.cc:57
2025/08/05 16:08:689652 INFO  HTTP POST /api/auth/register 响应 400 (0ms) - Middleware.cc:68
2025/08/05 16:08:689710 INFO  fd total count:18 - EPollPoller.cc:34
2025/08/05 16:08:565427 INFO  events happend1 - EPollPoller.cc:51
2025/08/05 16:08:565458 INFO  channel handleEvent revents:1 - Channel.cc:96
2025/08/05 16:08:565532 INFO  HTTP POST /api/auth/register 从  - Middleware.cc:57
2025/08/05 16:08:565585 INFO  HTTP POST /api/auth/register 响应 400 (0ms) - Middleware.cc:68
2025/08/05 16:08:565644 INFO  fd total count:18 - EPollPoller.cc:34
2025/08/05 16:08:275048 INFO  events happend1 - EPollPoller.cc:51
2025/08/05 16:08:275079 INFO  channel handleEvent revents:1 - Channel.cc:96
2025/08/05 16:08:275150 INFO  HTTP POST /api/auth/register 从  - Middleware.cc:57
2025/08/05 16:08:275203 INFO  HTTP POST /api/auth/register 响应 400 (0ms) - Middleware.cc:68
2025/08/05 16:08:275258 INFO  fd total count:18 - EPollPoller.cc:34
2025/08/05 16:08:208980 DEBUG timeout! - EPollPoller.cc:62
2025/08/05 16:08:209017 INFO  fd total count:2 - EPollPoller.cc:34
2025/08/05 16:08:948000 DEBUG timeout! - EPollPoller.cc:62
2025/08/05 16:08:948002 DEBUG timeout! - EPollPoller.cc:62
2025/08/05 16:08:948041 INFO  fd total count:1 - EPollPoller.cc:34
2025/08/05 16:08:948068 INFO  fd total count:1 - EPollPoller.cc:34
2025/08/05 16:08:955202 DEBUG timeout! - EPollPoller.cc:62
2025/08/05 16:08:955222 INFO  fd total count:1 - EPollPoller.cc:34
2025/08/05 16:09:285295 DEBUG timeout! - EPollPoller.cc:62
2025/08/05 16:09:285327 INFO  fd total count:18 - EPollPoller.cc:34
2025/08/05 16:09:219075 DEBUG timeout! - EPollPoller.cc:62
2025/08/05 16:09:219110 INFO  fd total count:2 - EPollPoller.cc:34
2025/08/05 16:09:953380 DEBUG timeout! - EPollPoller.cc:62
2025/08/05 16:09:953411 INFO  fd total count:1 - EPollPoller.cc:34
2025/08/05 16:09:954277 DEBUG timeout! - EPollPoller.cc:62
2025/08/05 16:09:954300 INFO  fd total count:1 - EPollPoller.cc:34
2025/08/05 16:09:965254 DEBUG timeout! - EPollPoller.cc:62
2025/08/05 16:09:965277 INFO  fd total count:1 - EPollPoller.cc:34
2025/08/05 16:09:295373 DEBUG timeout! - EPollPoller.cc:62
2025/08/05 16:09:295406 INFO  fd total count:18 - EPollPoller.cc:34
2025/08/05 16:09:229172 DEBUG timeout! - EPollPoller.cc:62
2025/08/05 16:09:229205 INFO  fd total count:2 - EPollPoller.cc:34
2025/08/05 16:09:963471 DEBUG timeout! - EPollPoller.cc:62
2025/08/05 16:09:963510 INFO  fd total count:1 - EPollPoller.cc:34
2025/08/05 16:09:964361 DEBUG timeout! - EPollPoller.cc:62
2025/08/05 16:09:964389 INFO  fd total count:1 - EPollPoller.cc:34
2025/08/05 16:09:975314 DEBUG timeout! - EPollPoller.cc:62
2025/08/05 16:09:975343 INFO  fd total count:1 - EPollPoller.cc:34
2025/08/05 16:09:305447 DEBUG timeout! - EPollPoller.cc:62
2025/08/05 16:09:305479 INFO  fd total count:18 - EPollPoller.cc:34
2025/08/05 16:09:231888 DEBUG timeout! - EPollPoller.cc:62
2025/08/05 16:09:231953 INFO  fd total count:2 - EPollPoller.cc:34
2025/08/05 16:09:973579 DEBUG timeout! - EPollPoller.cc:62
2025/08/05 16:09:973615 INFO  fd total count:1 - EPollPoller.cc:34
2025/08/05 16:09:974519 DEBUG timeout! - EPollPoller.cc:62
2025/08/05 16:09:974576 INFO  fd total count:1 - EPollPoller.cc:34
2025/08/05 16:09:985377 DEBUG timeout! - EPollPoller.cc:62
2025/08/05 16:09:985396 INFO  fd total count:1 - EPollPoller.cc:34
2025/08/05 16:09:315522 DEBUG timeout! - EPollPoller.cc:62
2025/08/05 16:09:315560 INFO  fd total count:18 - EPollPoller.cc:34
2025/08/05 16:09:242085 DEBUG timeout! - EPollPoller.cc:62
2025/08/05 16:09:242152 INFO  fd total count:2 - EPollPoller.cc:34
2025/08/05 16:09:983680 DEBUG timeout! - EPollPoller.cc:62
2025/08/05 16:09:983711 INFO  fd total count:1 - EPollPoller.cc:34
2025/08/05 16:09:984642 DEBUG timeout! - EPollPoller.cc:62
2025/08/05 16:09:984669 INFO  fd total count:1 - EPollPoller.cc:34
2025/08/05 16:09:995434 DEBUG timeout! - EPollPoller.cc:62
2025/08/05 16:09:995453 INFO  fd total count:1 - EPollPoller.cc:34
2025/08/05 16:09:325636 DEBUG timeout! - EPollPoller.cc:62
2025/08/05 16:09:325704 INFO  fd total count:18 - EPollPoller.cc:34
2025/08/05 16:09:252222 DEBUG timeout! - EPollPoller.cc:62
2025/08/05 16:09:252257 INFO  fd total count:2 - EPollPoller.cc:34
2025/08/05 16:09:993757 DEBUG timeout! - EPollPoller.cc:62
2025/08/05 16:09:993791 INFO  fd total count:1 - EPollPoller.cc:34
2025/08/05 16:09:994730 DEBUG timeout! - EPollPoller.cc:62
2025/08/05 16:09:994761 INFO  fd total count:1 - EPollPoller.cc:34
2025/08/05 16:09:005499 DEBUG timeout! - EPollPoller.cc:62
2025/08/05 16:09:005519 INFO  fd total count:1 - EPollPoller.cc:34
2025/08/05 16:09:335772 DEBUG timeout! - EPollPoller.cc:62
2025/08/05 16:09:335804 INFO  fd total count:18 - EPollPoller.cc:34
2025/08/05 16:09:262296 DEBUG timeout! - EPollPoller.cc:62
2025/08/05 16:09:262332 INFO  fd total count:2 - EPollPoller.cc:34
2025/08/05 16:09:003824 DEBUG timeout! - EPollPoller.cc:62
2025/08/05 16:09:003859 INFO  fd total count:1 - EPollPoller.cc:34
2025/08/05 16:09:004823 DEBUG timeout! - EPollPoller.cc:62
2025/08/05 16:09:004851 INFO  fd total count:1 - EPollPoller.cc:34
2025/08/05 16:09:015613 DEBUG timeout! - EPollPoller.cc:62
2025/08/05 16:09:015663 INFO  fd total count:1 - EPollPoller.cc:34
2025/08/05 16:09:686473 INFO  events happend1 - EPollPoller.cc:51
2025/08/05 16:09:686507 INFO  channel handleEvent revents:1 - Channel.cc:96
2025/08/05 16:09:686570 INFO  HTTP GET / 从  - Middleware.cc:57
2025/08/05 16:09:688351 INFO  HTTP GET / 响应 200 (1ms) - Middleware.cc:68
2025/08/05 16:09:688418 INFO  fd total count:18 - EPollPoller.cc:34
2025/08/05 16:09:701797 INFO  events happend1 - EPollPoller.cc:51
2025/08/05 16:09:701809 INFO  channel handleEvent revents:1 - Channel.cc:96
2025/08/05 16:09:701853 INFO  HTTP GET /css/openwebui-style.css 从  - Middleware.cc:57
2025/08/05 16:09:703202 INFO  HTTP GET /css/openwebui-style.css 响应 200 (1ms) - Middleware.cc:68
2025/08/05 16:09:703248 INFO  fd total count:18 - EPollPoller.cc:34
2025/08/05 16:09:708718 INFO  events happend1 - EPollPoller.cc:51
2025/08/05 16:09:708729 INFO  channel handleEvent revents:1 - Channel.cc:96
2025/08/05 16:09:708767 INFO  HTTP GET /css/admin-modal.css 从  - Middleware.cc:57
2025/08/05 16:09:710105 INFO  HTTP GET /css/admin-modal.css 响应 200 (1ms) - Middleware.cc:68
2025/08/05 16:09:710149 INFO  fd total count:18 - EPollPoller.cc:34
2025/08/05 16:09:717567 INFO  events happend1 - EPollPoller.cc:51
2025/08/05 16:09:717572 INFO  channel handleEvent revents:1 - Channel.cc:96
2025/08/05 16:09:717600 INFO  HTTP GET /js/openwebui-app.js 从  - Middleware.cc:57
2025/08/05 16:09:719665 INFO  HTTP GET /js/openwebui-app.js 响应 200 (2ms) - Middleware.cc:68
2025/08/05 16:09:719704 INFO  fd total count:18 - EPollPoller.cc:34
2025/08/05 16:09:727048 INFO  events happend1 - EPollPoller.cc:51
2025/08/05 16:09:727059 INFO  channel handleEvent revents:1 - Channel.cc:96
2025/08/05 16:09:727094 INFO  HTTP GET /js/admin-console.js 从  - Middleware.cc:57
2025/08/05 16:09:728186 INFO  HTTP GET /js/admin-console.js 响应 200 (1ms) - Middleware.cc:68
2025/08/05 16:09:728228 INFO  fd total count:18 - EPollPoller.cc:34
2025/08/05 16:09:733297 INFO  events happend1 - EPollPoller.cc:51
2025/08/05 16:09:733302 INFO  channel handleEvent revents:1 - Channel.cc:96
2025/08/05 16:09:733329 INFO  HTTP GET /js/auth-manager.js 从  - Middleware.cc:57
2025/08/05 16:09:734521 INFO  HTTP GET /js/auth-manager.js 响应 200 (1ms) - Middleware.cc:68
2025/08/05 16:09:734554 INFO  fd total count:18 - EPollPoller.cc:34
2025/08/05 16:09:742505 INFO  events happend1 - EPollPoller.cc:51
2025/08/05 16:09:742514 INFO  channel handleEvent revents:1 - Channel.cc:96
2025/08/05 16:09:742545 INFO  HTTP GET /api/models 从  - Middleware.cc:57
2025/08/05 16:09:742559 INFO  HTTP GET /api/models 响应 200 (0ms) - Middleware.cc:68
2025/08/05 16:09:742590 INFO  fd total count:18 - EPollPoller.cc:34
2025/08/05 16:09:747738 INFO  events happend1 - EPollPoller.cc:51
2025/08/05 16:09:747742 INFO  channel handleEvent revents:1 - Channel.cc:96
2025/08/05 16:09:747766 INFO  HTTP GET /api/status 从  - Middleware.cc:57
2025/08/05 16:09:747780 INFO  HTTP GET /api/status 响应 200 (0ms) - Middleware.cc:68
2025/08/05 16:09:747805 INFO  fd total count:18 - EPollPoller.cc:34
2025/08/05 16:09:042620 INFO  events happend1 - EPollPoller.cc:51
2025/08/05 16:09:042650 INFO  channel handleEvent revents:1 - Channel.cc:96
2025/08/05 16:09:042678 INFO  使用一致性哈希选择线程，索引=0 - EventLoopThreadPool.cc:114
2025/08/05 16:09:042686 INFO  TcpServer::newConnection [KamaHttpServer]- new connection [KamaHttpServer-0.0.0.0:8080#23]from %s127.0.0.1:38580 - TcpServer.cc:96
2025/08/05 16:09:042701 INFO  TcpConnection::ctor:[KamaHttpServer-0.0.0.0:8080#23]at fd=39 - TcpConnection.cc:52
2025/08/05 16:09:042732 INFO  fd total count:2 - EPollPoller.cc:34
2025/08/05 16:09:042759 INFO  events happend1 - EPollPoller.cc:51
2025/08/05 16:09:042778 INFO  channel handleEvent revents:1 - Channel.cc:96
2025/08/05 16:09:042788 INFO  func =>fd39events=3index=-1 - EPollPoller.cc:91
2025/08/05 16:09:042806 INFO  New HTTP connection from: 127.0.0.1:38580 - HttpServer.cc:70
2025/08/05 16:09:042814 INFO  fd total count:19 - EPollPoller.cc:34
2025/08/05 16:09:043708 INFO  events happend1 - EPollPoller.cc:51
2025/08/05 16:09:043714 INFO  channel handleEvent revents:1 - Channel.cc:96
2025/08/05 16:09:043724 INFO  使用一致性哈希选择线程，索引=0 - EventLoopThreadPool.cc:114
2025/08/05 16:09:043728 INFO  TcpServer::newConnection [KamaHttpServer]- new connection [KamaHttpServer-0.0.0.0:8080#24]from %s127.0.0.1:38582 - TcpServer.cc:96
2025/08/05 16:09:043743 INFO  TcpConnection::ctor:[KamaHttpServer-0.0.0.0:8080#24]at fd=40 - TcpConnection.cc:52
2025/08/05 16:09:043764 INFO  fd total count:2 - EPollPoller.cc:34
2025/08/05 16:09:043775 INFO  events happend1 - EPollPoller.cc:51
2025/08/05 16:09:043781 INFO  channel handleEvent revents:1 - Channel.cc:96
2025/08/05 16:09:043786 INFO  func =>fd40events=3index=-1 - EPollPoller.cc:91
2025/08/05 16:09:043795 INFO  New HTTP connection from: 127.0.0.1:38582 - HttpServer.cc:70
2025/08/05 16:09:043801 INFO  fd total count:20 - EPollPoller.cc:34
2025/08/05 16:09:043834 INFO  events happend1 - EPollPoller.cc:51
2025/08/05 16:09:043838 INFO  channel handleEvent revents:1 - Channel.cc:96
2025/08/05 16:09:043846 INFO  使用一致性哈希选择线程，索引=0 - EventLoopThreadPool.cc:114
2025/08/05 16:09:043849 INFO  TcpServer::newConnection [KamaHttpServer]- new connection [KamaHttpServer-0.0.0.0:8080#25]from %s127.0.0.1:38584 - TcpServer.cc:96
2025/08/05 16:09:043856 INFO  TcpConnection::ctor:[KamaHttpServer-0.0.0.0:8080#25]at fd=41 - TcpConnection.cc:52
2025/08/05 16:09:043871 INFO  fd total count:2 - EPollPoller.cc:34
2025/08/05 16:09:043877 INFO  events happend1 - EPollPoller.cc:51
2025/08/05 16:09:043881 INFO  channel handleEvent revents:1 - Channel.cc:96
2025/08/05 16:09:043885 INFO  func =>fd41events=3index=-1 - EPollPoller.cc:91
2025/08/05 16:09:043893 INFO  New HTTP connection from: 127.0.0.1:38584 - HttpServer.cc:70
2025/08/05 16:09:043897 INFO  fd total count:21 - EPollPoller.cc:34
2025/08/05 16:09:051613 INFO  events happend1 - EPollPoller.cc:51
2025/08/05 16:09:051623 INFO  channel handleEvent revents:1 - Channel.cc:96
2025/08/05 16:09:051636 INFO  使用一致性哈希选择线程，索引=0 - EventLoopThreadPool.cc:114
2025/08/05 16:09:051641 INFO  TcpServer::newConnection [KamaHttpServer]- new connection [KamaHttpServer-0.0.0.0:8080#26]from %s127.0.0.1:38586 - TcpServer.cc:96
2025/08/05 16:09:051651 INFO  TcpConnection::ctor:[KamaHttpServer-0.0.0.0:8080#26]at fd=42 - TcpConnection.cc:52
2025/08/05 16:09:051672 INFO  fd total count:2 - EPollPoller.cc:34
2025/08/05 16:09:051682 INFO  events happend1 - EPollPoller.cc:51
2025/08/05 16:09:051687 INFO  channel handleEvent revents:1 - Channel.cc:96
2025/08/05 16:09:051692 INFO  func =>fd42events=3index=-1 - EPollPoller.cc:91
2025/08/05 16:09:051700 INFO  New HTTP connection from: 127.0.0.1:38586 - HttpServer.cc:70
2025/08/05 16:09:051705 INFO  fd total count:22 - EPollPoller.cc:34
2025/08/05 16:09:068516 INFO  events happend1 - EPollPoller.cc:51
2025/08/05 16:09:068533 INFO  channel handleEvent revents:1 - Channel.cc:96
2025/08/05 16:09:068551 INFO  使用一致性哈希选择线程，索引=0 - EventLoopThreadPool.cc:114
2025/08/05 16:09:068557 INFO  TcpServer::newConnection [KamaHttpServer]- new connection [KamaHttpServer-0.0.0.0:8080#27]from %s127.0.0.1:38588 - TcpServer.cc:96
2025/08/05 16:09:068570 INFO  TcpConnection::ctor:[KamaHttpServer-0.0.0.0:8080#27]at fd=43 - TcpConnection.cc:52
2025/08/05 16:09:068599 INFO  fd total count:2 - EPollPoller.cc:34
2025/08/05 16:09:068620 INFO  events happend1 - EPollPoller.cc:51
2025/08/05 16:09:068630 INFO  channel handleEvent revents:1 - Channel.cc:96
2025/08/05 16:09:068637 INFO  func =>fd43events=3index=-1 - EPollPoller.cc:91
2025/08/05 16:09:068648 INFO  New HTTP connection from: 127.0.0.1:38588 - HttpServer.cc:70
2025/08/05 16:09:068654 INFO  fd total count:23 - EPollPoller.cc:34
2025/08/05 16:10:013895 DEBUG timeout! - EPollPoller.cc:62
2025/08/05 16:10:013927 INFO  fd total count:1 - EPollPoller.cc:34
2025/08/05 16:10:014916 DEBUG timeout! - EPollPoller.cc:62
2025/08/05 16:10:014941 INFO  fd total count:1 - EPollPoller.cc:34
2025/08/05 16:10:025904 DEBUG timeout! - EPollPoller.cc:62
2025/08/05 16:10:025924 INFO  fd total count:1 - EPollPoller.cc:34
2025/08/05 16:10:078645 DEBUG timeout! - EPollPoller.cc:62
2025/08/05 16:10:078681 INFO  fd total count:2 - EPollPoller.cc:34
2025/08/05 16:10:078723 DEBUG timeout! - EPollPoller.cc:62
2025/08/05 16:10:078754 INFO  fd total count:23 - EPollPoller.cc:34
2025/08/05 16:10:260565 INFO  events happend1 - EPollPoller.cc:51
2025/08/05 16:10:260592 INFO  channel handleEvent revents:1 - Channel.cc:96
2025/08/05 16:10:260617 INFO  使用一致性哈希选择线程，索引=0 - EventLoopThreadPool.cc:114
2025/08/05 16:10:260625 INFO  TcpServer::newConnection [KamaHttpServer]- new connection [KamaHttpServer-0.0.0.0:8080#28]from %s127.0.0.1:38590 - TcpServer.cc:96
2025/08/05 16:10:260638 INFO  TcpConnection::ctor:[KamaHttpServer-0.0.0.0:8080#28]at fd=44 - TcpConnection.cc:52
2025/08/05 16:10:260667 INFO  fd total count:2 - EPollPoller.cc:34
2025/08/05 16:10:260692 INFO  events happend1 - EPollPoller.cc:51
2025/08/05 16:10:260714 INFO  channel handleEvent revents:1 - Channel.cc:96
2025/08/05 16:10:260726 INFO  func =>fd44events=3index=-1 - EPollPoller.cc:91
2025/08/05 16:10:260746 INFO  New HTTP connection from: 127.0.0.1:38590 - HttpServer.cc:70
2025/08/05 16:10:260754 INFO  fd total count:24 - EPollPoller.cc:34
2025/08/05 16:10:260759 INFO  events happend1 - EPollPoller.cc:51
2025/08/05 16:10:260762 INFO  channel handleEvent revents:1 - Channel.cc:96
2025/08/05 16:10:260803 INFO  HTTP POST /api/auth/register 从  - Middleware.cc:57
2025/08/05 16:10:276397 INFO  用户注册成功: testuser2 - main_http_modular.cc:655
2025/08/05 16:10:276423 INFO  HTTP POST /api/auth/register 响应 201 (15ms) - Middleware.cc:68
2025/08/05 16:10:276477 INFO  fd total count:24 - EPollPoller.cc:34
2025/08/05 16:10:276578 INFO  events happend1 - EPollPoller.cc:51
2025/08/05 16:10:276583 INFO  channel handleEvent revents:1 - Channel.cc:96
2025/08/05 16:10:276595 INFO  TcpConnection::handleClose fd=44state=2 - TcpConnection.cc:258
2025/08/05 16:10:276598 INFO  func =>fd44events=0index=1 - EPollPoller.cc:91
2025/08/05 16:10:276609 INFO  HTTP connection closed: 127.0.0.1:38590 - HttpServer.cc:75
2025/08/05 16:10:276627 INFO  fd total count:24 - EPollPoller.cc:34
2025/08/05 16:10:276640 INFO  events happend1 - EPollPoller.cc:51
2025/08/05 16:10:276657 INFO  channel handleEvent revents:1 - Channel.cc:96
2025/08/05 16:10:276666 INFO  TcpServer::removeConnectionInLoop [KamaHttpServer] - connection %sKamaHttpServer-0.0.0.0:8080#28 - TcpServer.cc:143
2025/08/05 16:10:276687 INFO  fd total count:2 - EPollPoller.cc:34
2025/08/05 16:10:276691 INFO  events happend1 - EPollPoller.cc:51
2025/08/05 16:10:276694 INFO  channel handleEvent revents:1 - Channel.cc:96
2025/08/05 16:10:276701 INFO  removeChannel fd=44 - EPollPoller.cc:132
2025/08/05 16:10:276705 INFO  TcpConnection::dtor[KamaHttpServer-0.0.0.0:8080#28]at fd=44state=0 - TcpConnection.cc:58
2025/08/05 16:10:276738 INFO  fd total count:23 - EPollPoller.cc:34
2025/08/05 16:10:023966 DEBUG timeout! - EPollPoller.cc:62
2025/08/05 16:10:024000 INFO  fd total count:1 - EPollPoller.cc:34
2025/08/05 16:10:025016 DEBUG timeout! - EPollPoller.cc:62
2025/08/05 16:10:025042 INFO  fd total count:1 - EPollPoller.cc:34
2025/08/05 16:10:035953 DEBUG timeout! - EPollPoller.cc:62
2025/08/05 16:10:035972 INFO  fd total count:1 - EPollPoller.cc:34
2025/08/05 16:10:789932 INFO  events happend1 - EPollPoller.cc:51
2025/08/05 16:10:789965 INFO  channel handleEvent revents:1 - Channel.cc:96
2025/08/05 16:10:790058 INFO  HTTP POST /api/auth/register 从  - Middleware.cc:57
2025/08/05 16:10:790117 INFO  HTTP POST /api/auth/register 响应 400 (0ms) - Middleware.cc:68
2025/08/05 16:10:790184 INFO  fd total count:23 - EPollPoller.cc:34
2025/08/05 16:10:294848 INFO  events happend1 - EPollPoller.cc:51
2025/08/05 16:10:294883 INFO  channel handleEvent revents:1 - Channel.cc:96
2025/08/05 16:10:294954 INFO  HTTP GET / 从  - Middleware.cc:57
2025/08/05 16:10:296742 INFO  HTTP GET / 响应 200 (1ms) - Middleware.cc:68
2025/08/05 16:10:296808 INFO  fd total count:23 - EPollPoller.cc:34
2025/08/05 16:10:320584 INFO  events happend1 - EPollPoller.cc:51
2025/08/05 16:10:320598 INFO  channel handleEvent revents:1 - Channel.cc:96
2025/08/05 16:10:320646 INFO  HTTP GET /css/openwebui-style.css 从  - Middleware.cc:57
2025/08/05 16:10:321989 INFO  HTTP GET /css/openwebui-style.css 响应 200 (1ms) - Middleware.cc:68
2025/08/05 16:10:322038 INFO  fd total count:23 - EPollPoller.cc:34
2025/08/05 16:10:322724 INFO  events happend1 - EPollPoller.cc:51
2025/08/05 16:10:322731 INFO  channel handleEvent revents:1 - Channel.cc:96
2025/08/05 16:10:322767 INFO  HTTP GET /js/auth-manager.js 从  - Middleware.cc:57
2025/08/05 16:10:324001 INFO  HTTP GET /js/auth-manager.js 响应 200 (1ms) - Middleware.cc:68
2025/08/05 16:10:324040 INFO  fd total count:23 - EPollPoller.cc:34
2025/08/05 16:10:324047 INFO  events happend3 - EPollPoller.cc:51
2025/08/05 16:10:324051 INFO  channel handleEvent revents:1 - Channel.cc:96
2025/08/05 16:10:324077 INFO  HTTP GET /js/admin-console.js 从  - Middleware.cc:57
2025/08/05 16:10:325170 INFO  HTTP GET /js/admin-console.js 响应 200 (1ms) - Middleware.cc:68
2025/08/05 16:10:325207 INFO  channel handleEvent revents:1 - Channel.cc:96
2025/08/05 16:10:325234 INFO  HTTP GET /js/openwebui-app.js 从  - Middleware.cc:57
2025/08/05 16:10:327340 INFO  HTTP GET /js/openwebui-app.js 响应 200 (2ms) - Middleware.cc:68
2025/08/05 16:10:327394 INFO  channel handleEvent revents:1 - Channel.cc:96
2025/08/05 16:10:327422 INFO  HTTP GET /css/admin-modal.css 从  - Middleware.cc:57
2025/08/05 16:10:328812 INFO  HTTP GET /css/admin-modal.css 响应 200 (1ms) - Middleware.cc:68
2025/08/05 16:10:328849 INFO  fd total count:23 - EPollPoller.cc:34
2025/08/05 16:10:343368 INFO  events happend1 - EPollPoller.cc:51
2025/08/05 16:10:343375 INFO  channel handleEvent revents:1 - Channel.cc:96
2025/08/05 16:10:343406 INFO  HTTP GET /api/status 从  - Middleware.cc:57
2025/08/05 16:10:343422 INFO  HTTP GET /api/status 响应 200 (0ms) - Middleware.cc:68
2025/08/05 16:10:343443 INFO  fd total count:23 - EPollPoller.cc:34
2025/08/05 16:10:343448 INFO  events happend1 - EPollPoller.cc:51
2025/08/05 16:10:343451 INFO  channel handleEvent revents:1 - Channel.cc:96
2025/08/05 16:10:343472 INFO  HTTP GET /api/models 从  - Middleware.cc:57
2025/08/05 16:10:343483 INFO  HTTP GET /api/models 响应 200 (0ms) - Middleware.cc:68
2025/08/05 16:10:343499 INFO  fd total count:23 - EPollPoller.cc:34
2025/08/05 16:10:286741 DEBUG timeout! - EPollPoller.cc:62
2025/08/05 16:10:286772 INFO  fd total count:2 - EPollPoller.cc:34
2025/08/05 16:10:034037 DEBUG timeout! - EPollPoller.cc:62
2025/08/05 16:10:034073 INFO  fd total count:1 - EPollPoller.cc:34
2025/08/05 16:10:035087 DEBUG timeout! - EPollPoller.cc:62
2025/08/05 16:10:035114 INFO  fd total count:1 - EPollPoller.cc:34
2025/08/05 16:10:046009 DEBUG timeout! - EPollPoller.cc:62
2025/08/05 16:10:046032 INFO  fd total count:1 - EPollPoller.cc:34
2025/08/05 16:10:353572 DEBUG timeout! - EPollPoller.cc:62
2025/08/05 16:10:353632 INFO  fd total count:23 - EPollPoller.cc:34
2025/08/05 16:10:296813 DEBUG timeout! - EPollPoller.cc:62
2025/08/05 16:10:296847 INFO  fd total count:2 - EPollPoller.cc:34
2025/08/05 16:10:044119 DEBUG timeout! - EPollPoller.cc:62
2025/08/05 16:10:044158 INFO  fd total count:1 - EPollPoller.cc:34
2025/08/05 16:10:045181 DEBUG timeout! - EPollPoller.cc:62
2025/08/05 16:10:045204 INFO  fd total count:1 - EPollPoller.cc:34
2025/08/05 16:10:056075 DEBUG timeout! - EPollPoller.cc:62
2025/08/05 16:10:056095 INFO  fd total count:1 - EPollPoller.cc:34
2025/08/05 16:10:363671 DEBUG timeout! - EPollPoller.cc:62
2025/08/05 16:10:363705 INFO  fd total count:23 - EPollPoller.cc:34
2025/08/05 16:10:306898 DEBUG timeout! - EPollPoller.cc:62
2025/08/05 16:10:306930 INFO  fd total count:2 - EPollPoller.cc:34
2025/08/05 16:10:957486 INFO  events happend1 - EPollPoller.cc:51
2025/08/05 16:10:957518 INFO  channel handleEvent revents:1 - Channel.cc:96
2025/08/05 16:10:957620 INFO  HTTP POST /api/auth/register 从  - Middleware.cc:57
2025/08/05 16:10:960850 INFO  用户注册成功: jjw - main_http_modular.cc:655
2025/08/05 16:10:960871 INFO  HTTP POST /api/auth/register 响应 201 (3ms) - Middleware.cc:68
2025/08/05 16:10:960922 INFO  fd total count:23 - EPollPoller.cc:34
2025/08/05 16:10:054212 DEBUG timeout! - EPollPoller.cc:62
2025/08/05 16:10:054248 INFO  fd total count:1 - EPollPoller.cc:34
2025/08/05 16:10:055268 DEBUG timeout! - EPollPoller.cc:62
2025/08/05 16:10:055295 INFO  fd total count:1 - EPollPoller.cc:34
2025/08/05 16:10:066127 DEBUG timeout! - EPollPoller.cc:62
2025/08/05 16:10:066147 INFO  fd total count:1 - EPollPoller.cc:34
2025/08/05 16:10:084453 INFO  events happend1 - EPollPoller.cc:51
2025/08/05 16:10:084475 INFO  channel handleEvent revents:1 - Channel.cc:96
2025/08/05 16:10:084552 INFO  HTTP POST /api/auth/login 从  - Middleware.cc:57
2025/08/05 16:10:088702 INFO  用户登录成功: jjw - main_http_modular.cc:732
2025/08/05 16:10:088723 INFO  HTTP POST /api/auth/login 响应 200 (4ms) - Middleware.cc:68
2025/08/05 16:10:088769 INFO  fd total count:23 - EPollPoller.cc:34
2025/08/05 16:10:316965 DEBUG timeout! - EPollPoller.cc:62
2025/08/05 16:10:317000 INFO  fd total count:2 - EPollPoller.cc:34
2025/08/05 16:10:064287 DEBUG timeout! - EPollPoller.cc:62
2025/08/05 16:10:064321 INFO  fd total count:1 - EPollPoller.cc:34
2025/08/05 16:10:065352 DEBUG timeout! - EPollPoller.cc:62
2025/08/05 16:10:065377 INFO  fd total count:1 - EPollPoller.cc:34
2025/08/05 16:10:076182 DEBUG timeout! - EPollPoller.cc:62
2025/08/05 16:10:076202 INFO  fd total count:1 - EPollPoller.cc:34
2025/08/05 16:10:098827 DEBUG timeout! - EPollPoller.cc:62
2025/08/05 16:10:098845 INFO  fd total count:23 - EPollPoller.cc:34
2025/08/05 16:10:327065 DEBUG timeout! - EPollPoller.cc:62
2025/08/05 16:10:327129 INFO  fd total count:2 - EPollPoller.cc:34
2025/08/05 16:11:074401 DEBUG timeout! - EPollPoller.cc:62
2025/08/05 16:11:074468 INFO  fd total count:1 - EPollPoller.cc:34
2025/08/05 16:11:075495 DEBUG timeout! - EPollPoller.cc:62
2025/08/05 16:11:075561 INFO  fd total count:1 - EPollPoller.cc:34
2025/08/05 16:11:086239 DEBUG timeout! - EPollPoller.cc:62
2025/08/05 16:11:086268 INFO  fd total count:1 - EPollPoller.cc:34
2025/08/05 16:11:108888 DEBUG timeout! - EPollPoller.cc:62
2025/08/05 16:11:108910 INFO  fd total count:23 - EPollPoller.cc:34
2025/08/05 16:11:337196 DEBUG timeout! - EPollPoller.cc:62
2025/08/05 16:11:337255 INFO  fd total count:2 - EPollPoller.cc:34
2025/08/05 16:11:775060 INFO  events happend1 - EPollPoller.cc:51
2025/08/05 16:11:775121 INFO  channel handleEvent revents:1 - Channel.cc:96
2025/08/05 16:11:775187 INFO  使用一致性哈希选择线程，索引=0 - EventLoopThreadPool.cc:114
2025/08/05 16:11:775213 INFO  TcpServer::newConnection [KamaHttpServer]- new connection [KamaHttpServer-0.0.0.0:8080#29]from %s127.0.0.1:38592 - TcpServer.cc:96
2025/08/05 16:11:775265 INFO  TcpConnection::ctor:[KamaHttpServer-0.0.0.0:8080#29]at fd=44 - TcpConnection.cc:52
2025/08/05 16:11:775366 INFO  fd total count:2 - EPollPoller.cc:34
2025/08/05 16:11:775381 INFO  events happend1 - EPollPoller.cc:51
2025/08/05 16:11:775408 INFO  channel handleEvent revents:1 - Channel.cc:96
2025/08/05 16:11:775423 INFO  func =>fd44events=3index=-1 - EPollPoller.cc:91
2025/08/05 16:11:775444 INFO  New HTTP connection from: 127.0.0.1:38592 - HttpServer.cc:70
2025/08/05 16:11:775453 INFO  fd total count:24 - EPollPoller.cc:34
2025/08/05 16:11:775457 INFO  events happend1 - EPollPoller.cc:51
2025/08/05 16:11:775460 INFO  channel handleEvent revents:1 - Channel.cc:96
2025/08/05 16:11:775500 INFO  HTTP POST /api/auth/login 从  - Middleware.cc:57
2025/08/05 16:11:778768 INFO  用户登录成功: testuser2 - main_http_modular.cc:732
2025/08/05 16:11:778792 INFO  HTTP POST /api/auth/login 响应 200 (3ms) - Middleware.cc:68
2025/08/05 16:11:778835 INFO  fd total count:24 - EPollPoller.cc:34
2025/08/05 16:11:778914 INFO  events happend1 - EPollPoller.cc:51
2025/08/05 16:11:778918 INFO  channel handleEvent revents:1 - Channel.cc:96
2025/08/05 16:11:778928 INFO  TcpConnection::handleClose fd=44state=2 - TcpConnection.cc:258
2025/08/05 16:11:778931 INFO  func =>fd44events=0index=1 - EPollPoller.cc:91
2025/08/05 16:11:778940 INFO  HTTP connection closed: 127.0.0.1:38592 - HttpServer.cc:75
2025/08/05 16:11:778959 INFO  fd total count:24 - EPollPoller.cc:34
2025/08/05 16:11:778978 INFO  events happend1 - EPollPoller.cc:51
2025/08/05 16:11:779005 INFO  channel handleEvent revents:1 - Channel.cc:96
2025/08/05 16:11:779024 INFO  TcpServer::removeConnectionInLoop [KamaHttpServer] - connection %sKamaHttpServer-0.0.0.0:8080#29 - TcpServer.cc:143
2025/08/05 16:11:779064 INFO  events happend1 - EPollPoller.cc:51
2025/08/05 16:11:779067 INFO  fd total count:2 - EPollPoller.cc:34
2025/08/05 16:11:779068 INFO  channel handleEvent revents:1 - Channel.cc:96
2025/08/05 16:11:779097 INFO  removeChannel fd=44 - EPollPoller.cc:132
2025/08/05 16:11:779101 INFO  TcpConnection::dtor[KamaHttpServer-0.0.0.0:8080#29]at fd=44state=0 - TcpConnection.cc:58
2025/08/05 16:11:779133 INFO  fd total count:23 - EPollPoller.cc:34
2025/08/05 16:11:084508 DEBUG timeout! - EPollPoller.cc:62
2025/08/05 16:11:084538 INFO  fd total count:1 - EPollPoller.cc:34
2025/08/05 16:11:085601 DEBUG timeout! - EPollPoller.cc:62
2025/08/05 16:11:085628 INFO  fd total count:1 - EPollPoller.cc:34
2025/08/05 16:11:096305 DEBUG timeout! - EPollPoller.cc:62
2025/08/05 16:11:096325 INFO  fd total count:1 - EPollPoller.cc:34
2025/08/05 16:11:785502 DEBUG timeout! - EPollPoller.cc:62
2025/08/05 16:11:785536 INFO  fd total count:2 - EPollPoller.cc:34
2025/08/05 16:11:786284 DEBUG timeout! - EPollPoller.cc:62
2025/08/05 16:11:786292 INFO  fd total count:23 - EPollPoller.cc:34
2025/08/05 16:11:094580 DEBUG timeout! - EPollPoller.cc:62
2025/08/05 16:11:094616 INFO  fd total count:1 - EPollPoller.cc:34
2025/08/05 16:11:095663 DEBUG timeout! - EPollPoller.cc:62
2025/08/05 16:11:095690 INFO  fd total count:1 - EPollPoller.cc:34
2025/08/05 16:11:106377 DEBUG timeout! - EPollPoller.cc:62
2025/08/05 16:11:106396 INFO  fd total count:1 - EPollPoller.cc:34
2025/08/05 16:11:795577 DEBUG timeout! - EPollPoller.cc:62
2025/08/05 16:11:795585 DEBUG timeout! - EPollPoller.cc:62
2025/08/05 16:11:795620 INFO  fd total count:2 - EPollPoller.cc:34
2025/08/05 16:11:795646 INFO  fd total count:23 - EPollPoller.cc:34
2025/08/05 16:11:104645 DEBUG timeout! - EPollPoller.cc:62
2025/08/05 16:11:104679 INFO  fd total count:1 - EPollPoller.cc:34
2025/08/05 16:11:105809 DEBUG timeout! - EPollPoller.cc:62
2025/08/05 16:11:105863 INFO  fd total count:1 - EPollPoller.cc:34
2025/08/05 16:11:116442 DEBUG timeout! - EPollPoller.cc:62
2025/08/05 16:11:116461 INFO  fd total count:1 - EPollPoller.cc:34
2025/08/05 16:11:805697 DEBUG timeout! - EPollPoller.cc:62
2025/08/05 16:11:805743 INFO  fd total count:23 - EPollPoller.cc:34
2025/08/05 16:11:805700 DEBUG timeout! - EPollPoller.cc:62
2025/08/05 16:11:805809 INFO  fd total count:2 - EPollPoller.cc:34
2025/08/05 16:11:114741 DEBUG timeout! - EPollPoller.cc:62
2025/08/05 16:11:114805 INFO  fd total count:1 - EPollPoller.cc:34
2025/08/05 16:11:115905 DEBUG timeout! - EPollPoller.cc:62
2025/08/05 16:11:115940 INFO  fd total count:1 - EPollPoller.cc:34
2025/08/05 16:11:126503 DEBUG timeout! - EPollPoller.cc:62
2025/08/05 16:11:126521 INFO  fd total count:1 - EPollPoller.cc:34
2025/08/05 16:11:815782 DEBUG timeout! - EPollPoller.cc:62
2025/08/05 16:11:815817 INFO  fd total count:23 - EPollPoller.cc:34
2025/08/05 16:11:815842 DEBUG timeout! - EPollPoller.cc:62
2025/08/05 16:11:815867 INFO  fd total count:2 - EPollPoller.cc:34
2025/08/05 16:11:124895 DEBUG timeout! - EPollPoller.cc:62
2025/08/05 16:11:124960 INFO  fd total count:1 - EPollPoller.cc:34
2025/08/05 16:11:125983 DEBUG timeout! - EPollPoller.cc:62
2025/08/05 16:11:126019 INFO  fd total count:1 - EPollPoller.cc:34
2025/08/05 16:11:136568 DEBUG timeout! - EPollPoller.cc:62
2025/08/05 16:11:136587 INFO  fd total count:1 - EPollPoller.cc:34
