2025/08/05 15:09:883578 DEBUG EventLoop createdtruein thread681774 - EventLoop.cc:53
2025/08/05 15:09:883639 INFO  func =>fd5events=3index=-1 - EPollPoller.cc:91
2025/08/05 15:09:883891 INFO  成功加载配置文件: config/config.json - ConfigManager.cc:28
2025/08/05 15:09:884264 INFO  成功加载配置文件: config/config.json - ConfigManager.cc:28
2025/08/05 15:09:884690 INFO  配置加载完成: 端口=8080, 线程数=4, LLaMA服务类型=tcp, 数据库类型=mysql, 开发模式=true - main_http_modular.cc:126
2025/08/05 15:09:884703 INFO  添加中间件: LoggingMiddleware - Middleware.cc:17
2025/08/05 15:09:884708 INFO  添加中间件: CorsMiddleware - Middleware.cc:17
2025/08/05 15:09:886117 INFO  尝试连接MySQL - Host: 127.0.0.1, Port: 3306, DB: kama_llm, User: root - DatabaseManager.cpp:86
2025/08/05 15:09:947172 INFO  MySQL连接成功: 127.0.0.1:3306/kama_llm - DatabaseManager.cpp:120
2025/08/05 15:09:954667 INFO  数据库表初始化完成 - DatabaseManager.cpp:230
2025/08/05 15:09:954679 INFO  MySQL数据库初始化成功 - DatabaseManager.cpp:52
2025/08/05 15:09:954683 INFO  数据库服务初始化成功: 127.0.0.1:3306/kama_llm - DatabaseService.cc:58
2025/08/05 15:09:954810 INFO  LLaMA 服务连接成功：127.0.0.1:8899 - LlamaService.cc:29
2025/08/05 15:09:954825 INFO  LLaMA服务连接成功 - main_http_modular.cc:253
2025/08/05 15:09:954839 INFO  Added route: GET /basic - HttpServer.cc:60
2025/08/05 15:09:954844 INFO  Added route: GET /api/models - HttpServer.cc:60
2025/08/05 15:09:954849 INFO  Added route: POST /api/llama/query - HttpServer.cc:60
2025/08/05 15:09:954853 INFO  Added route: GET /api/status - HttpServer.cc:60
2025/08/05 15:09:954858 INFO  Added route: POST /api/admin/clear-cache - HttpServer.cc:60
2025/08/05 15:09:954862 INFO  Added route: POST /api/admin/clear-database - HttpServer.cc:60
2025/08/05 15:09:954866 INFO  Added route: GET /api/admin/database-stats - HttpServer.cc:60
2025/08/05 15:09:954870 INFO  Added route: GET /api/admin/users - HttpServer.cc:60
2025/08/05 15:09:954874 INFO  Added route: POST /api/admin/clear-users - HttpServer.cc:60
2025/08/05 15:09:954878 INFO  Added route: GET /api/conversations - HttpServer.cc:60
2025/08/05 15:09:954893 INFO  启动Kama HTTP服务器, 端口: 8080 - main_http_modular.cc:75
2025/08/05 15:09:954897 INFO  HTTP Server [KamaHttpServer] started on 0.0.0.0:8080 - HttpServer.cc:41
2025/08/05 15:09:955014 DEBUG EventLoop createdtruein thread681777 - EventLoop.cc:53
2025/08/05 15:09:955032 INFO  func =>fd9events=3index=-1 - EPollPoller.cc:91
2025/08/05 15:09:955053 INFO  EventLoop start looping - EventLoop.cc:82
2025/08/05 15:09:955057 INFO  fd total count:1 - EPollPoller.cc:34
2025/08/05 15:09:955180 DEBUG EventLoop createdtruein thread681778 - EventLoop.cc:53
2025/08/05 15:09:955197 INFO  func =>fd11events=3index=-1 - EPollPoller.cc:91
2025/08/05 15:09:955214 INFO  EventLoop start looping - EventLoop.cc:82
2025/08/05 15:09:955218 INFO  fd total count:1 - EPollPoller.cc:34
2025/08/05 15:09:955324 DEBUG EventLoop createdtruein thread681779 - EventLoop.cc:53
2025/08/05 15:09:955340 INFO  func =>fd13events=3index=-1 - EPollPoller.cc:91
2025/08/05 15:09:955356 INFO  EventLoop start looping - EventLoop.cc:82
2025/08/05 15:09:955360 INFO  fd total count:1 - EPollPoller.cc:34
2025/08/05 15:09:955455 DEBUG EventLoop createdtruein thread681780 - EventLoop.cc:53
2025/08/05 15:09:955471 INFO  func =>fd15events=3index=-1 - EPollPoller.cc:91
2025/08/05 15:09:955489 INFO  EventLoop start looping - EventLoop.cc:82
2025/08/05 15:09:955492 INFO  fd total count:1 - EPollPoller.cc:34
2025/08/05 15:09:955503 INFO  func =>fd6events=3index=-1 - EPollPoller.cc:91
2025/08/05 15:09:955572 INFO  EventLoop start looping - EventLoop.cc:82
2025/08/05 15:09:955577 INFO  fd total count:2 - EPollPoller.cc:34
2025/08/05 15:09:956107 INFO  events happend1 - EPollPoller.cc:51
2025/08/05 15:09:956135 INFO  channel handleEvent revents:1 - Channel.cc:96
2025/08/05 15:09:956161 INFO  使用一致性哈希选择线程，索引=0 - EventLoopThreadPool.cc:114
2025/08/05 15:09:956168 INFO  TcpServer::newConnection [KamaHttpServer]- new connection [KamaHttpServer-0.0.0.0:8080#1]from %s127.0.0.1:38440 - TcpServer.cc:96
2025/08/05 15:09:956184 INFO  TcpConnection::ctor:[KamaHttpServer-0.0.0.0:8080#1]at fd=16 - TcpConnection.cc:52
2025/08/05 15:09:956229 INFO  fd total count:2 - EPollPoller.cc:34
2025/08/05 15:09:956244 INFO  events happend1 - EPollPoller.cc:51
2025/08/05 15:09:956267 INFO  channel handleEvent revents:1 - Channel.cc:96
2025/08/05 15:09:956279 INFO  func =>fd16events=3index=-1 - EPollPoller.cc:91
2025/08/05 15:09:956302 INFO  New HTTP connection from: 127.0.0.1:38440 - HttpServer.cc:70
2025/08/05 15:09:956310 INFO  fd total count:2 - EPollPoller.cc:34
2025/08/05 15:09:956314 INFO  events happend1 - EPollPoller.cc:51
2025/08/05 15:09:956317 INFO  channel handleEvent revents:1 - Channel.cc:96
2025/08/05 15:09:956351 INFO  TcpConnection::handleClose fd=16state=2 - TcpConnection.cc:258
2025/08/05 15:09:956354 INFO  func =>fd16events=0index=1 - EPollPoller.cc:91
2025/08/05 15:09:956361 INFO  HTTP connection closed: 127.0.0.1:38440 - HttpServer.cc:75
2025/08/05 15:09:956379 INFO  fd total count:2 - EPollPoller.cc:34
2025/08/05 15:09:956384 INFO  events happend1 - EPollPoller.cc:51
2025/08/05 15:09:956388 INFO  channel handleEvent revents:1 - Channel.cc:96
2025/08/05 15:09:956394 INFO  TcpServer::removeConnectionInLoop [KamaHttpServer] - connection %sKamaHttpServer-0.0.0.0:8080#1 - TcpServer.cc:143
2025/08/05 15:09:956407 INFO  fd total count:2 - EPollPoller.cc:34
2025/08/05 15:09:956413 INFO  events happend1 - EPollPoller.cc:51
2025/08/05 15:09:956417 INFO  channel handleEvent revents:1 - Channel.cc:96
2025/08/05 15:09:956422 INFO  removeChannel fd=16 - EPollPoller.cc:132
2025/08/05 15:09:956425 INFO  TcpConnection::dtor[KamaHttpServer-0.0.0.0:8080#1]at fd=16state=0 - TcpConnection.cc:58
2025/08/05 15:09:956470 INFO  fd total count:1 - EPollPoller.cc:34
2025/08/05 15:09:281615 INFO  events happend1 - EPollPoller.cc:51
2025/08/05 15:09:281643 INFO  channel handleEvent revents:1 - Channel.cc:96
2025/08/05 15:09:281666 INFO  使用一致性哈希选择线程，索引=0 - EventLoopThreadPool.cc:114
2025/08/05 15:09:281673 INFO  TcpServer::newConnection [KamaHttpServer]- new connection [KamaHttpServer-0.0.0.0:8080#2]from %s127.0.0.1:38442 - TcpServer.cc:96
2025/08/05 15:09:281688 INFO  TcpConnection::ctor:[KamaHttpServer-0.0.0.0:8080#2]at fd=16 - TcpConnection.cc:52
2025/08/05 15:09:281725 INFO  fd total count:2 - EPollPoller.cc:34
2025/08/05 15:09:281751 INFO  events happend1 - EPollPoller.cc:51
2025/08/05 15:09:281773 INFO  channel handleEvent revents:1 - Channel.cc:96
2025/08/05 15:09:281786 INFO  func =>fd16events=3index=-1 - EPollPoller.cc:91
2025/08/05 15:09:281804 INFO  New HTTP connection from: 127.0.0.1:38442 - HttpServer.cc:70
2025/08/05 15:09:281811 INFO  fd total count:2 - EPollPoller.cc:34
2025/08/05 15:09:962314 DEBUG timeout! - EPollPoller.cc:62
2025/08/05 15:09:962373 INFO  fd total count:1 - EPollPoller.cc:34
2025/08/05 15:09:965289 DEBUG timeout! - EPollPoller.cc:62
2025/08/05 15:09:965318 INFO  fd total count:1 - EPollPoller.cc:34
2025/08/05 15:09:965398 DEBUG timeout! - EPollPoller.cc:62
2025/08/05 15:09:965418 INFO  fd total count:1 - EPollPoller.cc:34
2025/08/05 15:10:291836 DEBUG timeout! - EPollPoller.cc:62
2025/08/05 15:10:291853 DEBUG timeout! - EPollPoller.cc:62
2025/08/05 15:10:291921 INFO  fd total count:2 - EPollPoller.cc:34
2025/08/05 15:10:291931 INFO  fd total count:2 - EPollPoller.cc:34
2025/08/05 15:10:972428 DEBUG timeout! - EPollPoller.cc:62
2025/08/05 15:10:972460 INFO  fd total count:1 - EPollPoller.cc:34
2025/08/05 15:10:975381 DEBUG timeout! - EPollPoller.cc:62
2025/08/05 15:10:975406 INFO  fd total count:1 - EPollPoller.cc:34
2025/08/05 15:10:975488 DEBUG timeout! - EPollPoller.cc:62
2025/08/05 15:10:975538 INFO  fd total count:1 - EPollPoller.cc:34
2025/08/05 15:10:301984 DEBUG timeout! - EPollPoller.cc:62
2025/08/05 15:10:302019 INFO  fd total count:2 - EPollPoller.cc:34
2025/08/05 15:10:302000 DEBUG timeout! - EPollPoller.cc:62
2025/08/05 15:10:302035 INFO  fd total count:2 - EPollPoller.cc:34
2025/08/05 15:10:982497 DEBUG timeout! - EPollPoller.cc:62
2025/08/05 15:10:982527 INFO  fd total count:1 - EPollPoller.cc:34
2025/08/05 15:10:985481 DEBUG timeout! - EPollPoller.cc:62
2025/08/05 15:10:985506 INFO  fd total count:1 - EPollPoller.cc:34
2025/08/05 15:10:985583 DEBUG timeout! - EPollPoller.cc:62
2025/08/05 15:10:985601 INFO  fd total count:1 - EPollPoller.cc:34
2025/08/05 15:10:312081 DEBUG timeout! - EPollPoller.cc:62
2025/08/05 15:10:312102 DEBUG timeout! - EPollPoller.cc:62
2025/08/05 15:10:312134 INFO  fd total count:2 - EPollPoller.cc:34
2025/08/05 15:10:312116 INFO  fd total count:2 - EPollPoller.cc:34
2025/08/05 15:10:992602 DEBUG timeout! - EPollPoller.cc:62
2025/08/05 15:10:992646 INFO  fd total count:1 - EPollPoller.cc:34
2025/08/05 15:10:995627 DEBUG timeout! - EPollPoller.cc:62
2025/08/05 15:10:995655 DEBUG timeout! - EPollPoller.cc:62
2025/08/05 15:10:995686 INFO  fd total count:1 - EPollPoller.cc:34
2025/08/05 15:10:995692 INFO  fd total count:1 - EPollPoller.cc:34
2025/08/05 15:10:514089 INFO  events happend1 - EPollPoller.cc:51
2025/08/05 15:10:514118 INFO  channel handleEvent revents:1 - Channel.cc:96
2025/08/05 15:10:514208 INFO  HTTP GET / 从  - Middleware.cc:57
2025/08/05 15:10:514986 INFO  HTTP GET / 响应 200 (0ms) - Middleware.cc:68
2025/08/05 15:10:515046 INFO  fd total count:2 - EPollPoller.cc:34
2025/08/05 15:10:535548 INFO  events happend1 - EPollPoller.cc:51
2025/08/05 15:10:535564 INFO  channel handleEvent revents:1 - Channel.cc:96
2025/08/05 15:10:535611 INFO  HTTP GET /css/openwebui-style.css 从  - Middleware.cc:57
2025/08/05 15:10:536996 INFO  HTTP GET /css/openwebui-style.css 响应 200 (1ms) - Middleware.cc:68
2025/08/05 15:10:537060 INFO  fd total count:2 - EPollPoller.cc:34
2025/08/05 15:10:542619 INFO  events happend1 - EPollPoller.cc:51
2025/08/05 15:10:542632 INFO  channel handleEvent revents:1 - Channel.cc:96
2025/08/05 15:10:542674 INFO  HTTP GET /js/openwebui-app.js 从  - Middleware.cc:57
2025/08/05 15:10:544833 INFO  HTTP GET /js/openwebui-app.js 响应 200 (2ms) - Middleware.cc:68
2025/08/05 15:10:544883 INFO  fd total count:2 - EPollPoller.cc:34
2025/08/05 15:10:564851 INFO  events happend1 - EPollPoller.cc:51
2025/08/05 15:10:564864 INFO  channel handleEvent revents:1 - Channel.cc:96
2025/08/05 15:10:564904 INFO  HTTP GET /api/status 从  - Middleware.cc:57
2025/08/05 15:10:564921 INFO  HTTP GET /api/status 响应 200 (0ms) - Middleware.cc:68
2025/08/05 15:10:564958 INFO  fd total count:2 - EPollPoller.cc:34
2025/08/05 15:10:572012 INFO  events happend1 - EPollPoller.cc:51
2025/08/05 15:10:572021 INFO  channel handleEvent revents:1 - Channel.cc:96
2025/08/05 15:10:572054 INFO  HTTP GET /api/models 从  - Middleware.cc:57
2025/08/05 15:10:572069 INFO  HTTP GET /api/models 响应 200 (0ms) - Middleware.cc:68
2025/08/05 15:10:572101 INFO  fd total count:2 - EPollPoller.cc:34
2025/08/05 15:10:872876 INFO  events happend1 - EPollPoller.cc:51
2025/08/05 15:10:872903 INFO  channel handleEvent revents:1 - Channel.cc:96
2025/08/05 15:10:872931 INFO  使用一致性哈希选择线程，索引=0 - EventLoopThreadPool.cc:114
2025/08/05 15:10:872938 INFO  TcpServer::newConnection [KamaHttpServer]- new connection [KamaHttpServer-0.0.0.0:8080#3]from %s127.0.0.1:38444 - TcpServer.cc:96
2025/08/05 15:10:872955 INFO  TcpConnection::ctor:[KamaHttpServer-0.0.0.0:8080#3]at fd=17 - TcpConnection.cc:52
2025/08/05 15:10:872987 INFO  fd total count:2 - EPollPoller.cc:34
2025/08/05 15:10:873002 INFO  events happend1 - EPollPoller.cc:51
2025/08/05 15:10:873023 INFO  channel handleEvent revents:1 - Channel.cc:96
2025/08/05 15:10:873034 INFO  func =>fd17events=3index=-1 - EPollPoller.cc:91
2025/08/05 15:10:873053 INFO  New HTTP connection from: 127.0.0.1:38444 - HttpServer.cc:70
2025/08/05 15:10:873062 INFO  fd total count:3 - EPollPoller.cc:34
2025/08/05 15:10:888762 INFO  events happend1 - EPollPoller.cc:51
2025/08/05 15:10:888773 INFO  channel handleEvent revents:1 - Channel.cc:96
2025/08/05 15:10:888787 INFO  使用一致性哈希选择线程，索引=0 - EventLoopThreadPool.cc:114
2025/08/05 15:10:888792 INFO  TcpServer::newConnection [KamaHttpServer]- new connection [KamaHttpServer-0.0.0.0:8080#4]from %s127.0.0.1:38446 - TcpServer.cc:96
2025/08/05 15:10:888809 INFO  TcpConnection::ctor:[KamaHttpServer-0.0.0.0:8080#4]at fd=18 - TcpConnection.cc:52
2025/08/05 15:10:888831 INFO  fd total count:2 - EPollPoller.cc:34
2025/08/05 15:10:888846 INFO  events happend1 - EPollPoller.cc:51
2025/08/05 15:10:888860 INFO  channel handleEvent revents:1 - Channel.cc:96
2025/08/05 15:10:888869 INFO  func =>fd18events=3index=-1 - EPollPoller.cc:91
2025/08/05 15:10:888883 INFO  New HTTP connection from: 127.0.0.1:38446 - HttpServer.cc:70
2025/08/05 15:10:888889 INFO  fd total count:4 - EPollPoller.cc:34
2025/08/05 15:10:354636 INFO  events happend1 - EPollPoller.cc:51
2025/08/05 15:10:354689 INFO  channel handleEvent revents:1 - Channel.cc:96
2025/08/05 15:10:354845 INFO  HTTP GET /admin.html 从  - Middleware.cc:57
2025/08/05 15:10:363014 INFO  HTTP GET /admin.html 响应 200 (8ms) - Middleware.cc:68
2025/08/05 15:10:363315 INFO  fd total count:4 - EPollPoller.cc:34
2025/08/05 15:10:383056 INFO  events happend1 - EPollPoller.cc:51
2025/08/05 15:10:383073 INFO  channel handleEvent revents:1 - Channel.cc:96
2025/08/05 15:10:383181 INFO  HTTP GET /css/openwebui-style.css 从  - Middleware.cc:57
2025/08/05 15:10:387674 INFO  HTTP GET /css/openwebui-style.css 响应 200 (4ms) - Middleware.cc:68
2025/08/05 15:10:387800 INFO  fd total count:4 - EPollPoller.cc:34
2025/08/05 15:10:429662 INFO  events happend1 - EPollPoller.cc:51
2025/08/05 15:10:429677 INFO  channel handleEvent revents:1 - Channel.cc:96
2025/08/05 15:10:429767 INFO  HTTP GET /api/status 从  - Middleware.cc:57
2025/08/05 15:10:429812 INFO  HTTP GET /api/status 响应 200 (0ms) - Middleware.cc:68
2025/08/05 15:10:429900 INFO  fd total count:4 - EPollPoller.cc:34
2025/08/05 15:10:934625 INFO  events happend1 - EPollPoller.cc:51
2025/08/05 15:10:934654 INFO  channel handleEvent revents:1 - Channel.cc:96
2025/08/05 15:10:934722 INFO  HTTP GET /api/admin/users 从  - Middleware.cc:57
2025/08/05 15:10:935245 INFO  返回用户信息，共 2 个用户 - main_http_modular.cc:518
2025/08/05 15:10:935261 INFO  HTTP GET /api/admin/users 响应 200 (0ms) - Middleware.cc:68
2025/08/05 15:10:935306 INFO  fd total count:4 - EPollPoller.cc:34
2025/08/05 15:10:002733 DEBUG timeout! - EPollPoller.cc:62
2025/08/05 15:10:002764 INFO  fd total count:1 - EPollPoller.cc:34
2025/08/05 15:10:005758 DEBUG timeout! - EPollPoller.cc:62
2025/08/05 15:10:005783 INFO  fd total count:1 - EPollPoller.cc:34
2025/08/05 15:10:005771 DEBUG timeout! - EPollPoller.cc:62
2025/08/05 15:10:005791 INFO  fd total count:1 - EPollPoller.cc:34
2025/08/05 15:10:898891 DEBUG timeout! - EPollPoller.cc:62
2025/08/05 15:10:898922 INFO  fd total count:2 - EPollPoller.cc:34
2025/08/05 15:10:888557 INFO  events happend1 - EPollPoller.cc:51
2025/08/05 15:10:888588 INFO  channel handleEvent revents:1 - Channel.cc:96
2025/08/05 15:10:888667 INFO  HTTP POST /api/admin/clear-users 从  - Middleware.cc:57
2025/08/05 15:10:888683 INFO  正在清空指定的表:  - DatabaseService.cc:140
2025/08/05 15:10:888687 INFO   - users - DatabaseService.cc:142
2025/08/05 15:10:942282 INFO  所有用户数据已清除 - DatabaseManager.cpp:501
2025/08/05 15:10:942301 INFO  表 users 已清空 - DatabaseService.cc:171
2025/08/05 15:10:942342 INFO  用户注册表清除成功 - main_http_modular.cc:551
2025/08/05 15:10:942352 INFO  HTTP POST /api/admin/clear-users 响应 200 (53ms) - Middleware.cc:68
2025/08/05 15:10:942413 INFO  fd total count:4 - EPollPoller.cc:34
2025/08/05 15:10:229451 INFO  events happend1 - EPollPoller.cc:51
2025/08/05 15:10:229483 INFO  channel handleEvent revents:1 - Channel.cc:96
2025/08/05 15:10:229551 INFO  HTTP GET /api/admin/users 从  - Middleware.cc:57
2025/08/05 15:10:230003 INFO  返回用户信息，共 0 个用户 - main_http_modular.cc:518
2025/08/05 15:10:230015 INFO  HTTP GET /api/admin/users 响应 200 (0ms) - Middleware.cc:68
2025/08/05 15:10:230061 INFO  fd total count:4 - EPollPoller.cc:34
2025/08/05 15:10:470156 INFO  events happend1 - EPollPoller.cc:51
2025/08/05 15:10:470187 INFO  channel handleEvent revents:1 - Channel.cc:96
2025/08/05 15:10:470269 INFO  HTTP GET /api/admin/database-stats 从  - Middleware.cc:57
2025/08/05 15:10:470327 INFO  返回数据库统计信息 - main_http_modular.cc:479
2025/08/05 15:10:470335 INFO  HTTP GET /api/admin/database-stats 响应 200 (0ms) - Middleware.cc:68
2025/08/05 15:10:470389 INFO  fd total count:4 - EPollPoller.cc:34
2025/08/05 15:10:012828 DEBUG timeout! - EPollPoller.cc:62
2025/08/05 15:10:012862 INFO  fd total count:1 - EPollPoller.cc:34
2025/08/05 15:10:015855 DEBUG timeout! - EPollPoller.cc:62
2025/08/05 15:10:015882 INFO  fd total count:1 - EPollPoller.cc:34
2025/08/05 15:10:015876 DEBUG timeout! - EPollPoller.cc:62
2025/08/05 15:10:015946 INFO  fd total count:1 - EPollPoller.cc:34
2025/08/05 15:10:391037 INFO  events happend1 - EPollPoller.cc:51
2025/08/05 15:10:391095 INFO  channel handleEvent revents:1 - Channel.cc:96
2025/08/05 15:10:391248 INFO  HTTP GET /api/admin/users 从  - Middleware.cc:57
2025/08/05 15:10:392182 INFO  返回用户信息，共 0 个用户 - main_http_modular.cc:518
2025/08/05 15:10:392216 INFO  HTTP GET /api/admin/users 响应 200 (0ms) - Middleware.cc:68
2025/08/05 15:10:392340 INFO  fd total count:4 - EPollPoller.cc:34
2025/08/05 15:10:908981 DEBUG timeout! - EPollPoller.cc:62
2025/08/05 15:10:909013 INFO  fd total count:2 - EPollPoller.cc:34
2025/08/05 15:10:788421 INFO  events happend1 - EPollPoller.cc:51
2025/08/05 15:10:788455 INFO  channel handleEvent revents:1 - Channel.cc:96
2025/08/05 15:10:788525 INFO  HTTP GET / 从  - Middleware.cc:57
2025/08/05 15:10:789308 INFO  HTTP GET / 响应 200 (0ms) - Middleware.cc:68
2025/08/05 15:10:789376 INFO  fd total count:4 - EPollPoller.cc:34
2025/08/05 15:10:816501 INFO  events happend1 - EPollPoller.cc:51
2025/08/05 15:10:816517 INFO  channel handleEvent revents:1 - Channel.cc:96
2025/08/05 15:10:816566 INFO  HTTP GET /css/openwebui-style.css 从  - Middleware.cc:57
2025/08/05 15:10:817988 INFO  HTTP GET /css/openwebui-style.css 响应 200 (1ms) - Middleware.cc:68
2025/08/05 15:10:818044 INFO  fd total count:4 - EPollPoller.cc:34
2025/08/05 15:10:818051 INFO  events happend1 - EPollPoller.cc:51
2025/08/05 15:10:818054 INFO  channel handleEvent revents:1 - Channel.cc:96
2025/08/05 15:10:818088 INFO  HTTP GET /js/openwebui-app.js 从  - Middleware.cc:57
2025/08/05 15:10:820317 INFO  HTTP GET /js/openwebui-app.js 响应 200 (2ms) - Middleware.cc:68
2025/08/05 15:10:820365 INFO  fd total count:4 - EPollPoller.cc:34
2025/08/05 15:10:829922 INFO  events happend1 - EPollPoller.cc:51
2025/08/05 15:10:829934 INFO  channel handleEvent revents:1 - Channel.cc:96
2025/08/05 15:10:829974 INFO  HTTP GET /api/models 从  - Middleware.cc:57
2025/08/05 15:10:829989 INFO  HTTP GET /api/models 响应 200 (0ms) - Middleware.cc:68
2025/08/05 15:10:830026 INFO  fd total count:4 - EPollPoller.cc:34
2025/08/05 15:10:830161 INFO  events happend1 - EPollPoller.cc:51
2025/08/05 15:10:830164 INFO  channel handleEvent revents:1 - Channel.cc:96
2025/08/05 15:10:830190 INFO  HTTP GET /api/status 从  - Middleware.cc:57
2025/08/05 15:10:830203 INFO  HTTP GET /api/status 响应 200 (0ms) - Middleware.cc:68
2025/08/05 15:10:830233 INFO  fd total count:4 - EPollPoller.cc:34
2025/08/05 15:11:022934 DEBUG timeout! - EPollPoller.cc:62
2025/08/05 15:11:022965 INFO  fd total count:1 - EPollPoller.cc:34
2025/08/05 15:11:026002 DEBUG timeout! - EPollPoller.cc:62
2025/08/05 15:11:026030 DEBUG timeout! - EPollPoller.cc:62
2025/08/05 15:11:026062 INFO  fd total count:1 - EPollPoller.cc:34
2025/08/05 15:11:026063 INFO  fd total count:1 - EPollPoller.cc:34
2025/08/05 15:11:919136 DEBUG timeout! - EPollPoller.cc:62
2025/08/05 15:11:919192 INFO  fd total count:2 - EPollPoller.cc:34
2025/08/05 15:11:364979 INFO  events happend1 - EPollPoller.cc:51
2025/08/05 15:11:365039 INFO  channel handleEvent revents:1 - Channel.cc:96
2025/08/05 15:11:365187 INFO  HTTP GET /admin.html 从  - Middleware.cc:57
2025/08/05 15:11:373373 INFO  HTTP GET /admin.html 响应 200 (8ms) - Middleware.cc:68
2025/08/05 15:11:373637 INFO  fd total count:4 - EPollPoller.cc:34
2025/08/05 15:11:394689 INFO  events happend1 - EPollPoller.cc:51
2025/08/05 15:11:394708 INFO  channel handleEvent revents:1 - Channel.cc:96
2025/08/05 15:11:394824 INFO  HTTP GET /css/openwebui-style.css 从  - Middleware.cc:57
2025/08/05 15:11:399332 INFO  HTTP GET /css/openwebui-style.css 响应 200 (4ms) - Middleware.cc:68
2025/08/05 15:11:399455 INFO  fd total count:4 - EPollPoller.cc:34
2025/08/05 15:11:408041 INFO  events happend1 - EPollPoller.cc:51
2025/08/05 15:11:408057 INFO  channel handleEvent revents:1 - Channel.cc:96
2025/08/05 15:11:408149 INFO  HTTP GET /api/status 从  - Middleware.cc:57
2025/08/05 15:11:408192 INFO  HTTP GET /api/status 响应 200 (0ms) - Middleware.cc:68
2025/08/05 15:11:408276 INFO  fd total count:4 - EPollPoller.cc:34
2025/08/05 15:11:998066 INFO  events happend1 - EPollPoller.cc:51
2025/08/05 15:11:998099 INFO  channel handleEvent revents:1 - Channel.cc:96
2025/08/05 15:11:998170 INFO  HTTP POST /api/admin/clear-database 从  - Middleware.cc:57
2025/08/05 15:11:998186 INFO  正在重置数据库... - DatabaseService.cc:110
2025/08/05 15:11:999380 INFO  尝试连接MySQL - Host: 127.0.0.1, Port: 3306, DB: kama_llm, User: root - DatabaseManager.cpp:86
2025/08/05 15:11:062396 INFO  MySQL连接成功: 127.0.0.1:3306/kama_llm - DatabaseManager.cpp:120
2025/08/05 15:11:063109 ERROR SQL执行失败: Table 'kama_llm.llm_cache' doesn't exist, SQL: DELETE FROM llm_cache WHERE last_accessed < 1754377865 - DatabaseManager.cpp:241
2025/08/05 15:11:063117 INFO  数据库已重置 - DatabaseService.cc:128
2025/08/05 15:11:063122 INFO  重置数据库完成 - main_http_modular.cc:422
2025/08/05 15:11:063167 INFO  HTTP POST /api/admin/clear-database 响应 200 (64ms) - Middleware.cc:68
2025/08/05 15:11:063228 INFO  fd total count:4 - EPollPoller.cc:34
2025/08/05 15:11:143323 INFO  events happend1 - EPollPoller.cc:51
2025/08/05 15:11:143356 INFO  channel handleEvent revents:1 - Channel.cc:96
2025/08/05 15:11:143433 INFO  HTTP GET /api/admin/database-stats 从  - Middleware.cc:57
2025/08/05 15:11:143488 INFO  返回数据库统计信息 - main_http_modular.cc:479
2025/08/05 15:11:143497 INFO  HTTP GET /api/admin/database-stats 响应 200 (0ms) - Middleware.cc:68
2025/08/05 15:11:143552 INFO  fd total count:4 - EPollPoller.cc:34
2025/08/05 15:11:033008 DEBUG timeout! - EPollPoller.cc:62
2025/08/05 15:11:033039 INFO  fd total count:1 - EPollPoller.cc:34
2025/08/05 15:11:036130 DEBUG timeout! - EPollPoller.cc:62
2025/08/05 15:11:036141 DEBUG timeout! - EPollPoller.cc:62
2025/08/05 15:11:036180 INFO  fd total count:1 - EPollPoller.cc:34
2025/08/05 15:11:036158 INFO  fd total count:1 - EPollPoller.cc:34
2025/08/05 15:11:929267 DEBUG timeout! - EPollPoller.cc:62
2025/08/05 15:11:929300 INFO  fd total count:2 - EPollPoller.cc:34
2025/08/05 15:11:153636 DEBUG timeout! - EPollPoller.cc:62
2025/08/05 15:11:153678 INFO  fd total count:4 - EPollPoller.cc:34
2025/08/05 15:11:043114 DEBUG timeout! - EPollPoller.cc:62
2025/08/05 15:11:043150 INFO  fd total count:1 - EPollPoller.cc:34
2025/08/05 15:11:046275 DEBUG timeout! - EPollPoller.cc:62
2025/08/05 15:11:046304 INFO  fd total count:1 - EPollPoller.cc:34
2025/08/05 15:11:046319 DEBUG timeout! - EPollPoller.cc:62
2025/08/05 15:11:046368 INFO  fd total count:1 - EPollPoller.cc:34
2025/08/05 15:11:939371 DEBUG timeout! - EPollPoller.cc:62
2025/08/05 15:11:939408 INFO  fd total count:2 - EPollPoller.cc:34
2025/08/05 15:11:163756 DEBUG timeout! - EPollPoller.cc:62
2025/08/05 15:11:163788 INFO  fd total count:4 - EPollPoller.cc:34
2025/08/05 15:11:053216 DEBUG timeout! - EPollPoller.cc:62
2025/08/05 15:11:053249 INFO  fd total count:1 - EPollPoller.cc:34
2025/08/05 15:11:056367 DEBUG timeout! - EPollPoller.cc:62
2025/08/05 15:11:056394 INFO  fd total count:1 - EPollPoller.cc:34
2025/08/05 15:11:056439 DEBUG timeout! - EPollPoller.cc:62
2025/08/05 15:11:056459 INFO  fd total count:1 - EPollPoller.cc:34
2025/08/05 15:11:949469 DEBUG timeout! - EPollPoller.cc:62
2025/08/05 15:11:949502 INFO  fd total count:2 - EPollPoller.cc:34
2025/08/05 15:11:421249 INFO  events happend1 - EPollPoller.cc:51
2025/08/05 15:11:421281 INFO  channel handleEvent revents:1 - Channel.cc:96
2025/08/05 15:11:421354 INFO  HTTP GET /api/status 从  - Middleware.cc:57
2025/08/05 15:11:421375 INFO  HTTP GET /api/status 响应 200 (0ms) - Middleware.cc:68
2025/08/05 15:11:421428 INFO  fd total count:4 - EPollPoller.cc:34
2025/08/05 15:11:063330 DEBUG timeout! - EPollPoller.cc:62
2025/08/05 15:11:063393 INFO  fd total count:1 - EPollPoller.cc:34
2025/08/05 15:11:066469 DEBUG timeout! - EPollPoller.cc:62
2025/08/05 15:11:066503 INFO  fd total count:1 - EPollPoller.cc:34
2025/08/05 15:11:066529 DEBUG timeout! - EPollPoller.cc:62
2025/08/05 15:11:066548 INFO  fd total count:1 - EPollPoller.cc:34
2025/08/05 15:11:959576 DEBUG timeout! - EPollPoller.cc:62
2025/08/05 15:11:959611 INFO  fd total count:2 - EPollPoller.cc:34
2025/08/05 15:11:431479 DEBUG timeout! - EPollPoller.cc:62
2025/08/05 15:11:431514 INFO  fd total count:4 - EPollPoller.cc:34
2025/08/05 15:11:073512 DEBUG timeout! - EPollPoller.cc:62
2025/08/05 15:11:073577 INFO  fd total count:1 - EPollPoller.cc:34
2025/08/05 15:11:076568 DEBUG timeout! - EPollPoller.cc:62
2025/08/05 15:11:076584 DEBUG timeout! - EPollPoller.cc:62
2025/08/05 15:11:076624 INFO  fd total count:1 - EPollPoller.cc:34
2025/08/05 15:11:076610 INFO  fd total count:1 - EPollPoller.cc:34
2025/08/05 15:11:969675 DEBUG timeout! - EPollPoller.cc:62
2025/08/05 15:11:969711 INFO  fd total count:2 - EPollPoller.cc:34
2025/08/05 15:11:441611 DEBUG timeout! - EPollPoller.cc:62
2025/08/05 15:11:441675 INFO  fd total count:4 - EPollPoller.cc:34
2025/08/05 15:12:083660 DEBUG timeout! - EPollPoller.cc:62
2025/08/05 15:12:083694 INFO  fd total count:1 - EPollPoller.cc:34
2025/08/05 15:12:086701 DEBUG timeout! - EPollPoller.cc:62
2025/08/05 15:12:086707 DEBUG timeout! - EPollPoller.cc:62
2025/08/05 15:12:086755 INFO  fd total count:1 - EPollPoller.cc:34
2025/08/05 15:12:086732 INFO  fd total count:1 - EPollPoller.cc:34
2025/08/05 15:12:979779 DEBUG timeout! - EPollPoller.cc:62
2025/08/05 15:12:979809 INFO  fd total count:2 - EPollPoller.cc:34
2025/08/05 15:12:428204 INFO  events happend1 - EPollPoller.cc:51
2025/08/05 15:12:428264 INFO  channel handleEvent revents:1 - Channel.cc:96
2025/08/05 15:12:428415 INFO  HTTP GET /api/status 从  - Middleware.cc:57
2025/08/05 15:12:428468 INFO  HTTP GET /api/status 响应 200 (0ms) - Middleware.cc:68
2025/08/05 15:12:428608 INFO  fd total count:4 - EPollPoller.cc:34
2025/08/05 15:12:093764 DEBUG timeout! - EPollPoller.cc:62
2025/08/05 15:12:093797 INFO  fd total count:1 - EPollPoller.cc:34
2025/08/05 15:12:096812 DEBUG timeout! - EPollPoller.cc:62
2025/08/05 15:12:096822 DEBUG timeout! - EPollPoller.cc:62
2025/08/05 15:12:096840 INFO  fd total count:1 - EPollPoller.cc:34
2025/08/05 15:12:096857 INFO  fd total count:1 - EPollPoller.cc:34
2025/08/05 15:12:989856 DEBUG timeout! - EPollPoller.cc:62
2025/08/05 15:12:989888 INFO  fd total count:2 - EPollPoller.cc:34
2025/08/05 15:12:438664 DEBUG timeout! - EPollPoller.cc:62
2025/08/05 15:12:438697 INFO  fd total count:4 - EPollPoller.cc:34
2025/08/05 15:12:103854 DEBUG timeout! - EPollPoller.cc:62
2025/08/05 15:12:103886 INFO  fd total count:1 - EPollPoller.cc:34
2025/08/05 15:12:106919 DEBUG timeout! - EPollPoller.cc:62
2025/08/05 15:12:106925 DEBUG timeout! - EPollPoller.cc:62
2025/08/05 15:12:106977 INFO  fd total count:1 - EPollPoller.cc:34
2025/08/05 15:12:106954 INFO  fd total count:1 - EPollPoller.cc:34
2025/08/05 15:12:999936 DEBUG timeout! - EPollPoller.cc:62
2025/08/05 15:12:999968 INFO  fd total count:2 - EPollPoller.cc:34
2025/08/05 15:12:448740 DEBUG timeout! - EPollPoller.cc:62
2025/08/05 15:12:448776 INFO  fd total count:4 - EPollPoller.cc:34
2025/08/05 15:12:113941 DEBUG timeout! - EPollPoller.cc:62
2025/08/05 15:12:113974 INFO  fd total count:1 - EPollPoller.cc:34
2025/08/05 15:12:117064 DEBUG timeout! - EPollPoller.cc:62
2025/08/05 15:12:117090 INFO  fd total count:1 - EPollPoller.cc:34
2025/08/05 15:12:117115 DEBUG timeout! - EPollPoller.cc:62
2025/08/05 15:12:117165 INFO  fd total count:1 - EPollPoller.cc:34
2025/08/05 15:12:010041 DEBUG timeout! - EPollPoller.cc:62
2025/08/05 15:12:010070 INFO  fd total count:2 - EPollPoller.cc:34
2025/08/05 15:12:415201 INFO  events happend1 - EPollPoller.cc:51
2025/08/05 15:12:415231 INFO  channel handleEvent revents:1 - Channel.cc:96
2025/08/05 15:12:415300 INFO  HTTP GET /api/status 从  - Middleware.cc:57
2025/08/05 15:12:415320 INFO  HTTP GET /api/status 响应 200 (0ms) - Middleware.cc:68
2025/08/05 15:12:415379 INFO  fd total count:4 - EPollPoller.cc:34
2025/08/05 15:12:124046 DEBUG timeout! - EPollPoller.cc:62
2025/08/05 15:12:124078 INFO  fd total count:1 - EPollPoller.cc:34
2025/08/05 15:12:127166 DEBUG timeout! - EPollPoller.cc:62
2025/08/05 15:12:127194 INFO  fd total count:1 - EPollPoller.cc:34
2025/08/05 15:12:127261 DEBUG timeout! - EPollPoller.cc:62
2025/08/05 15:12:127281 INFO  fd total count:1 - EPollPoller.cc:34
2025/08/05 15:12:020133 DEBUG timeout! - EPollPoller.cc:62
2025/08/05 15:12:020166 INFO  fd total count:2 - EPollPoller.cc:34
2025/08/05 15:12:425426 DEBUG timeout! - EPollPoller.cc:62
2025/08/05 15:12:425460 INFO  fd total count:4 - EPollPoller.cc:34
2025/08/05 15:12:134151 DEBUG timeout! - EPollPoller.cc:62
2025/08/05 15:12:134186 INFO  fd total count:1 - EPollPoller.cc:34
2025/08/05 15:12:137265 DEBUG timeout! - EPollPoller.cc:62
2025/08/05 15:12:137290 INFO  fd total count:1 - EPollPoller.cc:34
2025/08/05 15:12:137352 DEBUG timeout! - EPollPoller.cc:62
2025/08/05 15:12:137371 INFO  fd total count:1 - EPollPoller.cc:34
2025/08/05 15:12:030233 DEBUG timeout! - EPollPoller.cc:62
2025/08/05 15:12:030277 INFO  fd total count:2 - EPollPoller.cc:34
2025/08/05 15:12:435518 DEBUG timeout! - EPollPoller.cc:62
2025/08/05 15:12:435582 INFO  fd total count:4 - EPollPoller.cc:34
2025/08/05 15:13:144263 DEBUG timeout! - EPollPoller.cc:62
2025/08/05 15:13:144294 INFO  fd total count:1 - EPollPoller.cc:34
2025/08/05 15:13:147377 DEBUG timeout! - EPollPoller.cc:62
2025/08/05 15:13:147404 INFO  fd total count:1 - EPollPoller.cc:34
2025/08/05 15:13:147435 DEBUG timeout! - EPollPoller.cc:62
2025/08/05 15:13:147455 INFO  fd total count:1 - EPollPoller.cc:34
2025/08/05 15:13:040345 DEBUG timeout! - EPollPoller.cc:62
2025/08/05 15:13:040377 INFO  fd total count:2 - EPollPoller.cc:34
2025/08/05 15:13:419592 INFO  events happend1 - EPollPoller.cc:51
2025/08/05 15:13:419622 INFO  channel handleEvent revents:1 - Channel.cc:96
2025/08/05 15:13:419689 INFO  HTTP GET /api/status 从  - Middleware.cc:57
2025/08/05 15:13:419708 INFO  HTTP GET /api/status 响应 200 (0ms) - Middleware.cc:68
2025/08/05 15:13:419758 INFO  fd total count:4 - EPollPoller.cc:34
2025/08/05 15:13:154350 DEBUG timeout! - EPollPoller.cc:62
2025/08/05 15:13:154383 INFO  fd total count:1 - EPollPoller.cc:34
2025/08/05 15:13:157484 DEBUG timeout! - EPollPoller.cc:62
2025/08/05 15:13:157511 INFO  fd total count:1 - EPollPoller.cc:34
2025/08/05 15:13:157529 DEBUG timeout! - EPollPoller.cc:62
2025/08/05 15:13:157548 INFO  fd total count:1 - EPollPoller.cc:34
2025/08/05 15:13:050441 DEBUG timeout! - EPollPoller.cc:62
2025/08/05 15:13:050481 INFO  fd total count:2 - EPollPoller.cc:34
2025/08/05 15:13:429806 DEBUG timeout! - EPollPoller.cc:62
2025/08/05 15:13:429842 INFO  fd total count:4 - EPollPoller.cc:34
2025/08/05 15:13:164467 DEBUG timeout! - EPollPoller.cc:62
2025/08/05 15:13:164533 INFO  fd total count:1 - EPollPoller.cc:34
2025/08/05 15:13:167566 DEBUG timeout! - EPollPoller.cc:62
2025/08/05 15:13:167596 INFO  fd total count:1 - EPollPoller.cc:34
2025/08/05 15:13:167646 DEBUG timeout! - EPollPoller.cc:62
2025/08/05 15:13:167682 INFO  fd total count:1 - EPollPoller.cc:34
2025/08/05 15:13:060564 DEBUG timeout! - EPollPoller.cc:62
2025/08/05 15:13:060596 INFO  fd total count:2 - EPollPoller.cc:34
2025/08/05 15:13:438286 DEBUG timeout! - EPollPoller.cc:62
2025/08/05 15:13:438319 INFO  fd total count:4 - EPollPoller.cc:34
2025/08/05 15:13:174594 DEBUG timeout! - EPollPoller.cc:62
2025/08/05 15:13:174625 INFO  fd total count:1 - EPollPoller.cc:34
2025/08/05 15:13:177662 DEBUG timeout! - EPollPoller.cc:62
2025/08/05 15:13:177688 INFO  fd total count:1 - EPollPoller.cc:34
2025/08/05 15:13:177757 DEBUG timeout! - EPollPoller.cc:62
2025/08/05 15:13:177777 INFO  fd total count:1 - EPollPoller.cc:34
2025/08/05 15:13:070653 DEBUG timeout! - EPollPoller.cc:62
2025/08/05 15:13:070682 INFO  fd total count:2 - EPollPoller.cc:34
2025/08/05 15:13:425730 INFO  events happend1 - EPollPoller.cc:51
2025/08/05 15:13:425762 INFO  channel handleEvent revents:1 - Channel.cc:96
2025/08/05 15:13:425837 INFO  HTTP GET /api/status 从  - Middleware.cc:57
2025/08/05 15:13:425858 INFO  HTTP GET /api/status 响应 200 (0ms) - Middleware.cc:68
2025/08/05 15:13:425915 INFO  fd total count:4 - EPollPoller.cc:34
2025/08/05 15:13:184757 DEBUG timeout! - EPollPoller.cc:62
2025/08/05 15:13:184819 INFO  fd total count:1 - EPollPoller.cc:34
2025/08/05 15:13:187770 DEBUG timeout! - EPollPoller.cc:62
2025/08/05 15:13:187803 INFO  fd total count:1 - EPollPoller.cc:34
2025/08/05 15:13:187868 DEBUG timeout! - EPollPoller.cc:62
2025/08/05 15:13:187888 INFO  fd total count:1 - EPollPoller.cc:34
2025/08/05 15:13:080804 DEBUG timeout! - EPollPoller.cc:62
2025/08/05 15:13:080866 INFO  fd total count:2 - EPollPoller.cc:34
2025/08/05 15:13:435972 DEBUG timeout! - EPollPoller.cc:62
2025/08/05 15:13:436013 INFO  fd total count:4 - EPollPoller.cc:34
2025/08/05 15:13:194925 DEBUG timeout! - EPollPoller.cc:62
2025/08/05 15:13:194991 INFO  fd total count:1 - EPollPoller.cc:34
2025/08/05 15:13:197847 DEBUG timeout! - EPollPoller.cc:62
2025/08/05 15:13:197883 INFO  fd total count:1 - EPollPoller.cc:34
2025/08/05 15:13:197956 DEBUG timeout! - EPollPoller.cc:62
2025/08/05 15:13:197976 INFO  fd total count:1 - EPollPoller.cc:34
2025/08/05 15:13:090929 DEBUG timeout! - EPollPoller.cc:62
2025/08/05 15:13:090961 INFO  fd total count:2 - EPollPoller.cc:34
2025/08/05 15:13:446058 DEBUG timeout! - EPollPoller.cc:62
2025/08/05 15:13:446090 INFO  fd total count:4 - EPollPoller.cc:34
2025/08/05 15:14:205062 DEBUG timeout! - EPollPoller.cc:62
2025/08/05 15:14:205094 INFO  fd total count:1 - EPollPoller.cc:34
2025/08/05 15:14:207920 DEBUG timeout! - EPollPoller.cc:62
2025/08/05 15:14:207941 INFO  fd total count:1 - EPollPoller.cc:34
2025/08/05 15:14:208030 DEBUG timeout! - EPollPoller.cc:62
2025/08/05 15:14:208053 INFO  fd total count:1 - EPollPoller.cc:34
2025/08/05 15:14:101034 DEBUG timeout! - EPollPoller.cc:62
2025/08/05 15:14:101068 INFO  fd total count:2 - EPollPoller.cc:34
2025/08/05 15:14:428268 INFO  events happend1 - EPollPoller.cc:51
2025/08/05 15:14:428302 INFO  channel handleEvent revents:1 - Channel.cc:96
2025/08/05 15:14:428375 INFO  HTTP GET /api/status 从  - Middleware.cc:57
2025/08/05 15:14:428396 INFO  HTTP GET /api/status 响应 200 (0ms) - Middleware.cc:68
2025/08/05 15:14:428455 INFO  fd total count:4 - EPollPoller.cc:34
2025/08/05 15:14:215154 DEBUG timeout! - EPollPoller.cc:62
2025/08/05 15:14:215188 INFO  fd total count:1 - EPollPoller.cc:34
2025/08/05 15:14:217975 DEBUG timeout! - EPollPoller.cc:62
2025/08/05 15:14:218001 INFO  fd total count:1 - EPollPoller.cc:34
2025/08/05 15:14:218124 DEBUG timeout! - EPollPoller.cc:62
2025/08/05 15:14:218143 INFO  fd total count:1 - EPollPoller.cc:34
2025/08/05 15:14:111137 DEBUG timeout! - EPollPoller.cc:62
2025/08/05 15:14:111168 INFO  fd total count:2 - EPollPoller.cc:34
2025/08/05 15:14:438500 DEBUG timeout! - EPollPoller.cc:62
2025/08/05 15:14:438536 INFO  fd total count:4 - EPollPoller.cc:34
2025/08/05 15:14:225262 DEBUG timeout! - EPollPoller.cc:62
2025/08/05 15:14:225295 INFO  fd total count:1 - EPollPoller.cc:34
2025/08/05 15:14:228046 DEBUG timeout! - EPollPoller.cc:62
2025/08/05 15:14:228074 INFO  fd total count:1 - EPollPoller.cc:34
2025/08/05 15:14:228231 DEBUG timeout! - EPollPoller.cc:62
2025/08/05 15:14:228251 INFO  fd total count:1 - EPollPoller.cc:34
2025/08/05 15:14:121235 DEBUG timeout! - EPollPoller.cc:62
2025/08/05 15:14:121267 INFO  fd total count:2 - EPollPoller.cc:34
2025/08/05 15:14:448574 DEBUG timeout! - EPollPoller.cc:62
2025/08/05 15:14:448606 INFO  fd total count:4 - EPollPoller.cc:34
2025/08/05 15:14:235370 DEBUG timeout! - EPollPoller.cc:62
2025/08/05 15:14:235403 INFO  fd total count:1 - EPollPoller.cc:34
2025/08/05 15:14:238228 DEBUG timeout! - EPollPoller.cc:62
2025/08/05 15:14:238313 INFO  fd total count:1 - EPollPoller.cc:34
2025/08/05 15:14:238317 DEBUG timeout! - EPollPoller.cc:62
2025/08/05 15:14:238367 INFO  fd total count:1 - EPollPoller.cc:34
2025/08/05 15:14:131336 DEBUG timeout! - EPollPoller.cc:62
2025/08/05 15:14:131365 INFO  fd total count:2 - EPollPoller.cc:34
2025/08/05 15:14:412281 INFO  events happend1 - EPollPoller.cc:51
2025/08/05 15:14:412312 INFO  channel handleEvent revents:1 - Channel.cc:96
2025/08/05 15:14:412380 INFO  HTTP GET /api/status 从  - Middleware.cc:57
2025/08/05 15:14:412400 INFO  HTTP GET /api/status 响应 200 (0ms) - Middleware.cc:68
2025/08/05 15:14:412464 INFO  fd total count:4 - EPollPoller.cc:34
2025/08/05 15:14:245461 DEBUG timeout! - EPollPoller.cc:62
2025/08/05 15:14:245495 INFO  fd total count:1 - EPollPoller.cc:34
2025/08/05 15:14:248404 DEBUG timeout! - EPollPoller.cc:62
2025/08/05 15:14:248431 INFO  fd total count:1 - EPollPoller.cc:34
2025/08/05 15:14:248443 DEBUG timeout! - EPollPoller.cc:62
2025/08/05 15:14:248472 INFO  fd total count:1 - EPollPoller.cc:34
2025/08/05 15:14:141501 DEBUG timeout! - EPollPoller.cc:62
2025/08/05 15:14:141563 INFO  fd total count:2 - EPollPoller.cc:34
2025/08/05 15:14:422513 DEBUG timeout! - EPollPoller.cc:62
2025/08/05 15:14:422547 INFO  fd total count:4 - EPollPoller.cc:34
2025/08/05 15:14:255560 DEBUG timeout! - EPollPoller.cc:62
2025/08/05 15:14:255590 INFO  fd total count:1 - EPollPoller.cc:34
2025/08/05 15:14:258466 DEBUG timeout! - EPollPoller.cc:62
2025/08/05 15:14:258491 INFO  fd total count:1 - EPollPoller.cc:34
2025/08/05 15:14:258531 DEBUG timeout! - EPollPoller.cc:62
2025/08/05 15:14:258550 INFO  fd total count:1 - EPollPoller.cc:34
2025/08/05 15:14:151639 DEBUG timeout! - EPollPoller.cc:62
2025/08/05 15:14:151674 INFO  fd total count:2 - EPollPoller.cc:34
2025/08/05 15:14:432586 DEBUG timeout! - EPollPoller.cc:62
2025/08/05 15:14:432618 INFO  fd total count:4 - EPollPoller.cc:34
2025/08/05 15:15:265659 DEBUG timeout! - EPollPoller.cc:62
2025/08/05 15:15:265693 INFO  fd total count:1 - EPollPoller.cc:34
2025/08/05 15:15:268531 DEBUG timeout! - EPollPoller.cc:62
2025/08/05 15:15:268556 INFO  fd total count:1 - EPollPoller.cc:34
2025/08/05 15:15:268661 DEBUG timeout! - EPollPoller.cc:62
2025/08/05 15:15:268710 INFO  fd total count:1 - EPollPoller.cc:34
2025/08/05 15:15:161747 DEBUG timeout! - EPollPoller.cc:62
2025/08/05 15:15:161782 INFO  fd total count:2 - EPollPoller.cc:34
2025/08/05 15:15:419522 INFO  events happend1 - EPollPoller.cc:51
2025/08/05 15:15:419553 INFO  channel handleEvent revents:1 - Channel.cc:96
2025/08/05 15:15:419624 INFO  HTTP GET /api/status 从  - Middleware.cc:57
2025/08/05 15:15:419645 INFO  HTTP GET /api/status 响应 200 (0ms) - Middleware.cc:68
2025/08/05 15:15:419701 INFO  fd total count:4 - EPollPoller.cc:34
2025/08/05 15:15:275749 DEBUG timeout! - EPollPoller.cc:62
2025/08/05 15:15:275781 INFO  fd total count:1 - EPollPoller.cc:34
2025/08/05 15:15:278593 DEBUG timeout! - EPollPoller.cc:62
2025/08/05 15:15:278618 INFO  fd total count:1 - EPollPoller.cc:34
2025/08/05 15:15:278829 DEBUG timeout! - EPollPoller.cc:62
2025/08/05 15:15:278877 INFO  fd total count:1 - EPollPoller.cc:34
2025/08/05 15:15:171854 DEBUG timeout! - EPollPoller.cc:62
2025/08/05 15:15:171889 INFO  fd total count:2 - EPollPoller.cc:34
2025/08/05 15:15:429731 DEBUG timeout! - EPollPoller.cc:62
2025/08/05 15:15:429765 INFO  fd total count:4 - EPollPoller.cc:34
2025/08/05 15:15:285905 DEBUG timeout! - EPollPoller.cc:62
2025/08/05 15:15:285971 INFO  fd total count:1 - EPollPoller.cc:34
2025/08/05 15:15:288710 DEBUG timeout! - EPollPoller.cc:62
2025/08/05 15:15:288748 INFO  fd total count:1 - EPollPoller.cc:34
2025/08/05 15:15:288949 DEBUG timeout! - EPollPoller.cc:62
2025/08/05 15:15:288969 INFO  fd total count:1 - EPollPoller.cc:34
2025/08/05 15:15:181957 DEBUG timeout! - EPollPoller.cc:62
2025/08/05 15:15:181988 INFO  fd total count:2 - EPollPoller.cc:34
2025/08/05 15:15:439813 DEBUG timeout! - EPollPoller.cc:62
2025/08/05 15:15:439865 INFO  fd total count:4 - EPollPoller.cc:34
2025/08/05 15:15:296048 DEBUG timeout! - EPollPoller.cc:62
2025/08/05 15:15:296082 INFO  fd total count:1 - EPollPoller.cc:34
2025/08/05 15:15:298808 DEBUG timeout! - EPollPoller.cc:62
2025/08/05 15:15:298834 INFO  fd total count:1 - EPollPoller.cc:34
2025/08/05 15:15:299036 DEBUG timeout! - EPollPoller.cc:62
2025/08/05 15:15:299056 INFO  fd total count:1 - EPollPoller.cc:34
2025/08/05 15:15:192060 DEBUG timeout! - EPollPoller.cc:62
2025/08/05 15:15:192095 INFO  fd total count:2 - EPollPoller.cc:34
2025/08/05 15:15:427384 INFO  events happend1 - EPollPoller.cc:51
2025/08/05 15:15:427416 INFO  channel handleEvent revents:1 - Channel.cc:96
2025/08/05 15:15:427493 INFO  HTTP GET /api/status 从  - Middleware.cc:57
2025/08/05 15:15:427515 INFO  HTTP GET /api/status 响应 200 (0ms) - Middleware.cc:68
2025/08/05 15:15:427572 INFO  fd total count:4 - EPollPoller.cc:34
2025/08/05 15:15:306157 DEBUG timeout! - EPollPoller.cc:62
2025/08/05 15:15:306195 INFO  fd total count:1 - EPollPoller.cc:34
2025/08/05 15:15:308933 DEBUG timeout! - EPollPoller.cc:62
2025/08/05 15:15:308992 INFO  fd total count:1 - EPollPoller.cc:34
2025/08/05 15:15:309135 DEBUG timeout! - EPollPoller.cc:62
2025/08/05 15:15:309156 INFO  fd total count:1 - EPollPoller.cc:34
2025/08/05 15:15:202160 DEBUG timeout! - EPollPoller.cc:62
2025/08/05 15:15:202191 INFO  fd total count:2 - EPollPoller.cc:34
2025/08/05 15:15:437635 DEBUG timeout! - EPollPoller.cc:62
2025/08/05 15:15:437673 INFO  fd total count:4 - EPollPoller.cc:34
2025/08/05 15:15:316251 DEBUG timeout! - EPollPoller.cc:62
2025/08/05 15:15:316282 INFO  fd total count:1 - EPollPoller.cc:34
2025/08/05 15:15:319109 DEBUG timeout! - EPollPoller.cc:62
2025/08/05 15:15:319162 INFO  fd total count:1 - EPollPoller.cc:34
2025/08/05 15:15:319308 DEBUG timeout! - EPollPoller.cc:62
2025/08/05 15:15:319338 INFO  fd total count:1 - EPollPoller.cc:34
2025/08/05 15:15:212249 DEBUG timeout! - EPollPoller.cc:62
2025/08/05 15:15:212282 INFO  fd total count:2 - EPollPoller.cc:34
2025/08/05 15:15:447728 DEBUG timeout! - EPollPoller.cc:62
2025/08/05 15:15:447760 INFO  fd total count:4 - EPollPoller.cc:34
2025/08/05 15:16:326341 DEBUG timeout! - EPollPoller.cc:62
2025/08/05 15:16:326380 INFO  fd total count:1 - EPollPoller.cc:34
2025/08/05 15:16:329228 DEBUG timeout! - EPollPoller.cc:62
2025/08/05 15:16:329253 INFO  fd total count:1 - EPollPoller.cc:34
2025/08/05 15:16:329399 DEBUG timeout! - EPollPoller.cc:62
2025/08/05 15:16:329419 INFO  fd total count:1 - EPollPoller.cc:34
2025/08/05 15:16:222349 DEBUG timeout! - EPollPoller.cc:62
2025/08/05 15:16:222382 INFO  fd total count:2 - EPollPoller.cc:34
2025/08/05 15:16:457795 DEBUG timeout! - EPollPoller.cc:62
2025/08/05 15:16:457828 INFO  fd total count:4 - EPollPoller.cc:34
2025/08/05 15:16:218235 INFO  events happend1 - EPollPoller.cc:51
2025/08/05 15:16:218277 INFO  channel handleEvent revents:1 - Channel.cc:96
2025/08/05 15:16:218347 INFO  HTTP GET /api/status 从  - Middleware.cc:57
2025/08/05 15:16:218368 INFO  HTTP GET /api/status 响应 200 (0ms) - Middleware.cc:68
2025/08/05 15:16:218420 INFO  fd total count:4 - EPollPoller.cc:34
2025/08/05 15:16:336457 DEBUG timeout! - EPollPoller.cc:62
2025/08/05 15:16:336492 INFO  fd total count:1 - EPollPoller.cc:34
2025/08/05 15:16:339320 DEBUG timeout! - EPollPoller.cc:62
2025/08/05 15:16:339346 INFO  fd total count:1 - EPollPoller.cc:34
2025/08/05 15:16:339517 DEBUG timeout! - EPollPoller.cc:62
2025/08/05 15:16:339565 INFO  fd total count:1 - EPollPoller.cc:34
2025/08/05 15:16:232513 DEBUG timeout! - EPollPoller.cc:62
2025/08/05 15:16:232574 INFO  fd total count:2 - EPollPoller.cc:34
2025/08/05 15:16:228482 DEBUG timeout! - EPollPoller.cc:62
2025/08/05 15:16:228517 INFO  fd total count:4 - EPollPoller.cc:34
2025/08/05 15:16:346545 DEBUG timeout! - EPollPoller.cc:62
2025/08/05 15:16:346577 INFO  fd total count:1 - EPollPoller.cc:34
2025/08/05 15:16:349403 DEBUG timeout! - EPollPoller.cc:62
2025/08/05 15:16:349427 INFO  fd total count:1 - EPollPoller.cc:34
2025/08/05 15:16:349650 DEBUG timeout! - EPollPoller.cc:62
2025/08/05 15:16:349669 INFO  fd total count:1 - EPollPoller.cc:34
2025/08/05 15:16:242707 DEBUG timeout! - EPollPoller.cc:62
2025/08/05 15:16:242771 INFO  fd total count:2 - EPollPoller.cc:34
2025/08/05 15:16:238566 DEBUG timeout! - EPollPoller.cc:62
2025/08/05 15:16:238601 INFO  fd total count:4 - EPollPoller.cc:34
2025/08/05 15:16:356647 DEBUG timeout! - EPollPoller.cc:62
2025/08/05 15:16:356680 INFO  fd total count:1 - EPollPoller.cc:34
2025/08/05 15:16:359484 DEBUG timeout! - EPollPoller.cc:62
2025/08/05 15:16:359507 INFO  fd total count:1 - EPollPoller.cc:34
2025/08/05 15:16:359743 DEBUG timeout! - EPollPoller.cc:62
2025/08/05 15:16:359762 INFO  fd total count:1 - EPollPoller.cc:34
2025/08/05 15:16:252833 DEBUG timeout! - EPollPoller.cc:62
2025/08/05 15:16:252868 INFO  fd total count:2 - EPollPoller.cc:34
2025/08/05 15:16:211168 INFO  events happend1 - EPollPoller.cc:51
2025/08/05 15:16:211202 INFO  channel handleEvent revents:1 - Channel.cc:96
2025/08/05 15:16:211280 INFO  HTTP GET /api/status 从  - Middleware.cc:57
2025/08/05 15:16:211302 INFO  HTTP GET /api/status 响应 200 (0ms) - Middleware.cc:68
2025/08/05 15:16:211373 INFO  fd total count:4 - EPollPoller.cc:34
2025/08/05 15:16:366283 DEBUG timeout! - EPollPoller.cc:62
2025/08/05 15:16:366315 INFO  fd total count:1 - EPollPoller.cc:34
2025/08/05 15:16:366733 DEBUG timeout! - EPollPoller.cc:62
2025/08/05 15:16:366760 INFO  fd total count:1 - EPollPoller.cc:34
2025/08/05 15:16:369819 DEBUG timeout! - EPollPoller.cc:62
2025/08/05 15:16:369838 INFO  fd total count:1 - EPollPoller.cc:34
2025/08/05 15:16:262922 DEBUG timeout! - EPollPoller.cc:62
2025/08/05 15:16:262957 INFO  fd total count:2 - EPollPoller.cc:34
2025/08/05 15:16:221440 DEBUG timeout! - EPollPoller.cc:62
2025/08/05 15:16:221474 INFO  fd total count:4 - EPollPoller.cc:34
2025/08/05 15:16:376385 DEBUG timeout! - EPollPoller.cc:62
2025/08/05 15:16:376416 INFO  fd total count:1 - EPollPoller.cc:34
2025/08/05 15:16:376818 DEBUG timeout! - EPollPoller.cc:62
2025/08/05 15:16:376844 INFO  fd total count:1 - EPollPoller.cc:34
2025/08/05 15:16:379908 DEBUG timeout! - EPollPoller.cc:62
2025/08/05 15:16:379927 INFO  fd total count:1 - EPollPoller.cc:34
2025/08/05 15:16:273030 DEBUG timeout! - EPollPoller.cc:62
2025/08/05 15:16:273064 INFO  fd total count:2 - EPollPoller.cc:34
2025/08/05 15:16:231509 DEBUG timeout! - EPollPoller.cc:62
2025/08/05 15:16:231538 INFO  fd total count:4 - EPollPoller.cc:34
2025/08/05 15:17:386475 DEBUG timeout! - EPollPoller.cc:62
2025/08/05 15:17:386507 INFO  fd total count:1 - EPollPoller.cc:34
2025/08/05 15:17:386917 DEBUG timeout! - EPollPoller.cc:62
2025/08/05 15:17:386943 INFO  fd total count:1 - EPollPoller.cc:34
2025/08/05 15:17:389984 DEBUG timeout! - EPollPoller.cc:62
2025/08/05 15:17:390003 INFO  fd total count:1 - EPollPoller.cc:34
2025/08/05 15:17:283136 DEBUG timeout! - EPollPoller.cc:62
2025/08/05 15:17:283170 INFO  fd total count:2 - EPollPoller.cc:34
2025/08/05 15:17:241577 DEBUG timeout! - EPollPoller.cc:62
2025/08/05 15:17:241607 INFO  fd total count:4 - EPollPoller.cc:34
2025/08/05 15:17:396558 DEBUG timeout! - EPollPoller.cc:62
2025/08/05 15:17:396591 INFO  fd total count:1 - EPollPoller.cc:34
2025/08/05 15:17:396998 DEBUG timeout! - EPollPoller.cc:62
2025/08/05 15:17:397023 INFO  fd total count:1 - EPollPoller.cc:34
2025/08/05 15:17:400037 DEBUG timeout! - EPollPoller.cc:62
2025/08/05 15:17:400056 INFO  fd total count:1 - EPollPoller.cc:34
2025/08/05 15:17:293224 DEBUG timeout! - EPollPoller.cc:62
2025/08/05 15:17:293260 INFO  fd total count:2 - EPollPoller.cc:34
2025/08/05 15:17:010947 INFO  events happend1 - EPollPoller.cc:51
2025/08/05 15:17:010978 INFO  channel handleEvent revents:1 - Channel.cc:96
2025/08/05 15:17:011049 INFO  HTTP GET /api/status 从  - Middleware.cc:57
2025/08/05 15:17:011070 INFO  HTTP GET /api/status 响应 200 (0ms) - Middleware.cc:68
2025/08/05 15:17:011120 INFO  fd total count:4 - EPollPoller.cc:34
2025/08/05 15:17:287046 INFO  events happend1 - EPollPoller.cc:51
2025/08/05 15:17:287103 INFO  channel handleEvent revents:1 - Channel.cc:96
2025/08/05 15:17:287255 INFO  HTTP GET / 从  - Middleware.cc:57
2025/08/05 15:17:289654 INFO  HTTP GET / 响应 200 (2ms) - Middleware.cc:68
2025/08/05 15:17:289797 INFO  fd total count:4 - EPollPoller.cc:34
2025/08/05 15:17:313718 INFO  events happend1 - EPollPoller.cc:51
2025/08/05 15:17:313754 INFO  channel handleEvent revents:1 - Channel.cc:96
2025/08/05 15:17:313877 INFO  HTTP GET /css/openwebui-style.css 从  - Middleware.cc:57
2025/08/05 15:17:318492 INFO  HTTP GET /css/openwebui-style.css 响应 200 (4ms) - Middleware.cc:68
2025/08/05 15:17:318641 INFO  fd total count:4 - EPollPoller.cc:34
2025/08/05 15:17:324672 INFO  events happend1 - EPollPoller.cc:51
2025/08/05 15:17:324687 INFO  channel handleEvent revents:1 - Channel.cc:96
2025/08/05 15:17:324786 INFO  HTTP GET /js/openwebui-app.js 从  - Middleware.cc:57
2025/08/05 15:17:331821 INFO  HTTP GET /js/openwebui-app.js 响应 200 (7ms) - Middleware.cc:68
2025/08/05 15:17:332027 INFO  fd total count:4 - EPollPoller.cc:34
2025/08/05 15:17:345200 INFO  events happend1 - EPollPoller.cc:51
2025/08/05 15:17:345209 INFO  channel handleEvent revents:1 - Channel.cc:96
2025/08/05 15:17:345246 INFO  HTTP GET /api/models 从  - Middleware.cc:57
2025/08/05 15:17:345261 INFO  HTTP GET /api/models 响应 200 (0ms) - Middleware.cc:68
2025/08/05 15:17:345294 INFO  fd total count:4 - EPollPoller.cc:34
2025/08/05 15:17:351801 INFO  events happend1 - EPollPoller.cc:51
2025/08/05 15:17:351806 INFO  channel handleEvent revents:1 - Channel.cc:96
2025/08/05 15:17:351835 INFO  HTTP GET /api/status 从  - Middleware.cc:57
2025/08/05 15:17:351849 INFO  HTTP GET /api/status 响应 200 (0ms) - Middleware.cc:68
2025/08/05 15:17:351877 INFO  fd total count:4 - EPollPoller.cc:34
2025/08/05 15:17:620299 INFO  events happend1 - EPollPoller.cc:51
2025/08/05 15:17:620326 INFO  channel handleEvent revents:1 - Channel.cc:96
2025/08/05 15:17:620354 INFO  使用一致性哈希选择线程，索引=0 - EventLoopThreadPool.cc:114
2025/08/05 15:17:620361 INFO  TcpServer::newConnection [KamaHttpServer]- new connection [KamaHttpServer-0.0.0.0:8080#5]from %s127.0.0.1:38448 - TcpServer.cc:96
2025/08/05 15:17:620378 INFO  TcpConnection::ctor:[KamaHttpServer-0.0.0.0:8080#5]at fd=19 - TcpConnection.cc:52
2025/08/05 15:17:620409 INFO  fd total count:2 - EPollPoller.cc:34
2025/08/05 15:17:620428 INFO  events happend1 - EPollPoller.cc:51
2025/08/05 15:17:620448 INFO  channel handleEvent revents:1 - Channel.cc:96
2025/08/05 15:17:620460 INFO  func =>fd19events=3index=-1 - EPollPoller.cc:91
2025/08/05 15:17:620479 INFO  New HTTP connection from: 127.0.0.1:38448 - HttpServer.cc:70
2025/08/05 15:17:620487 INFO  fd total count:5 - EPollPoller.cc:34
2025/08/05 15:17:694950 INFO  events happend1 - EPollPoller.cc:51
2025/08/05 15:17:694969 INFO  channel handleEvent revents:1 - Channel.cc:96
2025/08/05 15:17:694989 INFO  使用一致性哈希选择线程，索引=0 - EventLoopThreadPool.cc:114
2025/08/05 15:17:694995 INFO  TcpServer::newConnection [KamaHttpServer]- new connection [KamaHttpServer-0.0.0.0:8080#6]from %s127.0.0.1:38450 - TcpServer.cc:96
2025/08/05 15:17:695008 INFO  TcpConnection::ctor:[KamaHttpServer-0.0.0.0:8080#6]at fd=20 - TcpConnection.cc:52
2025/08/05 15:17:695037 INFO  fd total count:2 - EPollPoller.cc:34
2025/08/05 15:17:695055 INFO  events happend1 - EPollPoller.cc:51
2025/08/05 15:17:695070 INFO  channel handleEvent revents:1 - Channel.cc:96
2025/08/05 15:17:695079 INFO  func =>fd20events=3index=-1 - EPollPoller.cc:91
2025/08/05 15:17:695094 INFO  New HTTP connection from: 127.0.0.1:38450 - HttpServer.cc:70
2025/08/05 15:17:695101 INFO  fd total count:6 - EPollPoller.cc:34
2025/08/05 15:17:482321 INFO  events happend1 - EPollPoller.cc:51
2025/08/05 15:17:482354 INFO  channel handleEvent revents:1 - Channel.cc:96
2025/08/05 15:17:482428 INFO  HTTP GET /admin.html 从  - Middleware.cc:57
2025/08/05 15:17:484949 INFO  HTTP GET /admin.html 响应 200 (2ms) - Middleware.cc:68
2025/08/05 15:17:485068 INFO  fd total count:6 - EPollPoller.cc:34
2025/08/05 15:17:504372 INFO  events happend1 - EPollPoller.cc:51
2025/08/05 15:17:504389 INFO  channel handleEvent revents:1 - Channel.cc:96
2025/08/05 15:17:504445 INFO  HTTP GET /css/openwebui-style.css 从  - Middleware.cc:57
2025/08/05 15:17:505837 INFO  HTTP GET /css/openwebui-style.css 响应 200 (1ms) - Middleware.cc:68
2025/08/05 15:17:505888 INFO  fd total count:6 - EPollPoller.cc:34
2025/08/05 15:17:514943 INFO  events happend1 - EPollPoller.cc:51
2025/08/05 15:17:514955 INFO  channel handleEvent revents:1 - Channel.cc:96
2025/08/05 15:17:515002 INFO  HTTP GET /api/status 从  - Middleware.cc:57
2025/08/05 15:17:515019 INFO  HTTP GET /api/status 响应 200 (0ms) - Middleware.cc:68
2025/08/05 15:17:515063 INFO  fd total count:6 - EPollPoller.cc:34
2025/08/05 15:17:580317 INFO  events happend1 - EPollPoller.cc:51
2025/08/05 15:17:580350 INFO  channel handleEvent revents:1 - Channel.cc:96
2025/08/05 15:17:580423 INFO  HTTP GET / 从  - Middleware.cc:57
2025/08/05 15:17:581173 INFO  HTTP GET / 响应 200 (0ms) - Middleware.cc:68
2025/08/05 15:17:581236 INFO  fd total count:6 - EPollPoller.cc:34
2025/08/05 15:17:607656 INFO  events happend1 - EPollPoller.cc:51
2025/08/05 15:17:607677 INFO  channel handleEvent revents:1 - Channel.cc:96
2025/08/05 15:17:607736 INFO  HTTP GET /css/openwebui-style.css 从  - Middleware.cc:57
2025/08/05 15:17:609162 INFO  HTTP GET /css/openwebui-style.css 响应 200 (1ms) - Middleware.cc:68
2025/08/05 15:17:609221 INFO  fd total count:6 - EPollPoller.cc:34
2025/08/05 15:17:609227 INFO  events happend1 - EPollPoller.cc:51
2025/08/05 15:17:609230 INFO  channel handleEvent revents:1 - Channel.cc:96
2025/08/05 15:17:609265 INFO  HTTP GET /js/openwebui-app.js 从  - Middleware.cc:57
2025/08/05 15:17:611483 INFO  HTTP GET /js/openwebui-app.js 响应 200 (2ms) - Middleware.cc:68
2025/08/05 15:17:611540 INFO  fd total count:6 - EPollPoller.cc:34
2025/08/05 15:17:623397 INFO  events happend1 - EPollPoller.cc:51
2025/08/05 15:17:623408 INFO  channel handleEvent revents:1 - Channel.cc:96
2025/08/05 15:17:623451 INFO  HTTP GET /api/status 从  - Middleware.cc:57
2025/08/05 15:17:623468 INFO  HTTP GET /api/status 响应 200 (0ms) - Middleware.cc:68
2025/08/05 15:17:623505 INFO  fd total count:6 - EPollPoller.cc:34
2025/08/05 15:17:623510 INFO  events happend1 - EPollPoller.cc:51
2025/08/05 15:17:623513 INFO  channel handleEvent revents:1 - Channel.cc:96
2025/08/05 15:17:623537 INFO  HTTP GET /api/models 从  - Middleware.cc:57
2025/08/05 15:17:623549 INFO  HTTP GET /api/models 响应 200 (0ms) - Middleware.cc:68
2025/08/05 15:17:623571 INFO  fd total count:6 - EPollPoller.cc:34
2025/08/05 15:17:406642 DEBUG timeout! - EPollPoller.cc:62
2025/08/05 15:17:406673 INFO  fd total count:1 - EPollPoller.cc:34
2025/08/05 15:17:407077 DEBUG timeout! - EPollPoller.cc:62
2025/08/05 15:17:407101 INFO  fd total count:1 - EPollPoller.cc:34
2025/08/05 15:17:410166 DEBUG timeout! - EPollPoller.cc:62
2025/08/05 15:17:410218 INFO  fd total count:1 - EPollPoller.cc:34
2025/08/05 15:17:705069 DEBUG timeout! - EPollPoller.cc:62
2025/08/05 15:17:705104 INFO  fd total count:2 - EPollPoller.cc:34
2025/08/05 15:17:633627 DEBUG timeout! - EPollPoller.cc:62
2025/08/05 15:17:633661 INFO  fd total count:6 - EPollPoller.cc:34
2025/08/05 15:17:416732 DEBUG timeout! - EPollPoller.cc:62
2025/08/05 15:17:416765 INFO  fd total count:1 - EPollPoller.cc:34
2025/08/05 15:17:417171 DEBUG timeout! - EPollPoller.cc:62
2025/08/05 15:17:417183 INFO  fd total count:1 - EPollPoller.cc:34
2025/08/05 15:17:420282 DEBUG timeout! - EPollPoller.cc:62
2025/08/05 15:17:420308 INFO  fd total count:1 - EPollPoller.cc:34
2025/08/05 15:17:321215 INFO  events happend1 - EPollPoller.cc:51
2025/08/05 15:17:321246 INFO  channel handleEvent revents:1 - Channel.cc:96
2025/08/05 15:17:321320 INFO  HTTP GET /admin.html 从  - Middleware.cc:57
2025/08/05 15:17:323839 INFO  HTTP GET /admin.html 响应 200 (2ms) - Middleware.cc:68
2025/08/05 15:17:323949 INFO  fd total count:6 - EPollPoller.cc:34
2025/08/05 15:17:344273 INFO  events happend1 - EPollPoller.cc:51
2025/08/05 15:17:344285 INFO  channel handleEvent revents:1 - Channel.cc:96
2025/08/05 15:17:344333 INFO  HTTP GET /css/openwebui-style.css 从  - Middleware.cc:57
2025/08/05 15:17:345714 INFO  HTTP GET /css/openwebui-style.css 响应 200 (1ms) - Middleware.cc:68
2025/08/05 15:17:345764 INFO  fd total count:6 - EPollPoller.cc:34
2025/08/05 15:17:354084 INFO  events happend1 - EPollPoller.cc:51
2025/08/05 15:17:354091 INFO  channel handleEvent revents:1 - Channel.cc:96
2025/08/05 15:17:354129 INFO  HTTP GET /api/status 从  - Middleware.cc:57
2025/08/05 15:17:354146 INFO  HTTP GET /api/status 响应 200 (0ms) - Middleware.cc:68
2025/08/05 15:17:354179 INFO  fd total count:6 - EPollPoller.cc:34
2025/08/05 15:17:715160 DEBUG timeout! - EPollPoller.cc:62
2025/08/05 15:17:715195 INFO  fd total count:2 - EPollPoller.cc:34
2025/08/05 15:17:617292 INFO  events happend1 - EPollPoller.cc:51
2025/08/05 15:17:617325 INFO  channel handleEvent revents:1 - Channel.cc:96
2025/08/05 15:17:617403 INFO  HTTP GET / 从  - Middleware.cc:57
2025/08/05 15:17:618210 INFO  HTTP GET / 响应 200 (0ms) - Middleware.cc:68
2025/08/05 15:17:618310 INFO  fd total count:6 - EPollPoller.cc:34
2025/08/05 15:17:638601 INFO  events happend1 - EPollPoller.cc:51
2025/08/05 15:17:638622 INFO  channel handleEvent revents:1 - Channel.cc:96
2025/08/05 15:17:638676 INFO  HTTP GET /css/openwebui-style.css 从  - Middleware.cc:57
2025/08/05 15:17:640178 INFO  HTTP GET /css/openwebui-style.css 响应 200 (1ms) - Middleware.cc:68
2025/08/05 15:17:640229 INFO  fd total count:6 - EPollPoller.cc:34
2025/08/05 15:17:640237 INFO  events happend1 - EPollPoller.cc:51
2025/08/05 15:17:640241 INFO  channel handleEvent revents:1 - Channel.cc:96
2025/08/05 15:17:640275 INFO  HTTP GET /js/openwebui-app.js 从  - Middleware.cc:57
2025/08/05 15:17:642601 INFO  HTTP GET /js/openwebui-app.js 响应 200 (2ms) - Middleware.cc:68
2025/08/05 15:17:642652 INFO  fd total count:6 - EPollPoller.cc:34
2025/08/05 15:17:654055 INFO  events happend1 - EPollPoller.cc:51
2025/08/05 15:17:654063 INFO  channel handleEvent revents:1 - Channel.cc:96
2025/08/05 15:17:654101 INFO  HTTP GET /api/status 从  - Middleware.cc:57
2025/08/05 15:17:654117 INFO  HTTP GET /api/status 响应 200 (0ms) - Middleware.cc:68
2025/08/05 15:17:654153 INFO  fd total count:6 - EPollPoller.cc:34
2025/08/05 15:17:654158 INFO  events happend1 - EPollPoller.cc:51
2025/08/05 15:17:654161 INFO  channel handleEvent revents:1 - Channel.cc:96
2025/08/05 15:17:654184 INFO  HTTP GET /api/models 从  - Middleware.cc:57
2025/08/05 15:17:654196 INFO  HTTP GET /api/models 响应 200 (0ms) - Middleware.cc:68
2025/08/05 15:17:654220 INFO  fd total count:6 - EPollPoller.cc:34
2025/08/05 15:17:426832 DEBUG timeout! - EPollPoller.cc:62
2025/08/05 15:17:426864 INFO  fd total count:1 - EPollPoller.cc:34
2025/08/05 15:17:427236 DEBUG timeout! - EPollPoller.cc:62
2025/08/05 15:17:427260 INFO  fd total count:1 - EPollPoller.cc:34
2025/08/05 15:17:430379 DEBUG timeout! - EPollPoller.cc:62
2025/08/05 15:17:430398 INFO  fd total count:1 - EPollPoller.cc:34
2025/08/05 15:17:725252 DEBUG timeout! - EPollPoller.cc:62
2025/08/05 15:17:725290 INFO  fd total count:2 - EPollPoller.cc:34
2025/08/05 15:17:664276 DEBUG timeout! - EPollPoller.cc:62
2025/08/05 15:17:664310 INFO  fd total count:6 - EPollPoller.cc:34
2025/08/05 15:17:436922 DEBUG timeout! - EPollPoller.cc:62
2025/08/05 15:17:436957 INFO  fd total count:1 - EPollPoller.cc:34
2025/08/05 15:17:437383 DEBUG timeout! - EPollPoller.cc:62
2025/08/05 15:17:437439 INFO  fd total count:1 - EPollPoller.cc:34
2025/08/05 15:17:440473 DEBUG timeout! - EPollPoller.cc:62
2025/08/05 15:17:440492 INFO  fd total count:1 - EPollPoller.cc:34
2025/08/05 15:17:735442 DEBUG timeout! - EPollPoller.cc:62
2025/08/05 15:17:735470 INFO  fd total count:2 - EPollPoller.cc:34
2025/08/05 15:17:674385 DEBUG timeout! - EPollPoller.cc:62
2025/08/05 15:17:674452 INFO  fd total count:6 - EPollPoller.cc:34
2025/08/05 15:18:447033 DEBUG timeout! - EPollPoller.cc:62
2025/08/05 15:18:447071 INFO  fd total count:1 - EPollPoller.cc:34
2025/08/05 15:18:447500 DEBUG timeout! - EPollPoller.cc:62
2025/08/05 15:18:447528 INFO  fd total count:1 - EPollPoller.cc:34
2025/08/05 15:18:450587 DEBUG timeout! - EPollPoller.cc:62
2025/08/05 15:18:450635 INFO  fd total count:1 - EPollPoller.cc:34
2025/08/05 15:18:745542 DEBUG timeout! - EPollPoller.cc:62
2025/08/05 15:18:745575 INFO  fd total count:2 - EPollPoller.cc:34
2025/08/05 15:18:684506 DEBUG timeout! - EPollPoller.cc:62
2025/08/05 15:18:684541 INFO  fd total count:6 - EPollPoller.cc:34
2025/08/05 15:18:457143 DEBUG timeout! - EPollPoller.cc:62
2025/08/05 15:18:457181 INFO  fd total count:1 - EPollPoller.cc:34
2025/08/05 15:18:457555 DEBUG timeout! - EPollPoller.cc:62
2025/08/05 15:18:457584 INFO  fd total count:1 - EPollPoller.cc:34
2025/08/05 15:18:460721 DEBUG timeout! - EPollPoller.cc:62
2025/08/05 15:18:460741 INFO  fd total count:1 - EPollPoller.cc:34
2025/08/05 15:18:755666 DEBUG timeout! - EPollPoller.cc:62
2025/08/05 15:18:755734 INFO  fd total count:2 - EPollPoller.cc:34
2025/08/05 15:18:694581 DEBUG timeout! - EPollPoller.cc:62
2025/08/05 15:18:694614 INFO  fd total count:6 - EPollPoller.cc:34
2025/08/05 15:18:238072 INFO  events happend1 - EPollPoller.cc:51
2025/08/05 15:18:238106 INFO  channel handleEvent revents:1 - Channel.cc:96
2025/08/05 15:18:238181 INFO  HTTP GET /admin.html 从  - Middleware.cc:57
2025/08/05 15:18:240726 INFO  HTTP GET /admin.html 响应 200 (2ms) - Middleware.cc:68
2025/08/05 15:18:240840 INFO  fd total count:6 - EPollPoller.cc:34
2025/08/05 15:18:283712 INFO  events happend1 - EPollPoller.cc:51
2025/08/05 15:18:283727 INFO  channel handleEvent revents:1 - Channel.cc:96
2025/08/05 15:18:283789 INFO  HTTP GET /css/openwebui-style.css 从  - Middleware.cc:57
2025/08/05 15:18:285183 INFO  HTTP GET /css/openwebui-style.css 响应 200 (1ms) - Middleware.cc:68
2025/08/05 15:18:285237 INFO  fd total count:6 - EPollPoller.cc:34
2025/08/05 15:18:301338 INFO  events happend1 - EPollPoller.cc:51
2025/08/05 15:18:301356 INFO  channel handleEvent revents:1 - Channel.cc:96
2025/08/05 15:18:301409 INFO  HTTP GET /api/status 从  - Middleware.cc:57
2025/08/05 15:18:301427 INFO  HTTP GET /api/status 响应 200 (0ms) - Middleware.cc:68
2025/08/05 15:18:301470 INFO  fd total count:6 - EPollPoller.cc:34
2025/08/05 15:18:467253 DEBUG timeout! - EPollPoller.cc:62
2025/08/05 15:18:467291 INFO  fd total count:1 - EPollPoller.cc:34
2025/08/05 15:18:467611 DEBUG timeout! - EPollPoller.cc:62
2025/08/05 15:18:467639 INFO  fd total count:1 - EPollPoller.cc:34
2025/08/05 15:18:470802 DEBUG timeout! - EPollPoller.cc:62
2025/08/05 15:18:470821 INFO  fd total count:1 - EPollPoller.cc:34
2025/08/05 15:18:765801 DEBUG timeout! - EPollPoller.cc:62
2025/08/05 15:18:765836 INFO  fd total count:2 - EPollPoller.cc:34
2025/08/05 15:18:311514 DEBUG timeout! - EPollPoller.cc:62
2025/08/05 15:18:311552 INFO  fd total count:6 - EPollPoller.cc:34
2025/08/05 15:18:477331 DEBUG timeout! - EPollPoller.cc:62
2025/08/05 15:18:477366 INFO  fd total count:1 - EPollPoller.cc:34
2025/08/05 15:18:477735 DEBUG timeout! - EPollPoller.cc:62
2025/08/05 15:18:477791 INFO  fd total count:1 - EPollPoller.cc:34
2025/08/05 15:18:480893 DEBUG timeout! - EPollPoller.cc:62
2025/08/05 15:18:480914 INFO  fd total count:1 - EPollPoller.cc:34
2025/08/05 15:18:775975 DEBUG timeout! - EPollPoller.cc:62
2025/08/05 15:18:776037 INFO  fd total count:2 - EPollPoller.cc:34
2025/08/05 15:18:321637 DEBUG timeout! - EPollPoller.cc:62
2025/08/05 15:18:321704 INFO  fd total count:6 - EPollPoller.cc:34
2025/08/05 15:18:487441 DEBUG timeout! - EPollPoller.cc:62
2025/08/05 15:18:487476 INFO  fd total count:1 - EPollPoller.cc:34
2025/08/05 15:18:487839 DEBUG timeout! - EPollPoller.cc:62
2025/08/05 15:18:487864 INFO  fd total count:1 - EPollPoller.cc:34
2025/08/05 15:18:490969 DEBUG timeout! - EPollPoller.cc:62
2025/08/05 15:18:490987 INFO  fd total count:1 - EPollPoller.cc:34
2025/08/05 15:18:786080 DEBUG timeout! - EPollPoller.cc:62
2025/08/05 15:18:786116 INFO  fd total count:2 - EPollPoller.cc:34
2025/08/05 15:18:331782 DEBUG timeout! - EPollPoller.cc:62
2025/08/05 15:18:331818 INFO  fd total count:6 - EPollPoller.cc:34
2025/08/05 15:18:213224 INFO  events happend1 - EPollPoller.cc:51
2025/08/05 15:18:213255 INFO  channel handleEvent revents:1 - Channel.cc:96
2025/08/05 15:18:213325 INFO  HTTP GET /api/status 从  - Middleware.cc:57
2025/08/05 15:18:213346 INFO  HTTP GET /api/status 响应 200 (0ms) - Middleware.cc:68
2025/08/05 15:18:213403 INFO  fd total count:6 - EPollPoller.cc:34
2025/08/05 15:18:497518 DEBUG timeout! - EPollPoller.cc:62
2025/08/05 15:18:497555 INFO  fd total count:1 - EPollPoller.cc:34
2025/08/05 15:18:497896 DEBUG timeout! - EPollPoller.cc:62
2025/08/05 15:18:497922 INFO  fd total count:1 - EPollPoller.cc:34
2025/08/05 15:18:501055 DEBUG timeout! - EPollPoller.cc:62
2025/08/05 15:18:501073 INFO  fd total count:1 - EPollPoller.cc:34
2025/08/05 15:18:796178 DEBUG timeout! - EPollPoller.cc:62
2025/08/05 15:18:796213 INFO  fd total count:2 - EPollPoller.cc:34
2025/08/05 15:19:223466 DEBUG timeout! - EPollPoller.cc:62
2025/08/05 15:19:223497 INFO  fd total count:6 - EPollPoller.cc:34
2025/08/05 15:19:507612 DEBUG timeout! - EPollPoller.cc:62
2025/08/05 15:19:507652 INFO  fd total count:1 - EPollPoller.cc:34
2025/08/05 15:19:507960 DEBUG timeout! - EPollPoller.cc:62
2025/08/05 15:19:507986 INFO  fd total count:1 - EPollPoller.cc:34
2025/08/05 15:19:511146 DEBUG timeout! - EPollPoller.cc:62
2025/08/05 15:19:511164 INFO  fd total count:1 - EPollPoller.cc:34
2025/08/05 15:19:806270 DEBUG timeout! - EPollPoller.cc:62
2025/08/05 15:19:806304 INFO  fd total count:2 - EPollPoller.cc:34
2025/08/05 15:19:233555 DEBUG timeout! - EPollPoller.cc:62
2025/08/05 15:19:233592 INFO  fd total count:6 - EPollPoller.cc:34
2025/08/05 15:19:517732 DEBUG timeout! - EPollPoller.cc:62
2025/08/05 15:19:517769 INFO  fd total count:1 - EPollPoller.cc:34
2025/08/05 15:19:518031 DEBUG timeout! - EPollPoller.cc:62
2025/08/05 15:19:518060 INFO  fd total count:1 - EPollPoller.cc:34
2025/08/05 15:19:521227 DEBUG timeout! - EPollPoller.cc:62
2025/08/05 15:19:521247 INFO  fd total count:1 - EPollPoller.cc:34
2025/08/05 15:19:816370 DEBUG timeout! - EPollPoller.cc:62
2025/08/05 15:19:816405 INFO  fd total count:2 - EPollPoller.cc:34
2025/08/05 15:19:215165 INFO  events happend1 - EPollPoller.cc:51
2025/08/05 15:19:215195 INFO  channel handleEvent revents:1 - Channel.cc:96
2025/08/05 15:19:215277 INFO  HTTP GET /api/status 从  - Middleware.cc:57
2025/08/05 15:19:215299 INFO  HTTP GET /api/status 响应 200 (0ms) - Middleware.cc:68
2025/08/05 15:19:215357 INFO  fd total count:6 - EPollPoller.cc:34
2025/08/05 15:19:527863 DEBUG timeout! - EPollPoller.cc:62
2025/08/05 15:19:527925 INFO  fd total count:1 - EPollPoller.cc:34
2025/08/05 15:19:528169 DEBUG timeout! - EPollPoller.cc:62
2025/08/05 15:19:528230 INFO  fd total count:1 - EPollPoller.cc:34
2025/08/05 15:19:531309 DEBUG timeout! - EPollPoller.cc:62
2025/08/05 15:19:531332 INFO  fd total count:1 - EPollPoller.cc:34
2025/08/05 15:19:826470 DEBUG timeout! - EPollPoller.cc:62
2025/08/05 15:19:826504 INFO  fd total count:2 - EPollPoller.cc:34
2025/08/05 15:19:225420 DEBUG timeout! - EPollPoller.cc:62
2025/08/05 15:19:225452 INFO  fd total count:6 - EPollPoller.cc:34
2025/08/05 15:19:537985 DEBUG timeout! - EPollPoller.cc:62
2025/08/05 15:19:538013 INFO  fd total count:1 - EPollPoller.cc:34
2025/08/05 15:19:538291 DEBUG timeout! - EPollPoller.cc:62
2025/08/05 15:19:538311 INFO  fd total count:1 - EPollPoller.cc:34
2025/08/05 15:19:541389 DEBUG timeout! - EPollPoller.cc:62
2025/08/05 15:19:541411 INFO  fd total count:1 - EPollPoller.cc:34
2025/08/05 15:19:836567 DEBUG timeout! - EPollPoller.cc:62
2025/08/05 15:19:836600 INFO  fd total count:2 - EPollPoller.cc:34
2025/08/05 15:19:235576 DEBUG timeout! - EPollPoller.cc:62
2025/08/05 15:19:235638 INFO  fd total count:6 - EPollPoller.cc:34
2025/08/05 15:19:548084 DEBUG timeout! - EPollPoller.cc:62
2025/08/05 15:19:548119 INFO  fd total count:1 - EPollPoller.cc:34
2025/08/05 15:19:548381 DEBUG timeout! - EPollPoller.cc:62
2025/08/05 15:19:548408 INFO  fd total count:1 - EPollPoller.cc:34
2025/08/05 15:19:551489 DEBUG timeout! - EPollPoller.cc:62
2025/08/05 15:19:551508 INFO  fd total count:1 - EPollPoller.cc:34
2025/08/05 15:19:846664 DEBUG timeout! - EPollPoller.cc:62
2025/08/05 15:19:846700 INFO  fd total count:2 - EPollPoller.cc:34
2025/08/05 15:19:216571 INFO  events happend1 - EPollPoller.cc:51
2025/08/05 15:19:216600 INFO  channel handleEvent revents:1 - Channel.cc:96
2025/08/05 15:19:216667 INFO  HTTP GET /api/status 从  - Middleware.cc:57
2025/08/05 15:19:216687 INFO  HTTP GET /api/status 响应 200 (0ms) - Middleware.cc:68
2025/08/05 15:19:216736 INFO  fd total count:6 - EPollPoller.cc:34
2025/08/05 15:19:558182 DEBUG timeout! - EPollPoller.cc:62
2025/08/05 15:19:558212 INFO  fd total count:1 - EPollPoller.cc:34
2025/08/05 15:19:558440 DEBUG timeout! - EPollPoller.cc:62
2025/08/05 15:19:558464 INFO  fd total count:1 - EPollPoller.cc:34
2025/08/05 15:19:561572 DEBUG timeout! - EPollPoller.cc:62
2025/08/05 15:19:561591 INFO  fd total count:1 - EPollPoller.cc:34
2025/08/05 15:19:856763 DEBUG timeout! - EPollPoller.cc:62
2025/08/05 15:19:856796 INFO  fd total count:2 - EPollPoller.cc:34
2025/08/05 15:20:226782 DEBUG timeout! - EPollPoller.cc:62
2025/08/05 15:20:226821 INFO  fd total count:6 - EPollPoller.cc:34
2025/08/05 15:20:568287 DEBUG timeout! - EPollPoller.cc:62
2025/08/05 15:20:568324 INFO  fd total count:1 - EPollPoller.cc:34
2025/08/05 15:20:568408 DEBUG timeout! - EPollPoller.cc:62
2025/08/05 15:20:568435 INFO  fd total count:1 - EPollPoller.cc:34
2025/08/05 15:20:571634 DEBUG timeout! - EPollPoller.cc:62
2025/08/05 15:20:571653 INFO  fd total count:1 - EPollPoller.cc:34
2025/08/05 15:20:866865 DEBUG timeout! - EPollPoller.cc:62
2025/08/05 15:20:866899 INFO  fd total count:2 - EPollPoller.cc:34
2025/08/05 15:20:236888 DEBUG timeout! - EPollPoller.cc:62
2025/08/05 15:20:236920 INFO  fd total count:6 - EPollPoller.cc:34
2025/08/05 15:20:578392 DEBUG timeout! - EPollPoller.cc:62
2025/08/05 15:20:578425 INFO  fd total count:1 - EPollPoller.cc:34
2025/08/05 15:20:578476 DEBUG timeout! - EPollPoller.cc:62
2025/08/05 15:20:578502 INFO  fd total count:1 - EPollPoller.cc:34
2025/08/05 15:20:581729 DEBUG timeout! - EPollPoller.cc:62
2025/08/05 15:20:581748 INFO  fd total count:1 - EPollPoller.cc:34
2025/08/05 15:20:876950 DEBUG timeout! - EPollPoller.cc:62
2025/08/05 15:20:876980 INFO  fd total count:2 - EPollPoller.cc:34
2025/08/05 15:20:218107 INFO  events happend1 - EPollPoller.cc:51
2025/08/05 15:20:218167 INFO  channel handleEvent revents:1 - Channel.cc:96
2025/08/05 15:20:218368 INFO  HTTP GET /api/status 从  - Middleware.cc:57
2025/08/05 15:20:218426 INFO  HTTP GET /api/status 响应 200 (0ms) - Middleware.cc:68
2025/08/05 15:20:218575 INFO  fd total count:6 - EPollPoller.cc:34
2025/08/05 15:20:588483 DEBUG timeout! - EPollPoller.cc:62
2025/08/05 15:20:588512 INFO  fd total count:1 - EPollPoller.cc:34
2025/08/05 15:20:588501 DEBUG timeout! - EPollPoller.cc:62
2025/08/05 15:20:588570 INFO  fd total count:1 - EPollPoller.cc:34
2025/08/05 15:20:591818 DEBUG timeout! - EPollPoller.cc:62
2025/08/05 15:20:591837 INFO  fd total count:1 - EPollPoller.cc:34
2025/08/05 15:20:887081 DEBUG timeout! - EPollPoller.cc:62
2025/08/05 15:20:887142 INFO  fd total count:2 - EPollPoller.cc:34
2025/08/05 15:20:228632 DEBUG timeout! - EPollPoller.cc:62
2025/08/05 15:20:228666 INFO  fd total count:6 - EPollPoller.cc:34
2025/08/05 15:20:590325 DEBUG timeout! - EPollPoller.cc:62
2025/08/05 15:20:590356 INFO  fd total count:1 - EPollPoller.cc:34
2025/08/05 15:20:598642 DEBUG timeout! - EPollPoller.cc:62
2025/08/05 15:20:598664 INFO  fd total count:1 - EPollPoller.cc:34
2025/08/05 15:20:601912 DEBUG timeout! - EPollPoller.cc:62
2025/08/05 15:20:601934 INFO  fd total count:1 - EPollPoller.cc:34
2025/08/05 15:20:897201 DEBUG timeout! - EPollPoller.cc:62
2025/08/05 15:20:897231 INFO  fd total count:2 - EPollPoller.cc:34
2025/08/05 15:20:238726 DEBUG timeout! - EPollPoller.cc:62
2025/08/05 15:20:238756 INFO  fd total count:6 - EPollPoller.cc:34
2025/08/05 15:20:598291 DEBUG timeout! - EPollPoller.cc:62
2025/08/05 15:20:598325 INFO  fd total count:1 - EPollPoller.cc:34
2025/08/05 15:20:608729 DEBUG timeout! - EPollPoller.cc:62
2025/08/05 15:20:608753 INFO  fd total count:1 - EPollPoller.cc:34
2025/08/05 15:20:612014 DEBUG timeout! - EPollPoller.cc:62
2025/08/05 15:20:612065 INFO  fd total count:1 - EPollPoller.cc:34
2025/08/05 15:20:907309 DEBUG timeout! - EPollPoller.cc:62
2025/08/05 15:20:907371 INFO  fd total count:2 - EPollPoller.cc:34
2025/08/05 15:20:219499 INFO  events happend1 - EPollPoller.cc:51
2025/08/05 15:20:219528 INFO  channel handleEvent revents:1 - Channel.cc:96
2025/08/05 15:20:219599 INFO  HTTP GET /api/status 从  - Middleware.cc:57
2025/08/05 15:20:219619 INFO  HTTP GET /api/status 响应 200 (0ms) - Middleware.cc:68
2025/08/05 15:20:219674 INFO  fd total count:6 - EPollPoller.cc:34
2025/08/05 15:20:608363 DEBUG timeout! - EPollPoller.cc:62
2025/08/05 15:20:608396 INFO  fd total count:1 - EPollPoller.cc:34
2025/08/05 15:20:618826 DEBUG timeout! - EPollPoller.cc:62
2025/08/05 15:20:618852 INFO  fd total count:1 - EPollPoller.cc:34
2025/08/05 15:20:622219 DEBUG timeout! - EPollPoller.cc:62
2025/08/05 15:20:622298 INFO  fd total count:1 - EPollPoller.cc:34
2025/08/05 15:20:917423 DEBUG timeout! - EPollPoller.cc:62
2025/08/05 15:20:917452 INFO  fd total count:2 - EPollPoller.cc:34
2025/08/05 15:21:229728 DEBUG timeout! - EPollPoller.cc:62
2025/08/05 15:21:229761 INFO  fd total count:6 - EPollPoller.cc:34
2025/08/05 15:21:618430 DEBUG timeout! - EPollPoller.cc:62
2025/08/05 15:21:618460 INFO  fd total count:1 - EPollPoller.cc:34
2025/08/05 15:21:628900 DEBUG timeout! - EPollPoller.cc:62
2025/08/05 15:21:628927 INFO  fd total count:1 - EPollPoller.cc:34
2025/08/05 15:21:632373 DEBUG timeout! - EPollPoller.cc:62
2025/08/05 15:21:632393 INFO  fd total count:1 - EPollPoller.cc:34
2025/08/05 15:21:927485 DEBUG timeout! - EPollPoller.cc:62
2025/08/05 15:21:927518 INFO  fd total count:2 - EPollPoller.cc:34
2025/08/05 15:21:239799 DEBUG timeout! - EPollPoller.cc:62
2025/08/05 15:21:239830 INFO  fd total count:6 - EPollPoller.cc:34
2025/08/05 15:21:628496 DEBUG timeout! - EPollPoller.cc:62
2025/08/05 15:21:628533 INFO  fd total count:1 - EPollPoller.cc:34
2025/08/05 15:21:638994 DEBUG timeout! - EPollPoller.cc:62
2025/08/05 15:21:639019 INFO  fd total count:1 - EPollPoller.cc:34
2025/08/05 15:21:642446 DEBUG timeout! - EPollPoller.cc:62
2025/08/05 15:21:642466 INFO  fd total count:1 - EPollPoller.cc:34
2025/08/05 15:21:937596 DEBUG timeout! - EPollPoller.cc:62
2025/08/05 15:21:937625 INFO  fd total count:2 - EPollPoller.cc:34
2025/08/05 15:21:230327 INFO  events happend1 - EPollPoller.cc:51
2025/08/05 15:21:230385 INFO  channel handleEvent revents:1 - Channel.cc:96
2025/08/05 15:21:230532 INFO  HTTP GET /api/status 从  - Middleware.cc:57
2025/08/05 15:21:230583 INFO  HTTP GET /api/status 响应 200 (0ms) - Middleware.cc:68
2025/08/05 15:21:230717 INFO  fd total count:6 - EPollPoller.cc:34
2025/08/05 15:21:638577 DEBUG timeout! - EPollPoller.cc:62
2025/08/05 15:21:638610 INFO  fd total count:1 - EPollPoller.cc:34
2025/08/05 15:21:649118 DEBUG timeout! - EPollPoller.cc:62
2025/08/05 15:21:649168 INFO  fd total count:1 - EPollPoller.cc:34
2025/08/05 15:21:652537 DEBUG timeout! - EPollPoller.cc:62
2025/08/05 15:21:652559 INFO  fd total count:1 - EPollPoller.cc:34
2025/08/05 15:21:947711 DEBUG timeout! - EPollPoller.cc:62
2025/08/05 15:21:947744 INFO  fd total count:2 - EPollPoller.cc:34
2025/08/05 15:21:240787 DEBUG timeout! - EPollPoller.cc:62
2025/08/05 15:21:240817 INFO  fd total count:6 - EPollPoller.cc:34
2025/08/05 15:21:648647 DEBUG timeout! - EPollPoller.cc:62
2025/08/05 15:21:648681 INFO  fd total count:1 - EPollPoller.cc:34
2025/08/05 15:21:659257 DEBUG timeout! - EPollPoller.cc:62
2025/08/05 15:21:659282 INFO  fd total count:1 - EPollPoller.cc:34
2025/08/05 15:21:662633 DEBUG timeout! - EPollPoller.cc:62
2025/08/05 15:21:662653 INFO  fd total count:1 - EPollPoller.cc:34
2025/08/05 15:21:957811 DEBUG timeout! - EPollPoller.cc:62
2025/08/05 15:21:957844 INFO  fd total count:2 - EPollPoller.cc:34
2025/08/05 15:21:250856 DEBUG timeout! - EPollPoller.cc:62
2025/08/05 15:21:250885 INFO  fd total count:6 - EPollPoller.cc:34
2025/08/05 15:21:658719 DEBUG timeout! - EPollPoller.cc:62
2025/08/05 15:21:658752 INFO  fd total count:1 - EPollPoller.cc:34
2025/08/05 15:21:669346 DEBUG timeout! - EPollPoller.cc:62
2025/08/05 15:21:669370 INFO  fd total count:1 - EPollPoller.cc:34
2025/08/05 15:21:672722 DEBUG timeout! - EPollPoller.cc:62
2025/08/05 15:21:672741 INFO  fd total count:1 - EPollPoller.cc:34
2025/08/05 15:21:967900 DEBUG timeout! - EPollPoller.cc:62
2025/08/05 15:21:967963 INFO  fd total count:2 - EPollPoller.cc:34
2025/08/05 15:21:229555 INFO  events happend1 - EPollPoller.cc:51
2025/08/05 15:21:229581 INFO  channel handleEvent revents:1 - Channel.cc:96
2025/08/05 15:21:229652 INFO  HTTP GET /api/status 从  - Middleware.cc:57
2025/08/05 15:21:229671 INFO  HTTP GET /api/status 响应 200 (0ms) - Middleware.cc:68
2025/08/05 15:21:229723 INFO  fd total count:6 - EPollPoller.cc:34
2025/08/05 15:21:668804 DEBUG timeout! - EPollPoller.cc:62
2025/08/05 15:21:668837 INFO  fd total count:1 - EPollPoller.cc:34
2025/08/05 15:21:679423 DEBUG timeout! - EPollPoller.cc:62
2025/08/05 15:21:679444 INFO  fd total count:1 - EPollPoller.cc:34
2025/08/05 15:21:682816 DEBUG timeout! - EPollPoller.cc:62
2025/08/05 15:21:682839 INFO  fd total count:1 - EPollPoller.cc:34
2025/08/05 15:21:978060 DEBUG timeout! - EPollPoller.cc:62
2025/08/05 15:21:978095 INFO  fd total count:2 - EPollPoller.cc:34
2025/08/05 15:22:238278 DEBUG timeout! - EPollPoller.cc:62
2025/08/05 15:22:238307 INFO  fd total count:6 - EPollPoller.cc:34
2025/08/05 15:22:678928 DEBUG timeout! - EPollPoller.cc:62
2025/08/05 15:22:678991 INFO  fd total count:1 - EPollPoller.cc:34
2025/08/05 15:22:689509 DEBUG timeout! - EPollPoller.cc:62
2025/08/05 15:22:689539 INFO  fd total count:1 - EPollPoller.cc:34
2025/08/05 15:22:692913 DEBUG timeout! - EPollPoller.cc:62
2025/08/05 15:22:692931 INFO  fd total count:1 - EPollPoller.cc:34
2025/08/05 15:22:988136 DEBUG timeout! - EPollPoller.cc:62
2025/08/05 15:22:988170 INFO  fd total count:2 - EPollPoller.cc:34
2025/08/05 15:22:248343 DEBUG timeout! - EPollPoller.cc:62
2025/08/05 15:22:248377 INFO  fd total count:6 - EPollPoller.cc:34
2025/08/05 15:22:689030 DEBUG timeout! - EPollPoller.cc:62
2025/08/05 15:22:689065 INFO  fd total count:1 - EPollPoller.cc:34
2025/08/05 15:22:699607 DEBUG timeout! - EPollPoller.cc:62
2025/08/05 15:22:699634 INFO  fd total count:1 - EPollPoller.cc:34
2025/08/05 15:22:702986 DEBUG timeout! - EPollPoller.cc:62
2025/08/05 15:22:703006 INFO  fd total count:1 - EPollPoller.cc:34
2025/08/05 15:22:998211 DEBUG timeout! - EPollPoller.cc:62
2025/08/05 15:22:998243 INFO  fd total count:2 - EPollPoller.cc:34
2025/08/05 15:22:258420 DEBUG timeout! - EPollPoller.cc:62
2025/08/05 15:22:258452 INFO  fd total count:6 - EPollPoller.cc:34
2025/08/05 15:22:699171 DEBUG timeout! - EPollPoller.cc:62
2025/08/05 15:22:699236 INFO  fd total count:1 - EPollPoller.cc:34
2025/08/05 15:22:709681 DEBUG timeout! - EPollPoller.cc:62
2025/08/05 15:22:709714 INFO  fd total count:1 - EPollPoller.cc:34
2025/08/05 15:22:713068 DEBUG timeout! - EPollPoller.cc:62
2025/08/05 15:22:713088 INFO  fd total count:1 - EPollPoller.cc:34
2025/08/05 15:22:008317 DEBUG timeout! - EPollPoller.cc:62
2025/08/05 15:22:008381 INFO  fd total count:2 - EPollPoller.cc:34
2025/08/05 15:22:268496 DEBUG timeout! - EPollPoller.cc:62
2025/08/05 15:22:268526 INFO  fd total count:6 - EPollPoller.cc:34
2025/08/05 15:22:709289 DEBUG timeout! - EPollPoller.cc:62
2025/08/05 15:22:709319 INFO  fd total count:1 - EPollPoller.cc:34
2025/08/05 15:22:719762 DEBUG timeout! - EPollPoller.cc:62
2025/08/05 15:22:719786 INFO  fd total count:1 - EPollPoller.cc:34
2025/08/05 15:22:723133 DEBUG timeout! - EPollPoller.cc:62
2025/08/05 15:22:723152 INFO  fd total count:1 - EPollPoller.cc:34
2025/08/05 15:22:018461 DEBUG timeout! - EPollPoller.cc:62
2025/08/05 15:22:018522 INFO  fd total count:2 - EPollPoller.cc:34
2025/08/05 15:22:215396 INFO  events happend1 - EPollPoller.cc:51
2025/08/05 15:22:215431 INFO  channel handleEvent revents:1 - Channel.cc:96
2025/08/05 15:22:215502 INFO  HTTP GET /api/status 从  - Middleware.cc:57
2025/08/05 15:22:215522 INFO  HTTP GET /api/status 响应 200 (0ms) - Middleware.cc:68
2025/08/05 15:22:215579 INFO  fd total count:6 - EPollPoller.cc:34
2025/08/05 15:22:719381 DEBUG timeout! - EPollPoller.cc:62
2025/08/05 15:22:719416 INFO  fd total count:1 - EPollPoller.cc:34
2025/08/05 15:22:729906 DEBUG timeout! - EPollPoller.cc:62
2025/08/05 15:22:729962 INFO  fd total count:1 - EPollPoller.cc:34
2025/08/05 15:22:733218 DEBUG timeout! - EPollPoller.cc:62
2025/08/05 15:22:733238 INFO  fd total count:1 - EPollPoller.cc:34
2025/08/05 15:22:028572 DEBUG timeout! - EPollPoller.cc:62
2025/08/05 15:22:028606 INFO  fd total count:2 - EPollPoller.cc:34
2025/08/05 15:22:225646 DEBUG timeout! - EPollPoller.cc:62
2025/08/05 15:22:225679 INFO  fd total count:6 - EPollPoller.cc:34
2025/08/05 15:22:729459 DEBUG timeout! - EPollPoller.cc:62
2025/08/05 15:22:729488 INFO  fd total count:1 - EPollPoller.cc:34
2025/08/05 15:22:740017 DEBUG timeout! - EPollPoller.cc:62
2025/08/05 15:22:740039 INFO  fd total count:1 - EPollPoller.cc:34
2025/08/05 15:22:743308 DEBUG timeout! - EPollPoller.cc:62
2025/08/05 15:22:743328 INFO  fd total count:1 - EPollPoller.cc:34
2025/08/05 15:22:038650 DEBUG timeout! - EPollPoller.cc:62
2025/08/05 15:22:038682 INFO  fd total count:2 - EPollPoller.cc:34
2025/08/05 15:22:235739 DEBUG timeout! - EPollPoller.cc:62
2025/08/05 15:22:235773 INFO  fd total count:6 - EPollPoller.cc:34
2025/08/05 15:23:739526 DEBUG timeout! - EPollPoller.cc:62
2025/08/05 15:23:739555 INFO  fd total count:1 - EPollPoller.cc:34
2025/08/05 15:23:750081 DEBUG timeout! - EPollPoller.cc:62
2025/08/05 15:23:750106 INFO  fd total count:1 - EPollPoller.cc:34
2025/08/05 15:23:753394 DEBUG timeout! - EPollPoller.cc:62
2025/08/05 15:23:753414 INFO  fd total count:1 - EPollPoller.cc:34
2025/08/05 15:23:048732 DEBUG timeout! - EPollPoller.cc:62
2025/08/05 15:23:048771 INFO  fd total count:2 - EPollPoller.cc:34
2025/08/05 15:23:245835 DEBUG timeout! - EPollPoller.cc:62
2025/08/05 15:23:245869 INFO  fd total count:6 - EPollPoller.cc:34
2025/08/05 15:23:749593 DEBUG timeout! - EPollPoller.cc:62
2025/08/05 15:23:749628 INFO  fd total count:1 - EPollPoller.cc:34
2025/08/05 15:23:760163 DEBUG timeout! - EPollPoller.cc:62
2025/08/05 15:23:760186 INFO  fd total count:1 - EPollPoller.cc:34
2025/08/05 15:23:763484 DEBUG timeout! - EPollPoller.cc:62
2025/08/05 15:23:763507 INFO  fd total count:1 - EPollPoller.cc:34
2025/08/05 15:23:058817 DEBUG timeout! - EPollPoller.cc:62
2025/08/05 15:23:058849 INFO  fd total count:2 - EPollPoller.cc:34
2025/08/05 15:23:255909 DEBUG timeout! - EPollPoller.cc:62
2025/08/05 15:23:255941 INFO  fd total count:6 - EPollPoller.cc:34
2025/08/05 15:23:759663 DEBUG timeout! - EPollPoller.cc:62
2025/08/05 15:23:759700 INFO  fd total count:1 - EPollPoller.cc:34
2025/08/05 15:23:770248 DEBUG timeout! - EPollPoller.cc:62
2025/08/05 15:23:770283 INFO  fd total count:1 - EPollPoller.cc:34
2025/08/05 15:23:773564 DEBUG timeout! - EPollPoller.cc:62
2025/08/05 15:23:773584 INFO  fd total count:1 - EPollPoller.cc:34
2025/08/05 15:23:068912 DEBUG timeout! - EPollPoller.cc:62
2025/08/05 15:23:068949 INFO  fd total count:2 - EPollPoller.cc:34
2025/08/05 15:23:265987 DEBUG timeout! - EPollPoller.cc:62
2025/08/05 15:23:266023 INFO  fd total count:6 - EPollPoller.cc:34
2025/08/05 15:23:769736 DEBUG timeout! - EPollPoller.cc:62
2025/08/05 15:23:769771 INFO  fd total count:1 - EPollPoller.cc:34
2025/08/05 15:23:780328 DEBUG timeout! - EPollPoller.cc:62
2025/08/05 15:23:780351 INFO  fd total count:1 - EPollPoller.cc:34
2025/08/05 15:23:783651 DEBUG timeout! - EPollPoller.cc:62
2025/08/05 15:23:783669 INFO  fd total count:1 - EPollPoller.cc:34
2025/08/05 15:23:078989 DEBUG timeout! - EPollPoller.cc:62
2025/08/05 15:23:079021 INFO  fd total count:2 - EPollPoller.cc:34
2025/08/05 15:23:218937 INFO  events happend1 - EPollPoller.cc:51
2025/08/05 15:23:218966 INFO  channel handleEvent revents:1 - Channel.cc:96
2025/08/05 15:23:219035 INFO  HTTP GET /api/status 从  - Middleware.cc:57
2025/08/05 15:23:219056 INFO  HTTP GET /api/status 响应 200 (0ms) - Middleware.cc:68
2025/08/05 15:23:219106 INFO  fd total count:6 - EPollPoller.cc:34
2025/08/05 15:23:779843 DEBUG timeout! - EPollPoller.cc:62
2025/08/05 15:23:779912 INFO  fd total count:1 - EPollPoller.cc:34
2025/08/05 15:23:790382 DEBUG timeout! - EPollPoller.cc:62
2025/08/05 15:23:790417 INFO  fd total count:1 - EPollPoller.cc:34
2025/08/05 15:23:793721 DEBUG timeout! - EPollPoller.cc:62
2025/08/05 15:23:793741 INFO  fd total count:1 - EPollPoller.cc:34
2025/08/05 15:23:089064 DEBUG timeout! - EPollPoller.cc:62
2025/08/05 15:23:089096 INFO  fd total count:2 - EPollPoller.cc:34
2025/08/05 15:23:229168 DEBUG timeout! - EPollPoller.cc:62
2025/08/05 15:23:229203 INFO  fd total count:6 - EPollPoller.cc:34
2025/08/05 15:23:789976 DEBUG timeout! - EPollPoller.cc:62
2025/08/05 15:23:790008 INFO  fd total count:1 - EPollPoller.cc:34
2025/08/05 15:23:800444 DEBUG timeout! - EPollPoller.cc:62
2025/08/05 15:23:800466 INFO  fd total count:1 - EPollPoller.cc:34
2025/08/05 15:23:803803 DEBUG timeout! - EPollPoller.cc:62
2025/08/05 15:23:803823 INFO  fd total count:1 - EPollPoller.cc:34
2025/08/05 15:23:090294 DEBUG timeout! - EPollPoller.cc:62
2025/08/05 15:23:090327 INFO  fd total count:2 - EPollPoller.cc:34
2025/08/05 15:23:239247 DEBUG timeout! - EPollPoller.cc:62
2025/08/05 15:23:239276 INFO  fd total count:6 - EPollPoller.cc:34
2025/08/05 15:24:800047 DEBUG timeout! - EPollPoller.cc:62
2025/08/05 15:24:800081 INFO  fd total count:1 - EPollPoller.cc:34
2025/08/05 15:24:810517 DEBUG timeout! - EPollPoller.cc:62
2025/08/05 15:24:810539 INFO  fd total count:1 - EPollPoller.cc:34
2025/08/05 15:24:813880 DEBUG timeout! - EPollPoller.cc:62
2025/08/05 15:24:813903 INFO  fd total count:1 - EPollPoller.cc:34
2025/08/05 15:24:098293 DEBUG timeout! - EPollPoller.cc:62
2025/08/05 15:24:098327 INFO  fd total count:2 - EPollPoller.cc:34
2025/08/05 15:24:249349 DEBUG timeout! - EPollPoller.cc:62
2025/08/05 15:24:249391 INFO  fd total count:6 - EPollPoller.cc:34
2025/08/05 15:24:810114 DEBUG timeout! - EPollPoller.cc:62
2025/08/05 15:24:810146 INFO  fd total count:1 - EPollPoller.cc:34
2025/08/05 15:24:820576 DEBUG timeout! - EPollPoller.cc:62
2025/08/05 15:24:820600 INFO  fd total count:1 - EPollPoller.cc:34
2025/08/05 15:24:823972 DEBUG timeout! - EPollPoller.cc:62
2025/08/05 15:24:823993 INFO  fd total count:1 - EPollPoller.cc:34
2025/08/05 15:24:108363 DEBUG timeout! - EPollPoller.cc:62
2025/08/05 15:24:108398 INFO  fd total count:2 - EPollPoller.cc:34
2025/08/05 15:24:259439 DEBUG timeout! - EPollPoller.cc:62
2025/08/05 15:24:259476 INFO  fd total count:6 - EPollPoller.cc:34
2025/08/05 15:24:820207 DEBUG timeout! - EPollPoller.cc:62
2025/08/05 15:24:820241 INFO  fd total count:1 - EPollPoller.cc:34
2025/08/05 15:24:830661 DEBUG timeout! - EPollPoller.cc:62
2025/08/05 15:24:830683 INFO  fd total count:1 - EPollPoller.cc:34
2025/08/05 15:24:834132 DEBUG timeout! - EPollPoller.cc:62
2025/08/05 15:24:834184 INFO  fd total count:1 - EPollPoller.cc:34
2025/08/05 15:24:118436 DEBUG timeout! - EPollPoller.cc:62
2025/08/05 15:24:118470 INFO  fd total count:2 - EPollPoller.cc:34
2025/08/05 15:24:269528 DEBUG timeout! - EPollPoller.cc:62
2025/08/05 15:24:269557 INFO  fd total count:6 - EPollPoller.cc:34
2025/08/05 15:24:830280 DEBUG timeout! - EPollPoller.cc:62
2025/08/05 15:24:830315 INFO  fd total count:1 - EPollPoller.cc:34
2025/08/05 15:24:840749 DEBUG timeout! - EPollPoller.cc:62
2025/08/05 15:24:840773 INFO  fd total count:1 - EPollPoller.cc:34
2025/08/05 15:24:844250 DEBUG timeout! - EPollPoller.cc:62
2025/08/05 15:24:844270 INFO  fd total count:1 - EPollPoller.cc:34
2025/08/05 15:24:128508 DEBUG timeout! - EPollPoller.cc:62
2025/08/05 15:24:128540 INFO  fd total count:2 - EPollPoller.cc:34
2025/08/05 15:24:218865 INFO  events happend1 - EPollPoller.cc:51
2025/08/05 15:24:218923 INFO  channel handleEvent revents:1 - Channel.cc:96
2025/08/05 15:24:219071 INFO  HTTP GET /api/status 从  - Middleware.cc:57
2025/08/05 15:24:219123 INFO  HTTP GET /api/status 响应 200 (0ms) - Middleware.cc:68
2025/08/05 15:24:219260 INFO  fd total count:6 - EPollPoller.cc:34
2025/08/05 15:24:840348 DEBUG timeout! - EPollPoller.cc:62
2025/08/05 15:24:840381 INFO  fd total count:1 - EPollPoller.cc:34
2025/08/05 15:24:850831 DEBUG timeout! - EPollPoller.cc:62
2025/08/05 15:24:850858 INFO  fd total count:1 - EPollPoller.cc:34
2025/08/05 15:24:854330 DEBUG timeout! - EPollPoller.cc:62
2025/08/05 15:24:854352 INFO  fd total count:1 - EPollPoller.cc:34
2025/08/05 15:24:138581 DEBUG timeout! - EPollPoller.cc:62
2025/08/05 15:24:138616 INFO  fd total count:2 - EPollPoller.cc:34
2025/08/05 15:24:229339 DEBUG timeout! - EPollPoller.cc:62
2025/08/05 15:24:229368 INFO  fd total count:6 - EPollPoller.cc:34
2025/08/05 15:24:842318 DEBUG timeout! - EPollPoller.cc:62
2025/08/05 15:24:842350 INFO  fd total count:1 - EPollPoller.cc:34
2025/08/05 15:24:860891 DEBUG timeout! - EPollPoller.cc:62
2025/08/05 15:24:860913 INFO  fd total count:1 - EPollPoller.cc:34
2025/08/05 15:24:864446 DEBUG timeout! - EPollPoller.cc:62
2025/08/05 15:24:864494 INFO  fd total count:1 - EPollPoller.cc:34
2025/08/05 15:24:148701 DEBUG timeout! - EPollPoller.cc:62
2025/08/05 15:24:148734 INFO  fd total count:2 - EPollPoller.cc:34
2025/08/05 15:24:239433 DEBUG timeout! - EPollPoller.cc:62
2025/08/05 15:24:239463 INFO  fd total count:6 - EPollPoller.cc:34
2025/08/05 15:25:846307 DEBUG timeout! - EPollPoller.cc:62
2025/08/05 15:25:846340 INFO  fd total count:1 - EPollPoller.cc:34
2025/08/05 15:25:870984 DEBUG timeout! - EPollPoller.cc:62
2025/08/05 15:25:871007 INFO  fd total count:1 - EPollPoller.cc:34
2025/08/05 15:25:874568 DEBUG timeout! - EPollPoller.cc:62
2025/08/05 15:25:874589 INFO  fd total count:1 - EPollPoller.cc:34
2025/08/05 15:25:158810 DEBUG timeout! - EPollPoller.cc:62
2025/08/05 15:25:158874 INFO  fd total count:2 - EPollPoller.cc:34
2025/08/05 15:25:249509 DEBUG timeout! - EPollPoller.cc:62
2025/08/05 15:25:249538 INFO  fd total count:6 - EPollPoller.cc:34
2025/08/05 15:25:850376 DEBUG timeout! - EPollPoller.cc:62
2025/08/05 15:25:850439 INFO  fd total count:1 - EPollPoller.cc:34
2025/08/05 15:25:881057 DEBUG timeout! - EPollPoller.cc:62
2025/08/05 15:25:881092 INFO  fd total count:1 - EPollPoller.cc:34
2025/08/05 15:25:884659 DEBUG timeout! - EPollPoller.cc:62
2025/08/05 15:25:884677 INFO  fd total count:1 - EPollPoller.cc:34
2025/08/05 15:25:168923 DEBUG timeout! - EPollPoller.cc:62
2025/08/05 15:25:168961 INFO  fd total count:2 - EPollPoller.cc:34
2025/08/05 15:25:259578 DEBUG timeout! - EPollPoller.cc:62
2025/08/05 15:25:259606 INFO  fd total count:6 - EPollPoller.cc:34
2025/08/05 15:25:860508 DEBUG timeout! - EPollPoller.cc:62
2025/08/05 15:25:860542 INFO  fd total count:1 - EPollPoller.cc:34
2025/08/05 15:25:891133 DEBUG timeout! - EPollPoller.cc:62
2025/08/05 15:25:891155 INFO  fd total count:1 - EPollPoller.cc:34
2025/08/05 15:25:894747 DEBUG timeout! - EPollPoller.cc:62
2025/08/05 15:25:894767 INFO  fd total count:1 - EPollPoller.cc:34
2025/08/05 15:25:179004 DEBUG timeout! - EPollPoller.cc:62
2025/08/05 15:25:179039 INFO  fd total count:2 - EPollPoller.cc:34
2025/08/05 15:25:269643 DEBUG timeout! - EPollPoller.cc:62
2025/08/05 15:25:269673 INFO  fd total count:6 - EPollPoller.cc:34
2025/08/05 15:25:870587 DEBUG timeout! - EPollPoller.cc:62
2025/08/05 15:25:870625 INFO  fd total count:1 - EPollPoller.cc:34
2025/08/05 15:25:901198 DEBUG timeout! - EPollPoller.cc:62
2025/08/05 15:25:901221 INFO  fd total count:1 - EPollPoller.cc:34
2025/08/05 15:25:904834 DEBUG timeout! - EPollPoller.cc:62
2025/08/05 15:25:904854 INFO  fd total count:1 - EPollPoller.cc:34
2025/08/05 15:25:189087 DEBUG timeout! - EPollPoller.cc:62
2025/08/05 15:25:189120 INFO  fd total count:2 - EPollPoller.cc:34
2025/08/05 15:25:228615 INFO  events happend1 - EPollPoller.cc:51
2025/08/05 15:25:228675 INFO  channel handleEvent revents:1 - Channel.cc:96
2025/08/05 15:25:228822 INFO  HTTP GET /api/status 从  - Middleware.cc:57
2025/08/05 15:25:228873 INFO  HTTP GET /api/status 响应 200 (0ms) - Middleware.cc:68
2025/08/05 15:25:229003 INFO  fd total count:6 - EPollPoller.cc:34
2025/08/05 15:25:880686 DEBUG timeout! - EPollPoller.cc:62
2025/08/05 15:25:880743 INFO  fd total count:1 - EPollPoller.cc:34
2025/08/05 15:25:911254 DEBUG timeout! - EPollPoller.cc:62
2025/08/05 15:25:911277 INFO  fd total count:1 - EPollPoller.cc:34
2025/08/05 15:25:914918 DEBUG timeout! - EPollPoller.cc:62
2025/08/05 15:25:914937 INFO  fd total count:1 - EPollPoller.cc:34
2025/08/05 15:25:199164 DEBUG timeout! - EPollPoller.cc:62
2025/08/05 15:25:199199 INFO  fd total count:2 - EPollPoller.cc:34
2025/08/05 15:25:239058 DEBUG timeout! - EPollPoller.cc:62
2025/08/05 15:25:239095 INFO  fd total count:6 - EPollPoller.cc:34
2025/08/05 15:25:890821 DEBUG timeout! - EPollPoller.cc:62
2025/08/05 15:25:890883 INFO  fd total count:1 - EPollPoller.cc:34
2025/08/05 15:25:921345 DEBUG timeout! - EPollPoller.cc:62
2025/08/05 15:25:921376 INFO  fd total count:1 - EPollPoller.cc:34
2025/08/05 15:25:925009 DEBUG timeout! - EPollPoller.cc:62
2025/08/05 15:25:925029 INFO  fd total count:1 - EPollPoller.cc:34
2025/08/05 15:25:209238 DEBUG timeout! - EPollPoller.cc:62
2025/08/05 15:25:209270 INFO  fd total count:2 - EPollPoller.cc:34
2025/08/05 15:25:249135 DEBUG timeout! - EPollPoller.cc:62
2025/08/05 15:25:249171 INFO  fd total count:6 - EPollPoller.cc:34
2025/08/05 15:26:900938 DEBUG timeout! - EPollPoller.cc:62
2025/08/05 15:26:900972 INFO  fd total count:1 - EPollPoller.cc:34
2025/08/05 15:26:931435 DEBUG timeout! - EPollPoller.cc:62
2025/08/05 15:26:931464 INFO  fd total count:1 - EPollPoller.cc:34
2025/08/05 15:26:935094 DEBUG timeout! - EPollPoller.cc:62
2025/08/05 15:26:935117 INFO  fd total count:1 - EPollPoller.cc:34
2025/08/05 15:26:219304 DEBUG timeout! - EPollPoller.cc:62
2025/08/05 15:26:219336 INFO  fd total count:2 - EPollPoller.cc:34
2025/08/05 15:26:259216 DEBUG timeout! - EPollPoller.cc:62
2025/08/05 15:26:259252 INFO  fd total count:6 - EPollPoller.cc:34
2025/08/05 15:26:911012 DEBUG timeout! - EPollPoller.cc:62
2025/08/05 15:26:911047 INFO  fd total count:1 - EPollPoller.cc:34
2025/08/05 15:26:941527 DEBUG timeout! - EPollPoller.cc:62
2025/08/05 15:26:941551 INFO  fd total count:1 - EPollPoller.cc:34
2025/08/05 15:26:945179 DEBUG timeout! - EPollPoller.cc:62
2025/08/05 15:26:945199 INFO  fd total count:1 - EPollPoller.cc:34
2025/08/05 15:26:229370 DEBUG timeout! - EPollPoller.cc:62
2025/08/05 15:26:229400 INFO  fd total count:2 - EPollPoller.cc:34
2025/08/05 15:26:269289 DEBUG timeout! - EPollPoller.cc:62
2025/08/05 15:26:269326 INFO  fd total count:6 - EPollPoller.cc:34
2025/08/05 15:26:921087 DEBUG timeout! - EPollPoller.cc:62
2025/08/05 15:26:921122 INFO  fd total count:1 - EPollPoller.cc:34
2025/08/05 15:26:951610 DEBUG timeout! - EPollPoller.cc:62
2025/08/05 15:26:951635 INFO  fd total count:1 - EPollPoller.cc:34
2025/08/05 15:26:955261 DEBUG timeout! - EPollPoller.cc:62
2025/08/05 15:26:955278 INFO  fd total count:1 - EPollPoller.cc:34
2025/08/05 15:26:239434 DEBUG timeout! - EPollPoller.cc:62
2025/08/05 15:26:239465 INFO  fd total count:2 - EPollPoller.cc:34
2025/08/05 15:26:279365 DEBUG timeout! - EPollPoller.cc:62
2025/08/05 15:26:279400 INFO  fd total count:6 - EPollPoller.cc:34
2025/08/05 15:26:931165 DEBUG timeout! - EPollPoller.cc:62
2025/08/05 15:26:931202 INFO  fd total count:1 - EPollPoller.cc:34
2025/08/05 15:26:961692 DEBUG timeout! - EPollPoller.cc:62
2025/08/05 15:26:961716 INFO  fd total count:1 - EPollPoller.cc:34
2025/08/05 15:26:965341 DEBUG timeout! - EPollPoller.cc:62
2025/08/05 15:26:965361 INFO  fd total count:1 - EPollPoller.cc:34
2025/08/05 15:26:249501 DEBUG timeout! - EPollPoller.cc:62
2025/08/05 15:26:249531 INFO  fd total count:2 - EPollPoller.cc:34
2025/08/05 15:26:217881 INFO  events happend1 - EPollPoller.cc:51
2025/08/05 15:26:217917 INFO  channel handleEvent revents:1 - Channel.cc:96
2025/08/05 15:26:217992 INFO  HTTP GET /api/status 从  - Middleware.cc:57
2025/08/05 15:26:218012 INFO  HTTP GET /api/status 响应 200 (0ms) - Middleware.cc:68
2025/08/05 15:26:218070 INFO  fd total count:6 - EPollPoller.cc:34
2025/08/05 15:26:941248 DEBUG timeout! - EPollPoller.cc:62
2025/08/05 15:26:941283 INFO  fd total count:1 - EPollPoller.cc:34
2025/08/05 15:26:971775 DEBUG timeout! - EPollPoller.cc:62
2025/08/05 15:26:971796 INFO  fd total count:1 - EPollPoller.cc:34
2025/08/05 15:26:975428 DEBUG timeout! - EPollPoller.cc:62
2025/08/05 15:26:975447 INFO  fd total count:1 - EPollPoller.cc:34
2025/08/05 15:26:254305 DEBUG timeout! - EPollPoller.cc:62
2025/08/05 15:26:254337 INFO  fd total count:2 - EPollPoller.cc:34
2025/08/05 15:26:228123 DEBUG timeout! - EPollPoller.cc:62
2025/08/05 15:26:228154 INFO  fd total count:6 - EPollPoller.cc:34
2025/08/05 15:26:951326 DEBUG timeout! - EPollPoller.cc:62
2025/08/05 15:26:951365 INFO  fd total count:1 - EPollPoller.cc:34
2025/08/05 15:26:981852 DEBUG timeout! - EPollPoller.cc:62
2025/08/05 15:26:981878 INFO  fd total count:1 - EPollPoller.cc:34
2025/08/05 15:26:985585 DEBUG timeout! - EPollPoller.cc:62
2025/08/05 15:26:985636 INFO  fd total count:1 - EPollPoller.cc:34
2025/08/05 15:26:264410 DEBUG timeout! - EPollPoller.cc:62
2025/08/05 15:26:264445 INFO  fd total count:2 - EPollPoller.cc:34
2025/08/05 15:26:238193 DEBUG timeout! - EPollPoller.cc:62
2025/08/05 15:26:238228 INFO  fd total count:6 - EPollPoller.cc:34
2025/08/05 15:27:961419 DEBUG timeout! - EPollPoller.cc:62
2025/08/05 15:27:961453 INFO  fd total count:1 - EPollPoller.cc:34
2025/08/05 15:27:991936 DEBUG timeout! - EPollPoller.cc:62
2025/08/05 15:27:991960 INFO  fd total count:1 - EPollPoller.cc:34
2025/08/05 15:27:995711 DEBUG timeout! - EPollPoller.cc:62
2025/08/05 15:27:995735 INFO  fd total count:1 - EPollPoller.cc:34
2025/08/05 15:27:274516 DEBUG timeout! - EPollPoller.cc:62
2025/08/05 15:27:274549 INFO  fd total count:2 - EPollPoller.cc:34
2025/08/05 15:27:248278 DEBUG timeout! - EPollPoller.cc:62
2025/08/05 15:27:248310 INFO  fd total count:6 - EPollPoller.cc:34
2025/08/05 15:27:971511 DEBUG timeout! - EPollPoller.cc:62
2025/08/05 15:27:971543 INFO  fd total count:1 - EPollPoller.cc:34
2025/08/05 15:27:002003 DEBUG timeout! - EPollPoller.cc:62
2025/08/05 15:27:002026 INFO  fd total count:1 - EPollPoller.cc:34
2025/08/05 15:27:005865 DEBUG timeout! - EPollPoller.cc:62
2025/08/05 15:27:005914 INFO  fd total count:1 - EPollPoller.cc:34
2025/08/05 15:27:284603 DEBUG timeout! - EPollPoller.cc:62
2025/08/05 15:27:284636 INFO  fd total count:2 - EPollPoller.cc:34
2025/08/05 15:27:258347 DEBUG timeout! - EPollPoller.cc:62
2025/08/05 15:27:258379 INFO  fd total count:6 - EPollPoller.cc:34
2025/08/05 15:27:981599 DEBUG timeout! - EPollPoller.cc:62
2025/08/05 15:27:981630 INFO  fd total count:1 - EPollPoller.cc:34
2025/08/05 15:27:010278 DEBUG timeout! - EPollPoller.cc:62
2025/08/05 15:27:010301 INFO  fd total count:1 - EPollPoller.cc:34
2025/08/05 15:27:015964 DEBUG timeout! - EPollPoller.cc:62
2025/08/05 15:27:015983 INFO  fd total count:1 - EPollPoller.cc:34
2025/08/05 15:27:294702 DEBUG timeout! - EPollPoller.cc:62
2025/08/05 15:27:294738 INFO  fd total count:2 - EPollPoller.cc:34
2025/08/05 15:27:268418 DEBUG timeout! - EPollPoller.cc:62
2025/08/05 15:27:268451 INFO  fd total count:6 - EPollPoller.cc:34
2025/08/05 15:27:991665 DEBUG timeout! - EPollPoller.cc:62
2025/08/05 15:27:991699 INFO  fd total count:1 - EPollPoller.cc:34
2025/08/05 15:27:020340 DEBUG timeout! - EPollPoller.cc:62
2025/08/05 15:27:020364 INFO  fd total count:1 - EPollPoller.cc:34
2025/08/05 15:27:026049 DEBUG timeout! - EPollPoller.cc:62
2025/08/05 15:27:026071 INFO  fd total count:1 - EPollPoller.cc:34
2025/08/05 15:27:304791 DEBUG timeout! - EPollPoller.cc:62
2025/08/05 15:27:304821 INFO  fd total count:2 - EPollPoller.cc:34
2025/08/05 15:27:227251 INFO  events happend1 - EPollPoller.cc:51
2025/08/05 15:27:227282 INFO  channel handleEvent revents:1 - Channel.cc:96
2025/08/05 15:27:227350 INFO  HTTP GET /api/status 从  - Middleware.cc:57
2025/08/05 15:27:227369 INFO  HTTP GET /api/status 响应 200 (0ms) - Middleware.cc:68
2025/08/05 15:27:227419 INFO  fd total count:6 - EPollPoller.cc:34
2025/08/05 15:27:001765 DEBUG timeout! - EPollPoller.cc:62
2025/08/05 15:27:001798 INFO  fd total count:1 - EPollPoller.cc:34
2025/08/05 15:27:030417 DEBUG timeout! - EPollPoller.cc:62
2025/08/05 15:27:030440 INFO  fd total count:1 - EPollPoller.cc:34
2025/08/05 15:27:036212 DEBUG timeout! - EPollPoller.cc:62
2025/08/05 15:27:036263 INFO  fd total count:1 - EPollPoller.cc:34
2025/08/05 15:27:314855 DEBUG timeout! - EPollPoller.cc:62
2025/08/05 15:27:314891 INFO  fd total count:2 - EPollPoller.cc:34
2025/08/05 15:27:237480 DEBUG timeout! - EPollPoller.cc:62
2025/08/05 15:27:237513 INFO  fd total count:6 - EPollPoller.cc:34
2025/08/05 15:27:011846 DEBUG timeout! - EPollPoller.cc:62
2025/08/05 15:27:011882 INFO  fd total count:1 - EPollPoller.cc:34
2025/08/05 15:27:040575 DEBUG timeout! - EPollPoller.cc:62
2025/08/05 15:27:040628 INFO  fd total count:1 - EPollPoller.cc:34
2025/08/05 15:27:046335 DEBUG timeout! - EPollPoller.cc:62
2025/08/05 15:27:046357 INFO  fd total count:1 - EPollPoller.cc:34
2025/08/05 15:27:324942 DEBUG timeout! - EPollPoller.cc:62
2025/08/05 15:27:324977 INFO  fd total count:2 - EPollPoller.cc:34
2025/08/05 15:27:247580 DEBUG timeout! - EPollPoller.cc:62
2025/08/05 15:27:247614 INFO  fd total count:6 - EPollPoller.cc:34
2025/08/05 15:28:021935 DEBUG timeout! - EPollPoller.cc:62
2025/08/05 15:28:021968 INFO  fd total count:1 - EPollPoller.cc:34
2025/08/05 15:28:050692 DEBUG timeout! - EPollPoller.cc:62
2025/08/05 15:28:050717 INFO  fd total count:1 - EPollPoller.cc:34
2025/08/05 15:28:056407 DEBUG timeout! - EPollPoller.cc:62
2025/08/05 15:28:056427 INFO  fd total count:1 - EPollPoller.cc:34
2025/08/05 15:28:335072 DEBUG timeout! - EPollPoller.cc:62
2025/08/05 15:28:335134 INFO  fd total count:2 - EPollPoller.cc:34
2025/08/05 15:28:257671 DEBUG timeout! - EPollPoller.cc:62
2025/08/05 15:28:257704 INFO  fd total count:6 - EPollPoller.cc:34
2025/08/05 15:28:032042 DEBUG timeout! - EPollPoller.cc:62
2025/08/05 15:28:032084 INFO  fd total count:1 - EPollPoller.cc:34
2025/08/05 15:28:060763 DEBUG timeout! - EPollPoller.cc:62
2025/08/05 15:28:060790 INFO  fd total count:1 - EPollPoller.cc:34
2025/08/05 15:28:066494 DEBUG timeout! - EPollPoller.cc:62
2025/08/05 15:28:066514 INFO  fd total count:1 - EPollPoller.cc:34
2025/08/05 15:28:345203 DEBUG timeout! - EPollPoller.cc:62
2025/08/05 15:28:345234 INFO  fd total count:2 - EPollPoller.cc:34
2025/08/05 15:28:267746 DEBUG timeout! - EPollPoller.cc:62
2025/08/05 15:28:267780 INFO  fd total count:6 - EPollPoller.cc:34
2025/08/05 15:28:042151 DEBUG timeout! - EPollPoller.cc:62
2025/08/05 15:28:042215 INFO  fd total count:1 - EPollPoller.cc:34
2025/08/05 15:28:070828 DEBUG timeout! - EPollPoller.cc:62
2025/08/05 15:28:070863 INFO  fd total count:1 - EPollPoller.cc:34
2025/08/05 15:28:076579 DEBUG timeout! - EPollPoller.cc:62
2025/08/05 15:28:076598 INFO  fd total count:1 - EPollPoller.cc:34
2025/08/05 15:28:355269 DEBUG timeout! - EPollPoller.cc:62
2025/08/05 15:28:355300 INFO  fd total count:2 - EPollPoller.cc:34
2025/08/05 15:28:277825 DEBUG timeout! - EPollPoller.cc:62
2025/08/05 15:28:277862 INFO  fd total count:6 - EPollPoller.cc:34
2025/08/05 15:28:052290 DEBUG timeout! - EPollPoller.cc:62
2025/08/05 15:28:052325 INFO  fd total count:1 - EPollPoller.cc:34
2025/08/05 15:28:080901 DEBUG timeout! - EPollPoller.cc:62
2025/08/05 15:28:080927 INFO  fd total count:1 - EPollPoller.cc:34
2025/08/05 15:28:086657 DEBUG timeout! - EPollPoller.cc:62
2025/08/05 15:28:086681 INFO  fd total count:1 - EPollPoller.cc:34
2025/08/05 15:28:365343 DEBUG timeout! - EPollPoller.cc:62
2025/08/05 15:28:365377 INFO  fd total count:2 - EPollPoller.cc:34
2025/08/05 15:28:235178 INFO  events happend1 - EPollPoller.cc:51
2025/08/05 15:28:235237 INFO  channel handleEvent revents:1 - Channel.cc:96
2025/08/05 15:28:235390 INFO  HTTP GET /api/status 从  - Middleware.cc:57
2025/08/05 15:28:235441 INFO  HTTP GET /api/status 响应 200 (0ms) - Middleware.cc:68
2025/08/05 15:28:235585 INFO  fd total count:6 - EPollPoller.cc:34
2025/08/05 15:28:062380 DEBUG timeout! - EPollPoller.cc:62
2025/08/05 15:28:062416 INFO  fd total count:1 - EPollPoller.cc:34
2025/08/05 15:28:090956 DEBUG timeout! - EPollPoller.cc:62
2025/08/05 15:28:090983 INFO  fd total count:1 - EPollPoller.cc:34
2025/08/05 15:28:096739 DEBUG timeout! - EPollPoller.cc:62
2025/08/05 15:28:096760 INFO  fd total count:1 - EPollPoller.cc:34
2025/08/05 15:28:375507 DEBUG timeout! - EPollPoller.cc:62
2025/08/05 15:28:375570 INFO  fd total count:2 - EPollPoller.cc:34
2025/08/05 15:28:245708 DEBUG timeout! - EPollPoller.cc:62
2025/08/05 15:28:245776 INFO  fd total count:6 - EPollPoller.cc:34
2025/08/05 15:28:072471 DEBUG timeout! - EPollPoller.cc:62
2025/08/05 15:28:072505 INFO  fd total count:1 - EPollPoller.cc:34
2025/08/05 15:28:101111 DEBUG timeout! - EPollPoller.cc:62
2025/08/05 15:28:101166 INFO  fd total count:1 - EPollPoller.cc:34
2025/08/05 15:28:106826 DEBUG timeout! - EPollPoller.cc:62
2025/08/05 15:28:106849 INFO  fd total count:1 - EPollPoller.cc:34
2025/08/05 15:28:385633 DEBUG timeout! - EPollPoller.cc:62
2025/08/05 15:28:385664 INFO  fd total count:2 - EPollPoller.cc:34
2025/08/05 15:28:255848 DEBUG timeout! - EPollPoller.cc:62
2025/08/05 15:28:255881 INFO  fd total count:6 - EPollPoller.cc:34
2025/08/05 15:29:082564 DEBUG timeout! - EPollPoller.cc:62
2025/08/05 15:29:082597 INFO  fd total count:1 - EPollPoller.cc:34
2025/08/05 15:29:111229 DEBUG timeout! - EPollPoller.cc:62
2025/08/05 15:29:111284 INFO  fd total count:1 - EPollPoller.cc:34
2025/08/05 15:29:116903 DEBUG timeout! - EPollPoller.cc:62
2025/08/05 15:29:116924 INFO  fd total count:1 - EPollPoller.cc:34
2025/08/05 15:29:395711 DEBUG timeout! - EPollPoller.cc:62
2025/08/05 15:29:395744 INFO  fd total count:2 - EPollPoller.cc:34
2025/08/05 15:29:265922 DEBUG timeout! - EPollPoller.cc:62
2025/08/05 15:29:265954 INFO  fd total count:6 - EPollPoller.cc:34
2025/08/05 15:29:087598 DEBUG timeout! - EPollPoller.cc:62
2025/08/05 15:29:087632 INFO  fd total count:1 - EPollPoller.cc:34
2025/08/05 15:29:121328 DEBUG timeout! - EPollPoller.cc:62
2025/08/05 15:29:121351 INFO  fd total count:1 - EPollPoller.cc:34
2025/08/05 15:29:126968 DEBUG timeout! - EPollPoller.cc:62
2025/08/05 15:29:126993 INFO  fd total count:1 - EPollPoller.cc:34
2025/08/05 15:29:405802 DEBUG timeout! - EPollPoller.cc:62
2025/08/05 15:29:405834 INFO  fd total count:2 - EPollPoller.cc:34
2025/08/05 15:29:275999 DEBUG timeout! - EPollPoller.cc:62
2025/08/05 15:29:276030 INFO  fd total count:6 - EPollPoller.cc:34
2025/08/05 15:29:097682 DEBUG timeout! - EPollPoller.cc:62
2025/08/05 15:29:097713 INFO  fd total count:1 - EPollPoller.cc:34
2025/08/05 15:29:131407 DEBUG timeout! - EPollPoller.cc:62
2025/08/05 15:29:131430 INFO  fd total count:1 - EPollPoller.cc:34
2025/08/05 15:29:137046 DEBUG timeout! - EPollPoller.cc:62
2025/08/05 15:29:137068 INFO  fd total count:1 - EPollPoller.cc:34
2025/08/05 15:29:415899 DEBUG timeout! - EPollPoller.cc:62
2025/08/05 15:29:415932 INFO  fd total count:2 - EPollPoller.cc:34
2025/08/05 15:29:286079 DEBUG timeout! - EPollPoller.cc:62
2025/08/05 15:29:286113 INFO  fd total count:6 - EPollPoller.cc:34
2025/08/05 15:29:107779 DEBUG timeout! - EPollPoller.cc:62
2025/08/05 15:29:107811 INFO  fd total count:1 - EPollPoller.cc:34
2025/08/05 15:29:141479 DEBUG timeout! - EPollPoller.cc:62
2025/08/05 15:29:141502 INFO  fd total count:1 - EPollPoller.cc:34
2025/08/05 15:29:147133 DEBUG timeout! - EPollPoller.cc:62
2025/08/05 15:29:147153 INFO  fd total count:1 - EPollPoller.cc:34
2025/08/05 15:29:422308 DEBUG timeout! - EPollPoller.cc:62
2025/08/05 15:29:422337 INFO  fd total count:2 - EPollPoller.cc:34
2025/08/05 15:29:215611 INFO  events happend1 - EPollPoller.cc:51
2025/08/05 15:29:215638 INFO  channel handleEvent revents:1 - Channel.cc:96
2025/08/05 15:29:215706 INFO  HTTP GET /api/status 从  - Middleware.cc:57
2025/08/05 15:29:215725 INFO  HTTP GET /api/status 响应 200 (0ms) - Middleware.cc:68
2025/08/05 15:29:215776 INFO  fd total count:6 - EPollPoller.cc:34
2025/08/05 15:29:117881 DEBUG timeout! - EPollPoller.cc:62
2025/08/05 15:29:117914 INFO  fd total count:1 - EPollPoller.cc:34
2025/08/05 15:29:151559 DEBUG timeout! - EPollPoller.cc:62
2025/08/05 15:29:151586 INFO  fd total count:1 - EPollPoller.cc:34
2025/08/05 15:29:157218 DEBUG timeout! - EPollPoller.cc:62
2025/08/05 15:29:157247 INFO  fd total count:1 - EPollPoller.cc:34
2025/08/05 15:29:430303 DEBUG timeout! - EPollPoller.cc:62
2025/08/05 15:29:430335 INFO  fd total count:2 - EPollPoller.cc:34
2025/08/05 15:29:225831 DEBUG timeout! - EPollPoller.cc:62
2025/08/05 15:29:225862 INFO  fd total count:6 - EPollPoller.cc:34
2025/08/05 15:29:127955 DEBUG timeout! - EPollPoller.cc:62
2025/08/05 15:29:127987 INFO  fd total count:1 - EPollPoller.cc:34
2025/08/05 15:29:161641 DEBUG timeout! - EPollPoller.cc:62
2025/08/05 15:29:161665 INFO  fd total count:1 - EPollPoller.cc:34
2025/08/05 15:29:167291 DEBUG timeout! - EPollPoller.cc:62
2025/08/05 15:29:167311 INFO  fd total count:1 - EPollPoller.cc:34
2025/08/05 15:29:434339 DEBUG timeout! - EPollPoller.cc:62
2025/08/05 15:29:434401 INFO  fd total count:2 - EPollPoller.cc:34
2025/08/05 15:29:235902 DEBUG timeout! - EPollPoller.cc:62
2025/08/05 15:29:235937 INFO  fd total count:6 - EPollPoller.cc:34
2025/08/05 15:30:138044 DEBUG timeout! - EPollPoller.cc:62
2025/08/05 15:30:138080 INFO  fd total count:1 - EPollPoller.cc:34
2025/08/05 15:30:171719 DEBUG timeout! - EPollPoller.cc:62
2025/08/05 15:30:171744 INFO  fd total count:1 - EPollPoller.cc:34
2025/08/05 15:30:177370 DEBUG timeout! - EPollPoller.cc:62
2025/08/05 15:30:177390 INFO  fd total count:1 - EPollPoller.cc:34
2025/08/05 15:30:444494 DEBUG timeout! - EPollPoller.cc:62
2025/08/05 15:30:444560 INFO  fd total count:2 - EPollPoller.cc:34
2025/08/05 15:30:245986 DEBUG timeout! - EPollPoller.cc:62
2025/08/05 15:30:246019 INFO  fd total count:6 - EPollPoller.cc:34
2025/08/05 15:30:148146 DEBUG timeout! - EPollPoller.cc:62
2025/08/05 15:30:148177 INFO  fd total count:1 - EPollPoller.cc:34
2025/08/05 15:30:181789 DEBUG timeout! - EPollPoller.cc:62
2025/08/05 15:30:181812 INFO  fd total count:1 - EPollPoller.cc:34
2025/08/05 15:30:187435 DEBUG timeout! - EPollPoller.cc:62
2025/08/05 15:30:187455 INFO  fd total count:1 - EPollPoller.cc:34
2025/08/05 15:30:454640 DEBUG timeout! - EPollPoller.cc:62
2025/08/05 15:30:454700 INFO  fd total count:2 - EPollPoller.cc:34
2025/08/05 15:30:256072 DEBUG timeout! - EPollPoller.cc:62
2025/08/05 15:30:256106 INFO  fd total count:6 - EPollPoller.cc:34
2025/08/05 15:30:158226 DEBUG timeout! - EPollPoller.cc:62
2025/08/05 15:30:158268 INFO  fd total count:1 - EPollPoller.cc:34
2025/08/05 15:30:191868 DEBUG timeout! - EPollPoller.cc:62
2025/08/05 15:30:191898 INFO  fd total count:1 - EPollPoller.cc:34
2025/08/05 15:30:197513 DEBUG timeout! - EPollPoller.cc:62
2025/08/05 15:30:197534 INFO  fd total count:1 - EPollPoller.cc:34
2025/08/05 15:30:464776 DEBUG timeout! - EPollPoller.cc:62
2025/08/05 15:30:464807 INFO  fd total count:2 - EPollPoller.cc:34
2025/08/05 15:30:266153 DEBUG timeout! - EPollPoller.cc:62
2025/08/05 15:30:266188 INFO  fd total count:6 - EPollPoller.cc:34
2025/08/05 15:30:168334 DEBUG timeout! - EPollPoller.cc:62
2025/08/05 15:30:168369 INFO  fd total count:1 - EPollPoller.cc:34
2025/08/05 15:30:201933 DEBUG timeout! - EPollPoller.cc:62
2025/08/05 15:30:201957 INFO  fd total count:1 - EPollPoller.cc:34
2025/08/05 15:30:207577 DEBUG timeout! - EPollPoller.cc:62
2025/08/05 15:30:207599 INFO  fd total count:1 - EPollPoller.cc:34
2025/08/05 15:30:474376 DEBUG timeout! - EPollPoller.cc:62
2025/08/05 15:30:474404 INFO  fd total count:2 - EPollPoller.cc:34
2025/08/05 15:30:219540 INFO  events happend1 - EPollPoller.cc:51
2025/08/05 15:30:219574 INFO  channel handleEvent revents:1 - Channel.cc:96
2025/08/05 15:30:219644 INFO  HTTP GET /api/status 从  - Middleware.cc:57
2025/08/05 15:30:219663 INFO  HTTP GET /api/status 响应 200 (0ms) - Middleware.cc:68
2025/08/05 15:30:219717 INFO  fd total count:6 - EPollPoller.cc:34
2025/08/05 15:30:178430 DEBUG timeout! - EPollPoller.cc:62
2025/08/05 15:30:178462 INFO  fd total count:1 - EPollPoller.cc:34
2025/08/05 15:30:212006 DEBUG timeout! - EPollPoller.cc:62
2025/08/05 15:30:212029 INFO  fd total count:1 - EPollPoller.cc:34
2025/08/05 15:30:217659 DEBUG timeout! - EPollPoller.cc:62
2025/08/05 15:30:217681 INFO  fd total count:1 - EPollPoller.cc:34
2025/08/05 15:30:484437 DEBUG timeout! - EPollPoller.cc:62
2025/08/05 15:30:484472 INFO  fd total count:2 - EPollPoller.cc:34
2025/08/05 15:30:229764 DEBUG timeout! - EPollPoller.cc:62
2025/08/05 15:30:229797 INFO  fd total count:6 - EPollPoller.cc:34
2025/08/05 15:30:188508 DEBUG timeout! - EPollPoller.cc:62
2025/08/05 15:30:188539 INFO  fd total count:1 - EPollPoller.cc:34
2025/08/05 15:30:222117 DEBUG timeout! - EPollPoller.cc:62
2025/08/05 15:30:222172 INFO  fd total count:1 - EPollPoller.cc:34
2025/08/05 15:30:227751 DEBUG timeout! - EPollPoller.cc:62
2025/08/05 15:30:227801 INFO  fd total count:1 - EPollPoller.cc:34
2025/08/05 15:30:494509 DEBUG timeout! - EPollPoller.cc:62
2025/08/05 15:30:494545 INFO  fd total count:2 - EPollPoller.cc:34
2025/08/05 15:30:239863 DEBUG timeout! - EPollPoller.cc:62
2025/08/05 15:30:239900 INFO  fd total count:6 - EPollPoller.cc:34
2025/08/05 15:31:198609 DEBUG timeout! - EPollPoller.cc:62
2025/08/05 15:31:198647 INFO  fd total count:1 - EPollPoller.cc:34
2025/08/05 15:31:232253 DEBUG timeout! - EPollPoller.cc:62
2025/08/05 15:31:232305 INFO  fd total count:1 - EPollPoller.cc:34
2025/08/05 15:31:237867 DEBUG timeout! - EPollPoller.cc:62
2025/08/05 15:31:237890 INFO  fd total count:1 - EPollPoller.cc:34
2025/08/05 15:31:504588 DEBUG timeout! - EPollPoller.cc:62
2025/08/05 15:31:504623 INFO  fd total count:2 - EPollPoller.cc:34
2025/08/05 15:31:249962 DEBUG timeout! - EPollPoller.cc:62
2025/08/05 15:31:249998 INFO  fd total count:6 - EPollPoller.cc:34
2025/08/05 15:31:208710 DEBUG timeout! - EPollPoller.cc:62
2025/08/05 15:31:208743 INFO  fd total count:1 - EPollPoller.cc:34
2025/08/05 15:31:234343 DEBUG timeout! - EPollPoller.cc:62
2025/08/05 15:31:234366 INFO  fd total count:1 - EPollPoller.cc:34
2025/08/05 15:31:247951 DEBUG timeout! - EPollPoller.cc:62
2025/08/05 15:31:247970 INFO  fd total count:1 - EPollPoller.cc:34
2025/08/05 15:31:514668 DEBUG timeout! - EPollPoller.cc:62
2025/08/05 15:31:514706 INFO  fd total count:2 - EPollPoller.cc:34
2025/08/05 15:31:260112 DEBUG timeout! - EPollPoller.cc:62
2025/08/05 15:31:260181 INFO  fd total count:6 - EPollPoller.cc:34
2025/08/05 15:31:756354 INFO  events happend1 - EPollPoller.cc:51
2025/08/05 15:31:756383 INFO  channel handleEvent revents:1 - Channel.cc:96
2025/08/05 15:31:756408 INFO  使用一致性哈希选择线程，索引=0 - EventLoopThreadPool.cc:114
2025/08/05 15:31:756415 INFO  TcpServer::newConnection [KamaHttpServer]- new connection [KamaHttpServer-0.0.0.0:8080#7]from %s127.0.0.1:38452 - TcpServer.cc:96
2025/08/05 15:31:756432 INFO  TcpConnection::ctor:[KamaHttpServer-0.0.0.0:8080#7]at fd=21 - TcpConnection.cc:52
2025/08/05 15:31:756463 INFO  fd total count:2 - EPollPoller.cc:34
2025/08/05 15:31:756482 INFO  events happend1 - EPollPoller.cc:51
2025/08/05 15:31:756504 INFO  channel handleEvent revents:1 - Channel.cc:96
2025/08/05 15:31:756517 INFO  func =>fd21events=3index=-1 - EPollPoller.cc:91
2025/08/05 15:31:756537 INFO  New HTTP connection from: 127.0.0.1:38452 - HttpServer.cc:70
2025/08/05 15:31:756545 INFO  fd total count:7 - EPollPoller.cc:34
2025/08/05 15:31:756549 INFO  events happend1 - EPollPoller.cc:51
2025/08/05 15:31:756552 INFO  channel handleEvent revents:1 - Channel.cc:96
2025/08/05 15:31:756599 INFO  HTTP GET / 从  - Middleware.cc:57
2025/08/05 15:31:757838 INFO  events happend1 - EPollPoller.cc:51
2025/08/05 15:31:757847 INFO  channel handleEvent revents:1 - Channel.cc:96
2025/08/05 15:31:757862 INFO  使用一致性哈希选择线程，索引=0 - EventLoopThreadPool.cc:114
2025/08/05 15:31:757866 INFO  TcpServer::newConnection [KamaHttpServer]- new connection [KamaHttpServer-0.0.0.0:8080#8]from %s127.0.0.1:38454 - TcpServer.cc:96
2025/08/05 15:31:757877 INFO  TcpConnection::ctor:[KamaHttpServer-0.0.0.0:8080#8]at fd=27 - TcpConnection.cc:52
2025/08/05 15:31:757891 INFO  fd total count:2 - EPollPoller.cc:34
2025/08/05 15:31:758068 INFO  HTTP GET / 响应 200 (1ms) - Middleware.cc:68
2025/08/05 15:31:758129 INFO  func =>fd27events=3index=-1 - EPollPoller.cc:91
2025/08/05 15:31:758140 INFO  New HTTP connection from: 127.0.0.1:38454 - HttpServer.cc:70
2025/08/05 15:31:758146 INFO  fd total count:8 - EPollPoller.cc:34
2025/08/05 15:31:758149 INFO  events happend1 - EPollPoller.cc:51
2025/08/05 15:31:758152 INFO  channel handleEvent revents:1 - Channel.cc:96
2025/08/05 15:31:758156 INFO  fd total count:8 - EPollPoller.cc:34
2025/08/05 15:31:758630 INFO  events happend1 - EPollPoller.cc:51
2025/08/05 15:31:758635 INFO  channel handleEvent revents:1 - Channel.cc:96
2025/08/05 15:31:758643 INFO  使用一致性哈希选择线程，索引=0 - EventLoopThreadPool.cc:114
2025/08/05 15:31:758647 INFO  TcpServer::newConnection [KamaHttpServer]- new connection [KamaHttpServer-0.0.0.0:8080#9]from %s127.0.0.1:38456 - TcpServer.cc:96
2025/08/05 15:31:758655 INFO  TcpConnection::ctor:[KamaHttpServer-0.0.0.0:8080#9]at fd=24 - TcpConnection.cc:52
2025/08/05 15:31:758673 INFO  fd total count:2 - EPollPoller.cc:34
2025/08/05 15:31:758678 INFO  events happend1 - EPollPoller.cc:51
2025/08/05 15:31:758683 INFO  channel handleEvent revents:1 - Channel.cc:96
2025/08/05 15:31:758688 INFO  func =>fd24events=3index=-1 - EPollPoller.cc:91
2025/08/05 15:31:758694 INFO  New HTTP connection from: 127.0.0.1:38456 - HttpServer.cc:70
2025/08/05 15:31:758699 INFO  fd total count:9 - EPollPoller.cc:34
2025/08/05 15:31:759302 INFO  events happend1 - EPollPoller.cc:51
2025/08/05 15:31:759307 INFO  channel handleEvent revents:1 - Channel.cc:96
2025/08/05 15:31:759316 INFO  使用一致性哈希选择线程，索引=0 - EventLoopThreadPool.cc:114
2025/08/05 15:31:759320 INFO  TcpServer::newConnection [KamaHttpServer]- new connection [KamaHttpServer-0.0.0.0:8080#10]from %s127.0.0.1:38458 - TcpServer.cc:96
2025/08/05 15:31:759328 INFO  TcpConnection::ctor:[KamaHttpServer-0.0.0.0:8080#10]at fd=28 - TcpConnection.cc:52
2025/08/05 15:31:759345 INFO  fd total count:2 - EPollPoller.cc:34
2025/08/05 15:31:759350 INFO  events happend1 - EPollPoller.cc:51
2025/08/05 15:31:759354 INFO  channel handleEvent revents:1 - Channel.cc:96
2025/08/05 15:31:759358 INFO  func =>fd28events=3index=-1 - EPollPoller.cc:91
2025/08/05 15:31:759365 INFO  New HTTP connection from: 127.0.0.1:38458 - HttpServer.cc:70
2025/08/05 15:31:759369 INFO  fd total count:10 - EPollPoller.cc:34
2025/08/05 15:31:761472 INFO  events happend1 - EPollPoller.cc:51
2025/08/05 15:31:761478 INFO  channel handleEvent revents:1 - Channel.cc:96
2025/08/05 15:31:761487 INFO  使用一致性哈希选择线程，索引=0 - EventLoopThreadPool.cc:114
2025/08/05 15:31:761491 INFO  TcpServer::newConnection [KamaHttpServer]- new connection [KamaHttpServer-0.0.0.0:8080#11]from %s127.0.0.1:38460 - TcpServer.cc:96
2025/08/05 15:31:761499 INFO  TcpConnection::ctor:[KamaHttpServer-0.0.0.0:8080#11]at fd=29 - TcpConnection.cc:52
2025/08/05 15:31:761515 INFO  fd total count:2 - EPollPoller.cc:34
2025/08/05 15:31:761520 INFO  events happend1 - EPollPoller.cc:51
2025/08/05 15:31:761526 INFO  channel handleEvent revents:1 - Channel.cc:96
2025/08/05 15:31:761531 INFO  func =>fd29events=3index=-1 - EPollPoller.cc:91
2025/08/05 15:31:761540 INFO  New HTTP connection from: 127.0.0.1:38460 - HttpServer.cc:70
2025/08/05 15:31:761545 INFO  fd total count:11 - EPollPoller.cc:34
2025/08/05 15:31:768926 INFO  events happend1 - EPollPoller.cc:51
2025/08/05 15:31:768937 INFO  channel handleEvent revents:1 - Channel.cc:96
2025/08/05 15:31:768986 INFO  HTTP GET /css/openwebui-style.css 从  - Middleware.cc:57
2025/08/05 15:31:770387 INFO  HTTP GET /css/openwebui-style.css 响应 200 (1ms) - Middleware.cc:68
2025/08/05 15:31:770433 INFO  fd total count:11 - EPollPoller.cc:34
2025/08/05 15:31:770440 INFO  events happend3 - EPollPoller.cc:51
2025/08/05 15:31:770444 INFO  channel handleEvent revents:1 - Channel.cc:96
2025/08/05 15:31:770472 INFO  HTTP GET /js/admin-console.js 从  - Middleware.cc:57
2025/08/05 15:31:771472 INFO  HTTP GET /js/admin-console.js 响应 200 (0ms) - Middleware.cc:68
2025/08/05 15:31:771507 INFO  channel handleEvent revents:1 - Channel.cc:96
2025/08/05 15:31:771531 INFO  HTTP GET /js/openwebui-app.js 从  - Middleware.cc:57
2025/08/05 15:31:773691 INFO  HTTP GET /js/openwebui-app.js 响应 200 (2ms) - Middleware.cc:68
2025/08/05 15:31:773734 INFO  channel handleEvent revents:1 - Channel.cc:96
2025/08/05 15:31:773759 INFO  HTTP GET /css/admin-modal.css 从  - Middleware.cc:57
2025/08/05 15:31:774539 INFO  HTTP GET /css/admin-modal.css 响应 200 (0ms) - Middleware.cc:68
2025/08/05 15:31:774573 INFO  fd total count:11 - EPollPoller.cc:34
2025/08/05 15:31:824035 INFO  events happend1 - EPollPoller.cc:51
2025/08/05 15:31:824048 INFO  channel handleEvent revents:1 - Channel.cc:96
2025/08/05 15:31:824091 INFO  HTTP GET /api/models 从  - Middleware.cc:57
2025/08/05 15:31:824108 INFO  HTTP GET /api/models 响应 200 (0ms) - Middleware.cc:68
2025/08/05 15:31:824145 INFO  fd total count:11 - EPollPoller.cc:34
2025/08/05 15:31:824150 INFO  events happend1 - EPollPoller.cc:51
2025/08/05 15:31:824153 INFO  channel handleEvent revents:1 - Channel.cc:96
2025/08/05 15:31:824174 INFO  HTTP GET /api/status 从  - Middleware.cc:57
2025/08/05 15:31:824186 INFO  HTTP GET /api/status 响应 200 (0ms) - Middleware.cc:68
2025/08/05 15:31:824209 INFO  fd total count:11 - EPollPoller.cc:34
2025/08/05 15:31:218773 DEBUG timeout! - EPollPoller.cc:62
2025/08/05 15:31:218804 INFO  fd total count:1 - EPollPoller.cc:34
2025/08/05 15:31:244426 DEBUG timeout! - EPollPoller.cc:62
2025/08/05 15:31:244451 INFO  fd total count:1 - EPollPoller.cc:34
2025/08/05 15:31:258027 DEBUG timeout! - EPollPoller.cc:62
2025/08/05 15:31:258046 INFO  fd total count:1 - EPollPoller.cc:34
2025/08/05 15:31:771581 DEBUG timeout! - EPollPoller.cc:62
2025/08/05 15:31:771641 INFO  fd total count:2 - EPollPoller.cc:34
2025/08/05 15:31:834270 DEBUG timeout! - EPollPoller.cc:62
2025/08/05 15:31:834304 INFO  fd total count:11 - EPollPoller.cc:34
2025/08/05 15:31:228838 DEBUG timeout! - EPollPoller.cc:62
2025/08/05 15:31:228871 INFO  fd total count:1 - EPollPoller.cc:34
2025/08/05 15:31:254523 DEBUG timeout! - EPollPoller.cc:62
2025/08/05 15:31:254547 INFO  fd total count:1 - EPollPoller.cc:34
2025/08/05 15:31:268089 DEBUG timeout! - EPollPoller.cc:62
2025/08/05 15:31:268109 INFO  fd total count:1 - EPollPoller.cc:34
2025/08/05 15:31:220039 INFO  events happend1 - EPollPoller.cc:51
2025/08/05 15:31:220070 INFO  channel handleEvent revents:1 - Channel.cc:96
2025/08/05 15:31:220144 INFO  HTTP GET /api/status 从  - Middleware.cc:57
2025/08/05 15:31:220164 INFO  HTTP GET /api/status 响应 200 (0ms) - Middleware.cc:68
2025/08/05 15:31:220216 INFO  fd total count:11 - EPollPoller.cc:34
2025/08/05 15:31:945025 INFO  events happend1 - EPollPoller.cc:51
2025/08/05 15:31:945053 INFO  channel handleEvent revents:1 - Channel.cc:96
2025/08/05 15:31:945123 INFO  HTTP GET /admin.html 从  - Middleware.cc:57
2025/08/05 15:31:947679 INFO  HTTP GET /admin.html 响应 200 (2ms) - Middleware.cc:68
2025/08/05 15:31:947802 INFO  fd total count:11 - EPollPoller.cc:34
2025/08/05 15:31:975006 INFO  events happend1 - EPollPoller.cc:51
2025/08/05 15:31:975024 INFO  channel handleEvent revents:1 - Channel.cc:96
2025/08/05 15:31:975073 INFO  HTTP GET /css/openwebui-style.css 从  - Middleware.cc:57
2025/08/05 15:31:976471 INFO  HTTP GET /css/openwebui-style.css 响应 200 (1ms) - Middleware.cc:68
2025/08/05 15:31:976524 INFO  fd total count:11 - EPollPoller.cc:34
2025/08/05 15:31:003440 INFO  events happend1 - EPollPoller.cc:51
2025/08/05 15:31:003457 INFO  channel handleEvent revents:1 - Channel.cc:96
2025/08/05 15:31:003500 INFO  HTTP GET /api/status 从  - Middleware.cc:57
2025/08/05 15:31:003517 INFO  HTTP GET /api/status 响应 200 (0ms) - Middleware.cc:68
2025/08/05 15:31:003555 INFO  fd total count:11 - EPollPoller.cc:34
2025/08/05 15:31:268994 INFO  events happend1 - EPollPoller.cc:51
2025/08/05 15:31:269021 INFO  channel handleEvent revents:1 - Channel.cc:96
2025/08/05 15:31:269047 INFO  使用一致性哈希选择线程，索引=0 - EventLoopThreadPool.cc:114
2025/08/05 15:31:269054 INFO  TcpServer::newConnection [KamaHttpServer]- new connection [KamaHttpServer-0.0.0.0:8080#12]from %s127.0.0.1:38462 - TcpServer.cc:96
2025/08/05 15:31:269069 INFO  TcpConnection::ctor:[KamaHttpServer-0.0.0.0:8080#12]at fd=30 - TcpConnection.cc:52
2025/08/05 15:31:269099 INFO  fd total count:2 - EPollPoller.cc:34
2025/08/05 15:31:269116 INFO  events happend1 - EPollPoller.cc:51
2025/08/05 15:31:269137 INFO  channel handleEvent revents:1 - Channel.cc:96
2025/08/05 15:31:269148 INFO  func =>fd30events=3index=-1 - EPollPoller.cc:91
2025/08/05 15:31:269168 INFO  New HTTP connection from: 127.0.0.1:38462 - HttpServer.cc:70
2025/08/05 15:31:269176 INFO  fd total count:12 - EPollPoller.cc:34
2025/08/05 15:31:238914 DEBUG timeout! - EPollPoller.cc:62
2025/08/05 15:31:238945 INFO  fd total count:1 - EPollPoller.cc:34
2025/08/05 15:31:264612 DEBUG timeout! - EPollPoller.cc:62
2025/08/05 15:31:264636 INFO  fd total count:1 - EPollPoller.cc:34
2025/08/05 15:31:278152 DEBUG timeout! - EPollPoller.cc:62
2025/08/05 15:31:278176 INFO  fd total count:1 - EPollPoller.cc:34
2025/08/05 15:31:323226 INFO  events happend1 - EPollPoller.cc:51
2025/08/05 15:31:323262 INFO  channel handleEvent revents:1 - Channel.cc:96
2025/08/05 15:31:323337 INFO  HTTP GET / 从  - Middleware.cc:57
2025/08/05 15:31:324792 INFO  HTTP GET / 响应 200 (1ms) - Middleware.cc:68
2025/08/05 15:31:324870 INFO  fd total count:12 - EPollPoller.cc:34
2025/08/05 15:31:350085 INFO  events happend1 - EPollPoller.cc:51
2025/08/05 15:31:350104 INFO  channel handleEvent revents:1 - Channel.cc:96
2025/08/05 15:31:350160 INFO  HTTP GET /css/openwebui-style.css 从  - Middleware.cc:57
2025/08/05 15:31:351570 INFO  HTTP GET /css/openwebui-style.css 响应 200 (1ms) - Middleware.cc:68
2025/08/05 15:31:351624 INFO  fd total count:12 - EPollPoller.cc:34
2025/08/05 15:31:351631 INFO  events happend1 - EPollPoller.cc:51
2025/08/05 15:31:351634 INFO  channel handleEvent revents:1 - Channel.cc:96
2025/08/05 15:31:351668 INFO  HTTP GET /css/admin-modal.css 从  - Middleware.cc:57
2025/08/05 15:31:352440 INFO  HTTP GET /css/admin-modal.css 响应 200 (0ms) - Middleware.cc:68
2025/08/05 15:31:352476 INFO  fd total count:12 - EPollPoller.cc:34
2025/08/05 15:31:359662 INFO  events happend1 - EPollPoller.cc:51
2025/08/05 15:31:359677 INFO  channel handleEvent revents:1 - Channel.cc:96
2025/08/05 15:31:359733 INFO  HTTP GET /js/openwebui-app.js 从  - Middleware.cc:57
2025/08/05 15:31:362025 INFO  HTTP GET /js/openwebui-app.js 响应 200 (2ms) - Middleware.cc:68
2025/08/05 15:31:362081 INFO  fd total count:12 - EPollPoller.cc:34
2025/08/05 15:31:362087 INFO  events happend1 - EPollPoller.cc:51
2025/08/05 15:31:362091 INFO  channel handleEvent revents:1 - Channel.cc:96
2025/08/05 15:31:362123 INFO  HTTP GET /js/admin-console.js 从  - Middleware.cc:57
2025/08/05 15:31:363194 INFO  HTTP GET /js/admin-console.js 响应 200 (1ms) - Middleware.cc:68
2025/08/05 15:31:363246 INFO  fd total count:12 - EPollPoller.cc:34
2025/08/05 15:31:376425 INFO  events happend1 - EPollPoller.cc:51
2025/08/05 15:31:376439 INFO  channel handleEvent revents:1 - Channel.cc:96
2025/08/05 15:31:376482 INFO  HTTP GET /api/status 从  - Middleware.cc:57
2025/08/05 15:31:376501 INFO  HTTP GET /api/status 响应 200 (0ms) - Middleware.cc:68
2025/08/05 15:31:376566 INFO  fd total count:12 - EPollPoller.cc:34
2025/08/05 15:31:376574 INFO  events happend1 - EPollPoller.cc:51
2025/08/05 15:31:376577 INFO  channel handleEvent revents:1 - Channel.cc:96
2025/08/05 15:31:376605 INFO  HTTP GET /api/models 从  - Middleware.cc:57
2025/08/05 15:31:376618 INFO  HTTP GET /api/models 响应 200 (0ms) - Middleware.cc:68
2025/08/05 15:31:376638 INFO  fd total count:12 - EPollPoller.cc:34
2025/08/05 15:31:687634 INFO  events happend1 - EPollPoller.cc:51
2025/08/05 15:31:687664 INFO  channel handleEvent revents:1 - Channel.cc:96
2025/08/05 15:31:687691 INFO  使用一致性哈希选择线程，索引=0 - EventLoopThreadPool.cc:114
2025/08/05 15:31:687698 INFO  TcpServer::newConnection [KamaHttpServer]- new connection [KamaHttpServer-0.0.0.0:8080#13]from %s127.0.0.1:38464 - TcpServer.cc:96
2025/08/05 15:31:687716 INFO  TcpConnection::ctor:[KamaHttpServer-0.0.0.0:8080#13]at fd=31 - TcpConnection.cc:52
2025/08/05 15:31:687747 INFO  fd total count:2 - EPollPoller.cc:34
2025/08/05 15:31:687767 INFO  events happend1 - EPollPoller.cc:51
2025/08/05 15:31:687790 INFO  channel handleEvent revents:1 - Channel.cc:96
2025/08/05 15:31:687802 INFO  func =>fd31events=3index=-1 - EPollPoller.cc:91
2025/08/05 15:31:687821 INFO  New HTTP connection from: 127.0.0.1:38464 - HttpServer.cc:70
2025/08/05 15:31:687829 INFO  fd total count:13 - EPollPoller.cc:34
2025/08/05 15:31:703005 INFO  events happend1 - EPollPoller.cc:51
2025/08/05 15:31:703013 INFO  channel handleEvent revents:1 - Channel.cc:96
2025/08/05 15:31:703026 INFO  使用一致性哈希选择线程，索引=0 - EventLoopThreadPool.cc:114
2025/08/05 15:31:703030 INFO  TcpServer::newConnection [KamaHttpServer]- new connection [KamaHttpServer-0.0.0.0:8080#14]from %s127.0.0.1:38466 - TcpServer.cc:96
2025/08/05 15:31:703039 INFO  TcpConnection::ctor:[KamaHttpServer-0.0.0.0:8080#14]at fd=32 - TcpConnection.cc:52
2025/08/05 15:31:703059 INFO  fd total count:2 - EPollPoller.cc:34
2025/08/05 15:31:703095 INFO  events happend1 - EPollPoller.cc:51
2025/08/05 15:31:703114 INFO  channel handleEvent revents:1 - Channel.cc:96
2025/08/05 15:31:703133 INFO  func =>fd32events=3index=-1 - EPollPoller.cc:91
2025/08/05 15:31:703168 INFO  New HTTP connection from: 127.0.0.1:38466 - HttpServer.cc:70
2025/08/05 15:31:703184 INFO  fd total count:14 - EPollPoller.cc:34
2025/08/05 15:31:881572 INFO  events happend1 - EPollPoller.cc:51
2025/08/05 15:31:881605 INFO  channel handleEvent revents:1 - Channel.cc:96
2025/08/05 15:31:881679 INFO  HTTP GET /admin.html 从  - Middleware.cc:57
2025/08/05 15:31:884232 INFO  HTTP GET /admin.html 响应 200 (2ms) - Middleware.cc:68
2025/08/05 15:31:884345 INFO  fd total count:14 - EPollPoller.cc:34
2025/08/05 15:31:884355 INFO  events happend1 - EPollPoller.cc:51
2025/08/05 15:31:884358 INFO  channel handleEvent revents:1 - Channel.cc:96
2025/08/05 15:31:884395 INFO  HTTP GET /status 从  - Middleware.cc:57
2025/08/05 15:31:884425 INFO  HTTP GET /status 响应 404 (0ms) - Middleware.cc:68
2025/08/05 15:31:884458 INFO  fd total count:14 - EPollPoller.cc:34
2025/08/05 15:31:892323 INFO  events happend1 - EPollPoller.cc:51
2025/08/05 15:31:892341 INFO  channel handleEvent revents:1 - Channel.cc:96
2025/08/05 15:31:892401 INFO  HTTP GET /status 从  - Middleware.cc:57
2025/08/05 15:31:892425 INFO  HTTP GET /status 响应 404 (0ms) - Middleware.cc:68
2025/08/05 15:31:892466 INFO  fd total count:14 - EPollPoller.cc:34
2025/08/05 15:31:904183 INFO  events happend1 - EPollPoller.cc:51
2025/08/05 15:31:904196 INFO  channel handleEvent revents:1 - Channel.cc:96
2025/08/05 15:31:904243 INFO  HTTP GET /css/openwebui-style.css 从  - Middleware.cc:57
2025/08/05 15:31:905640 INFO  HTTP GET /css/openwebui-style.css 响应 200 (1ms) - Middleware.cc:68
2025/08/05 15:31:905691 INFO  fd total count:14 - EPollPoller.cc:34
2025/08/05 15:31:922162 INFO  events happend1 - EPollPoller.cc:51
2025/08/05 15:31:922173 INFO  channel handleEvent revents:1 - Channel.cc:96
2025/08/05 15:31:922220 INFO  HTTP GET /api/status 从  - Middleware.cc:57
2025/08/05 15:31:922237 INFO  HTTP GET /api/status 响应 200 (0ms) - Middleware.cc:68
2025/08/05 15:31:922288 INFO  fd total count:14 - EPollPoller.cc:34
2025/08/05 15:31:292220 INFO  events happend1 - EPollPoller.cc:51
2025/08/05 15:31:292249 INFO  channel handleEvent revents:1 - Channel.cc:96
2025/08/05 15:31:292323 INFO  HTTP GET / 从  - Middleware.cc:57
2025/08/05 15:31:293783 INFO  HTTP GET / 响应 200 (1ms) - Middleware.cc:68
2025/08/05 15:31:293852 INFO  fd total count:14 - EPollPoller.cc:34
2025/08/05 15:31:319020 INFO  events happend1 - EPollPoller.cc:51
2025/08/05 15:31:319034 INFO  channel handleEvent revents:1 - Channel.cc:96
2025/08/05 15:31:319085 INFO  HTTP GET /css/openwebui-style.css 从  - Middleware.cc:57
2025/08/05 15:31:320475 INFO  HTTP GET /css/openwebui-style.css 响应 200 (1ms) - Middleware.cc:68
2025/08/05 15:31:320526 INFO  fd total count:14 - EPollPoller.cc:34
2025/08/05 15:31:320533 INFO  events happend3 - EPollPoller.cc:51
2025/08/05 15:31:320537 INFO  channel handleEvent revents:1 - Channel.cc:96
2025/08/05 15:31:320565 INFO  HTTP GET /css/admin-modal.css 从  - Middleware.cc:57
2025/08/05 15:31:321332 INFO  HTTP GET /css/admin-modal.css 响应 200 (0ms) - Middleware.cc:68
2025/08/05 15:31:321366 INFO  channel handleEvent revents:1 - Channel.cc:96
2025/08/05 15:31:321392 INFO  HTTP GET /js/openwebui-app.js 从  - Middleware.cc:57
2025/08/05 15:31:323600 INFO  HTTP GET /js/openwebui-app.js 响应 200 (2ms) - Middleware.cc:68
2025/08/05 15:31:323658 INFO  channel handleEvent revents:1 - Channel.cc:96
2025/08/05 15:31:323693 INFO  HTTP GET /js/admin-console.js 从  - Middleware.cc:57
2025/08/05 15:31:324800 INFO  HTTP GET /js/admin-console.js 响应 200 (1ms) - Middleware.cc:68
2025/08/05 15:31:324841 INFO  fd total count:14 - EPollPoller.cc:34
2025/08/05 15:31:372231 INFO  events happend1 - EPollPoller.cc:51
2025/08/05 15:31:372239 INFO  channel handleEvent revents:1 - Channel.cc:96
2025/08/05 15:31:372280 INFO  HTTP GET /api/models 从  - Middleware.cc:57
2025/08/05 15:31:372296 INFO  HTTP GET /api/models 响应 200 (0ms) - Middleware.cc:68
2025/08/05 15:31:372328 INFO  fd total count:14 - EPollPoller.cc:34
2025/08/05 15:31:372400 INFO  events happend1 - EPollPoller.cc:51
2025/08/05 15:31:372404 INFO  channel handleEvent revents:1 - Channel.cc:96
2025/08/05 15:31:372429 INFO  HTTP GET /api/status 从  - Middleware.cc:57
2025/08/05 15:31:372442 INFO  HTTP GET /api/status 响应 200 (0ms) - Middleware.cc:68
2025/08/05 15:31:372467 INFO  fd total count:14 - EPollPoller.cc:34
2025/08/05 15:31:249017 DEBUG timeout! - EPollPoller.cc:62
2025/08/05 15:31:249078 INFO  fd total count:1 - EPollPoller.cc:34
2025/08/05 15:31:274679 DEBUG timeout! - EPollPoller.cc:62
2025/08/05 15:31:274703 INFO  fd total count:1 - EPollPoller.cc:34
2025/08/05 15:31:288233 DEBUG timeout! - EPollPoller.cc:62
2025/08/05 15:31:288257 INFO  fd total count:1 - EPollPoller.cc:34
2025/08/05 15:31:302653 INFO  events happend1 - EPollPoller.cc:51
2025/08/05 15:31:302671 INFO  channel handleEvent revents:1 - Channel.cc:96
2025/08/05 15:31:302695 INFO  使用一致性哈希选择线程，索引=0 - EventLoopThreadPool.cc:114
2025/08/05 15:31:302703 INFO  TcpServer::newConnection [KamaHttpServer]- new connection [KamaHttpServer-0.0.0.0:8080#15]from %s127.0.0.1:38468 - TcpServer.cc:96
2025/08/05 15:31:302718 INFO  TcpConnection::ctor:[KamaHttpServer-0.0.0.0:8080#15]at fd=33 - TcpConnection.cc:52
2025/08/05 15:31:302751 INFO  fd total count:2 - EPollPoller.cc:34
2025/08/05 15:31:302781 INFO  events happend1 - EPollPoller.cc:51
2025/08/05 15:31:302800 INFO  channel handleEvent revents:1 - Channel.cc:96
2025/08/05 15:31:302812 INFO  func =>fd33events=3index=-1 - EPollPoller.cc:91
2025/08/05 15:31:302837 INFO  New HTTP connection from: 127.0.0.1:38468 - HttpServer.cc:70
2025/08/05 15:31:302844 INFO  fd total count:15 - EPollPoller.cc:34
2025/08/05 15:31:302848 INFO  events happend1 - EPollPoller.cc:51
2025/08/05 15:31:302851 INFO  channel handleEvent revents:1 - Channel.cc:96
2025/08/05 15:31:302887 INFO  HTTP GET / 从  - Middleware.cc:57
2025/08/05 15:31:304331 INFO  HTTP GET / 响应 200 (1ms) - Middleware.cc:68
2025/08/05 15:31:304390 INFO  fd total count:15 - EPollPoller.cc:34
2025/08/05 15:31:304470 INFO  events happend1 - EPollPoller.cc:51
2025/08/05 15:31:304474 INFO  channel handleEvent revents:1 - Channel.cc:96
2025/08/05 15:31:304482 INFO  TcpConnection::handleClose fd=33state=2 - TcpConnection.cc:258
2025/08/05 15:31:304485 INFO  func =>fd33events=0index=1 - EPollPoller.cc:91
2025/08/05 15:31:304493 INFO  HTTP connection closed: 127.0.0.1:38468 - HttpServer.cc:75
2025/08/05 15:31:304511 INFO  fd total count:15 - EPollPoller.cc:34
2025/08/05 15:31:304524 INFO  events happend1 - EPollPoller.cc:51
2025/08/05 15:31:304531 INFO  channel handleEvent revents:1 - Channel.cc:96
2025/08/05 15:31:304539 INFO  TcpServer::removeConnectionInLoop [KamaHttpServer] - connection %sKamaHttpServer-0.0.0.0:8080#15 - TcpServer.cc:143
2025/08/05 15:31:304554 INFO  fd total count:2 - EPollPoller.cc:34
2025/08/05 15:31:304559 INFO  events happend1 - EPollPoller.cc:51
2025/08/05 15:31:304562 INFO  channel handleEvent revents:1 - Channel.cc:96
2025/08/05 15:31:304568 INFO  removeChannel fd=33 - EPollPoller.cc:132
2025/08/05 15:31:304572 INFO  TcpConnection::dtor[KamaHttpServer-0.0.0.0:8080#15]at fd=33state=0 - TcpConnection.cc:58
2025/08/05 15:31:304603 INFO  fd total count:14 - EPollPoller.cc:34
2025/08/05 15:31:220611 INFO  events happend1 - EPollPoller.cc:51
2025/08/05 15:31:220643 INFO  channel handleEvent revents:1 - Channel.cc:96
2025/08/05 15:31:220711 INFO  HTTP GET /status 从  - Middleware.cc:57
2025/08/05 15:31:220744 INFO  HTTP GET /status 响应 404 (0ms) - Middleware.cc:68
2025/08/05 15:31:220792 INFO  fd total count:14 - EPollPoller.cc:34
2025/08/05 15:31:214149 INFO  events happend1 - EPollPoller.cc:51
2025/08/05 15:31:214176 INFO  channel handleEvent revents:1 - Channel.cc:96
2025/08/05 15:31:214243 INFO  HTTP GET /status 从  - Middleware.cc:57
2025/08/05 15:31:214288 INFO  HTTP GET /status 响应 404 (0ms) - Middleware.cc:68
2025/08/05 15:31:214338 INFO  fd total count:14 - EPollPoller.cc:34
2025/08/05 15:32:259129 DEBUG timeout! - EPollPoller.cc:62
2025/08/05 15:32:259164 INFO  fd total count:1 - EPollPoller.cc:34
2025/08/05 15:32:284778 DEBUG timeout! - EPollPoller.cc:62
2025/08/05 15:32:284802 INFO  fd total count:1 - EPollPoller.cc:34
2025/08/05 15:32:298298 DEBUG timeout! - EPollPoller.cc:62
2025/08/05 15:32:298322 INFO  fd total count:1 - EPollPoller.cc:34
2025/08/05 15:32:314585 DEBUG timeout! - EPollPoller.cc:62
2025/08/05 15:32:314607 INFO  fd total count:2 - EPollPoller.cc:34
2025/08/05 15:32:213933 INFO  events happend1 - EPollPoller.cc:51
2025/08/05 15:32:213963 INFO  channel handleEvent revents:1 - Channel.cc:96
2025/08/05 15:32:214035 INFO  HTTP GET /status 从  - Middleware.cc:57
2025/08/05 15:32:214066 INFO  HTTP GET /status 响应 404 (0ms) - Middleware.cc:68
2025/08/05 15:32:214115 INFO  fd total count:14 - EPollPoller.cc:34
2025/08/05 15:32:226701 INFO  events happend1 - EPollPoller.cc:51
2025/08/05 15:32:226733 INFO  channel handleEvent revents:1 - Channel.cc:96
2025/08/05 15:32:226805 INFO  HTTP GET /status 从  - Middleware.cc:57
2025/08/05 15:32:226836 INFO  HTTP GET /status 响应 404 (0ms) - Middleware.cc:68
2025/08/05 15:32:226886 INFO  fd total count:14 - EPollPoller.cc:34
2025/08/05 15:32:269231 DEBUG timeout! - EPollPoller.cc:62
2025/08/05 15:32:269294 INFO  fd total count:1 - EPollPoller.cc:34
2025/08/05 15:32:294931 DEBUG timeout! - EPollPoller.cc:62
2025/08/05 15:32:294990 INFO  fd total count:1 - EPollPoller.cc:34
2025/08/05 15:32:308379 DEBUG timeout! - EPollPoller.cc:62
2025/08/05 15:32:308411 INFO  fd total count:1 - EPollPoller.cc:34
2025/08/05 15:32:324693 DEBUG timeout! - EPollPoller.cc:62
2025/08/05 15:32:324744 INFO  fd total count:2 - EPollPoller.cc:34
2025/08/05 15:32:212519 INFO  events happend1 - EPollPoller.cc:51
2025/08/05 15:32:212548 INFO  channel handleEvent revents:1 - Channel.cc:96
2025/08/05 15:32:212618 INFO  HTTP GET /status 从  - Middleware.cc:57
2025/08/05 15:32:212647 INFO  HTTP GET /status 响应 404 (0ms) - Middleware.cc:68
2025/08/05 15:32:212701 INFO  fd total count:14 - EPollPoller.cc:34
2025/08/05 15:32:216317 INFO  events happend1 - EPollPoller.cc:51
2025/08/05 15:32:216349 INFO  channel handleEvent revents:1 - Channel.cc:96
2025/08/05 15:32:216421 INFO  HTTP GET /status 从  - Middleware.cc:57
2025/08/05 15:32:216460 INFO  HTTP GET /status 响应 404 (0ms) - Middleware.cc:68
2025/08/05 15:32:216521 INFO  fd total count:14 - EPollPoller.cc:34
2025/08/05 15:32:279338 DEBUG timeout! - EPollPoller.cc:62
2025/08/05 15:32:279371 INFO  fd total count:1 - EPollPoller.cc:34
2025/08/05 15:32:305042 DEBUG timeout! - EPollPoller.cc:62
2025/08/05 15:32:305067 INFO  fd total count:1 - EPollPoller.cc:34
2025/08/05 15:32:318516 DEBUG timeout! - EPollPoller.cc:62
2025/08/05 15:32:318567 INFO  fd total count:1 - EPollPoller.cc:34
2025/08/05 15:32:334787 DEBUG timeout! - EPollPoller.cc:62
2025/08/05 15:32:334807 INFO  fd total count:2 - EPollPoller.cc:34
2025/08/05 15:32:225370 INFO  events happend1 - EPollPoller.cc:51
2025/08/05 15:32:225401 INFO  channel handleEvent revents:1 - Channel.cc:96
2025/08/05 15:32:225473 INFO  HTTP GET /status 从  - Middleware.cc:57
2025/08/05 15:32:225503 INFO  HTTP GET /status 响应 404 (0ms) - Middleware.cc:68
2025/08/05 15:32:225557 INFO  fd total count:14 - EPollPoller.cc:34
2025/08/05 15:32:222677 INFO  events happend1 - EPollPoller.cc:51
2025/08/05 15:32:222711 INFO  channel handleEvent revents:1 - Channel.cc:96
2025/08/05 15:32:222785 INFO  HTTP GET /status 从  - Middleware.cc:57
2025/08/05 15:32:222817 INFO  HTTP GET /status 响应 404 (0ms) - Middleware.cc:68
2025/08/05 15:32:222867 INFO  fd total count:14 - EPollPoller.cc:34
2025/08/05 15:32:289413 DEBUG timeout! - EPollPoller.cc:62
2025/08/05 15:32:289451 INFO  fd total count:1 - EPollPoller.cc:34
2025/08/05 15:32:315141 DEBUG timeout! - EPollPoller.cc:62
2025/08/05 15:32:315167 INFO  fd total count:1 - EPollPoller.cc:34
2025/08/05 15:32:328660 DEBUG timeout! - EPollPoller.cc:62
2025/08/05 15:32:328710 INFO  fd total count:1 - EPollPoller.cc:34
2025/08/05 15:32:344846 DEBUG timeout! - EPollPoller.cc:62
2025/08/05 15:32:344866 INFO  fd total count:2 - EPollPoller.cc:34
2025/08/05 15:32:217125 INFO  events happend1 - EPollPoller.cc:51
2025/08/05 15:32:217155 INFO  channel handleEvent revents:1 - Channel.cc:96
2025/08/05 15:32:217223 INFO  HTTP GET /status 从  - Middleware.cc:57
2025/08/05 15:32:217255 INFO  HTTP GET /status 响应 404 (0ms) - Middleware.cc:68
2025/08/05 15:32:217307 INFO  fd total count:14 - EPollPoller.cc:34
2025/08/05 15:32:219359 INFO  events happend1 - EPollPoller.cc:51
2025/08/05 15:32:219388 INFO  channel handleEvent revents:1 - Channel.cc:96
2025/08/05 15:32:219460 INFO  HTTP GET /status 从  - Middleware.cc:57
2025/08/05 15:32:219490 INFO  HTTP GET /status 响应 404 (0ms) - Middleware.cc:68
2025/08/05 15:32:219543 INFO  fd total count:14 - EPollPoller.cc:34
2025/08/05 15:32:010350 INFO  events happend1 - EPollPoller.cc:51
2025/08/05 15:32:010376 INFO  channel handleEvent revents:1 - Channel.cc:96
2025/08/05 15:32:010403 INFO  使用一致性哈希选择线程，索引=0 - EventLoopThreadPool.cc:114
2025/08/05 15:32:010412 INFO  TcpServer::newConnection [KamaHttpServer]- new connection [KamaHttpServer-0.0.0.0:8080#16]from %s127.0.0.1:38470 - TcpServer.cc:96
2025/08/05 15:32:010430 INFO  TcpConnection::ctor:[KamaHttpServer-0.0.0.0:8080#16]at fd=33 - TcpConnection.cc:52
2025/08/05 15:32:010462 INFO  fd total count:2 - EPollPoller.cc:34
2025/08/05 15:32:010487 INFO  events happend1 - EPollPoller.cc:51
2025/08/05 15:32:010508 INFO  channel handleEvent revents:1 - Channel.cc:96
2025/08/05 15:32:010520 INFO  func =>fd33events=3index=-1 - EPollPoller.cc:91
2025/08/05 15:32:010539 INFO  New HTTP connection from: 127.0.0.1:38470 - HttpServer.cc:70
2025/08/05 15:32:010547 INFO  fd total count:15 - EPollPoller.cc:34
2025/08/05 15:32:010551 INFO  events happend1 - EPollPoller.cc:51
2025/08/05 15:32:010555 INFO  channel handleEvent revents:1 - Channel.cc:96
2025/08/05 15:32:010593 INFO  HTTP GET /status 从  - Middleware.cc:57
2025/08/05 15:32:010623 INFO  HTTP GET /status 响应 404 (0ms) - Middleware.cc:68
2025/08/05 15:32:010667 INFO  fd total count:15 - EPollPoller.cc:34
2025/08/05 15:32:010725 INFO  events happend1 - EPollPoller.cc:51
2025/08/05 15:32:010729 INFO  channel handleEvent revents:1 - Channel.cc:96
2025/08/05 15:32:010735 INFO  TcpConnection::handleClose fd=33state=2 - TcpConnection.cc:258
2025/08/05 15:32:010739 INFO  func =>fd33events=0index=1 - EPollPoller.cc:91
2025/08/05 15:32:010746 INFO  HTTP connection closed: 127.0.0.1:38470 - HttpServer.cc:75
2025/08/05 15:32:010763 INFO  fd total count:15 - EPollPoller.cc:34
2025/08/05 15:32:010769 INFO  events happend1 - EPollPoller.cc:51
2025/08/05 15:32:010772 INFO  channel handleEvent revents:1 - Channel.cc:96
2025/08/05 15:32:010778 INFO  TcpServer::removeConnectionInLoop [KamaHttpServer] - connection %sKamaHttpServer-0.0.0.0:8080#16 - TcpServer.cc:143
2025/08/05 15:32:010790 INFO  fd total count:2 - EPollPoller.cc:34
2025/08/05 15:32:010794 INFO  events happend1 - EPollPoller.cc:51
2025/08/05 15:32:010797 INFO  channel handleEvent revents:1 - Channel.cc:96
2025/08/05 15:32:010803 INFO  removeChannel fd=33 - EPollPoller.cc:132
2025/08/05 15:32:010806 INFO  TcpConnection::dtor[KamaHttpServer-0.0.0.0:8080#16]at fd=33state=0 - TcpConnection.cc:58
2025/08/05 15:32:010838 INFO  fd total count:14 - EPollPoller.cc:34
2025/08/05 15:32:299496 DEBUG timeout! - EPollPoller.cc:62
2025/08/05 15:32:299536 INFO  fd total count:1 - EPollPoller.cc:34
2025/08/05 15:32:325312 DEBUG timeout! - EPollPoller.cc:62
2025/08/05 15:32:325366 INFO  fd total count:1 - EPollPoller.cc:34
2025/08/05 15:32:338779 DEBUG timeout! - EPollPoller.cc:62
2025/08/05 15:32:338802 INFO  fd total count:1 - EPollPoller.cc:34
2025/08/05 15:32:221904 INFO  events happend1 - EPollPoller.cc:51
2025/08/05 15:32:221933 INFO  channel handleEvent revents:1 - Channel.cc:96
2025/08/05 15:32:222001 INFO  HTTP GET /status 从  - Middleware.cc:57
2025/08/05 15:32:222032 INFO  HTTP GET /status 响应 404 (0ms) - Middleware.cc:68
2025/08/05 15:32:222085 INFO  fd total count:14 - EPollPoller.cc:34
2025/08/05 15:32:020821 DEBUG timeout! - EPollPoller.cc:62
2025/08/05 15:32:020851 INFO  fd total count:2 - EPollPoller.cc:34
2025/08/05 15:32:309585 DEBUG timeout! - EPollPoller.cc:62
2025/08/05 15:32:309620 INFO  fd total count:1 - EPollPoller.cc:34
2025/08/05 15:32:335500 DEBUG timeout! - EPollPoller.cc:62
2025/08/05 15:32:335556 INFO  fd total count:1 - EPollPoller.cc:34
2025/08/05 15:32:348872 DEBUG timeout! - EPollPoller.cc:62
2025/08/05 15:32:348894 INFO  fd total count:1 - EPollPoller.cc:34
2025/08/05 15:32:232198 DEBUG timeout! - EPollPoller.cc:62
2025/08/05 15:32:232259 INFO  fd total count:14 - EPollPoller.cc:34
2025/08/05 15:33:026291 DEBUG timeout! - EPollPoller.cc:62
2025/08/05 15:33:026325 INFO  fd total count:2 - EPollPoller.cc:34
2025/08/05 15:33:319660 DEBUG timeout! - EPollPoller.cc:62
2025/08/05 15:33:319690 INFO  fd total count:1 - EPollPoller.cc:34
2025/08/05 15:33:345642 DEBUG timeout! - EPollPoller.cc:62
2025/08/05 15:33:345664 INFO  fd total count:1 - EPollPoller.cc:34
2025/08/05 15:33:358945 DEBUG timeout! - EPollPoller.cc:62
2025/08/05 15:33:358960 INFO  fd total count:1 - EPollPoller.cc:34
2025/08/05 15:33:242315 DEBUG timeout! - EPollPoller.cc:62
2025/08/05 15:33:242345 INFO  fd total count:14 - EPollPoller.cc:34
2025/08/05 15:33:402383 INFO  events happend1 - EPollPoller.cc:51
2025/08/05 15:33:402434 INFO  channel handleEvent revents:1 - Channel.cc:96
2025/08/05 15:33:402485 INFO  使用一致性哈希选择线程，索引=0 - EventLoopThreadPool.cc:114
2025/08/05 15:33:402502 INFO  TcpServer::newConnection [KamaHttpServer]- new connection [KamaHttpServer-0.0.0.0:8080#17]from %s127.0.0.1:38472 - TcpServer.cc:96
2025/08/05 15:33:402539 INFO  TcpConnection::ctor:[KamaHttpServer-0.0.0.0:8080#17]at fd=33 - TcpConnection.cc:52
2025/08/05 15:33:402611 INFO  fd total count:2 - EPollPoller.cc:34
2025/08/05 15:33:402627 INFO  events happend1 - EPollPoller.cc:51
2025/08/05 15:33:402656 INFO  channel handleEvent revents:1 - Channel.cc:96
2025/08/05 15:33:402672 INFO  func =>fd33events=3index=-1 - EPollPoller.cc:91
2025/08/05 15:33:402696 INFO  New HTTP connection from: 127.0.0.1:38472 - HttpServer.cc:70
2025/08/05 15:33:402704 INFO  fd total count:15 - EPollPoller.cc:34
2025/08/05 15:33:402708 INFO  events happend1 - EPollPoller.cc:51
2025/08/05 15:33:402711 INFO  channel handleEvent revents:1 - Channel.cc:96
2025/08/05 15:33:402749 INFO  HTTP GET /api/status 从  - Middleware.cc:57
2025/08/05 15:33:402769 INFO  HTTP GET /api/status 响应 200 (0ms) - Middleware.cc:68
2025/08/05 15:33:402818 INFO  fd total count:15 - EPollPoller.cc:34
2025/08/05 15:33:402880 INFO  events happend1 - EPollPoller.cc:51
2025/08/05 15:33:402884 INFO  channel handleEvent revents:1 - Channel.cc:96
2025/08/05 15:33:402890 INFO  TcpConnection::handleClose fd=33state=2 - TcpConnection.cc:258
2025/08/05 15:33:402894 INFO  func =>fd33events=0index=1 - EPollPoller.cc:91
2025/08/05 15:33:402901 INFO  HTTP connection closed: 127.0.0.1:38472 - HttpServer.cc:75
2025/08/05 15:33:402921 INFO  fd total count:15 - EPollPoller.cc:34
2025/08/05 15:33:402940 INFO  events happend1 - EPollPoller.cc:51
2025/08/05 15:33:402951 INFO  channel handleEvent revents:1 - Channel.cc:96
2025/08/05 15:33:402967 INFO  TcpServer::removeConnectionInLoop [KamaHttpServer] - connection %sKamaHttpServer-0.0.0.0:8080#17 - TcpServer.cc:143
2025/08/05 15:33:403001 INFO  events happend1 - EPollPoller.cc:51
2025/08/05 15:33:403003 INFO  fd total count:2 - EPollPoller.cc:34
2025/08/05 15:33:403006 INFO  channel handleEvent revents:1 - Channel.cc:96
2025/08/05 15:33:403032 INFO  removeChannel fd=33 - EPollPoller.cc:132
2025/08/05 15:33:403036 INFO  TcpConnection::dtor[KamaHttpServer-0.0.0.0:8080#17]at fd=33state=0 - TcpConnection.cc:58
2025/08/05 15:33:403068 INFO  fd total count:14 - EPollPoller.cc:34
2025/08/05 15:33:329730 DEBUG timeout! - EPollPoller.cc:62
2025/08/05 15:33:329763 INFO  fd total count:1 - EPollPoller.cc:34
2025/08/05 15:33:355736 DEBUG timeout! - EPollPoller.cc:62
2025/08/05 15:33:355758 INFO  fd total count:1 - EPollPoller.cc:34
2025/08/05 15:33:369028 DEBUG timeout! - EPollPoller.cc:62
2025/08/05 15:33:369077 INFO  fd total count:1 - EPollPoller.cc:34
2025/08/05 15:33:413059 DEBUG timeout! - EPollPoller.cc:62
2025/08/05 15:33:413091 INFO  fd total count:2 - EPollPoller.cc:34
2025/08/05 15:33:413119 DEBUG timeout! - EPollPoller.cc:62
2025/08/05 15:33:413145 INFO  fd total count:14 - EPollPoller.cc:34
2025/08/05 15:33:339790 DEBUG timeout! - EPollPoller.cc:62
2025/08/05 15:33:339822 INFO  fd total count:1 - EPollPoller.cc:34
2025/08/05 15:33:365821 DEBUG timeout! - EPollPoller.cc:62
2025/08/05 15:33:365849 INFO  fd total count:1 - EPollPoller.cc:34
2025/08/05 15:33:379146 DEBUG timeout! - EPollPoller.cc:62
2025/08/05 15:33:379165 INFO  fd total count:1 - EPollPoller.cc:34
2025/08/05 15:33:423159 DEBUG timeout! - EPollPoller.cc:62
2025/08/05 15:33:423192 INFO  fd total count:2 - EPollPoller.cc:34
2025/08/05 15:33:423209 DEBUG timeout! - EPollPoller.cc:62
2025/08/05 15:33:423234 INFO  fd total count:14 - EPollPoller.cc:34
2025/08/05 15:33:349860 DEBUG timeout! - EPollPoller.cc:62
2025/08/05 15:33:349894 INFO  fd total count:1 - EPollPoller.cc:34
2025/08/05 15:33:375928 DEBUG timeout! - EPollPoller.cc:62
2025/08/05 15:33:375952 INFO  fd total count:1 - EPollPoller.cc:34
2025/08/05 15:33:389200 DEBUG timeout! - EPollPoller.cc:62
2025/08/05 15:33:389221 INFO  fd total count:1 - EPollPoller.cc:34
2025/08/05 15:33:433244 DEBUG timeout! - EPollPoller.cc:62
2025/08/05 15:33:433275 INFO  fd total count:2 - EPollPoller.cc:34
2025/08/05 15:33:433277 DEBUG timeout! - EPollPoller.cc:62
2025/08/05 15:33:433303 INFO  fd total count:14 - EPollPoller.cc:34
2025/08/05 15:33:222099 INFO  events happend1 - EPollPoller.cc:51
2025/08/05 15:33:222131 INFO  channel handleEvent revents:1 - Channel.cc:96
2025/08/05 15:33:222199 INFO  HTTP GET /status 从  - Middleware.cc:57
2025/08/05 15:33:222230 INFO  HTTP GET /status 响应 404 (0ms) - Middleware.cc:68
2025/08/05 15:33:222313 INFO  fd total count:14 - EPollPoller.cc:34
2025/08/05 15:33:359973 DEBUG timeout! - EPollPoller.cc:62
2025/08/05 15:33:360036 INFO  fd total count:1 - EPollPoller.cc:34
2025/08/05 15:33:386036 DEBUG timeout! - EPollPoller.cc:62
2025/08/05 15:33:386059 INFO  fd total count:1 - EPollPoller.cc:34
2025/08/05 15:33:399273 DEBUG timeout! - EPollPoller.cc:62
2025/08/05 15:33:399292 INFO  fd total count:1 - EPollPoller.cc:34
2025/08/05 15:33:443336 DEBUG timeout! - EPollPoller.cc:62
2025/08/05 15:33:443378 INFO  fd total count:2 - EPollPoller.cc:34
2025/08/05 15:33:232362 DEBUG timeout! - EPollPoller.cc:62
2025/08/05 15:33:232398 INFO  fd total count:14 - EPollPoller.cc:34
2025/08/05 15:33:370074 DEBUG timeout! - EPollPoller.cc:62
2025/08/05 15:33:370108 INFO  fd total count:1 - EPollPoller.cc:34
2025/08/05 15:33:396120 DEBUG timeout! - EPollPoller.cc:62
2025/08/05 15:33:396144 INFO  fd total count:1 - EPollPoller.cc:34
2025/08/05 15:33:409317 DEBUG timeout! - EPollPoller.cc:62
2025/08/05 15:33:409342 INFO  fd total count:1 - EPollPoller.cc:34
2025/08/05 15:33:453426 DEBUG timeout! - EPollPoller.cc:62
2025/08/05 15:33:453453 INFO  fd total count:2 - EPollPoller.cc:34
2025/08/05 15:33:242464 DEBUG timeout! - EPollPoller.cc:62
2025/08/05 15:33:242499 INFO  fd total count:14 - EPollPoller.cc:34
2025/08/05 15:34:380151 DEBUG timeout! - EPollPoller.cc:62
2025/08/05 15:34:380183 INFO  fd total count:1 - EPollPoller.cc:34
2025/08/05 15:34:406227 DEBUG timeout! - EPollPoller.cc:62
2025/08/05 15:34:406255 INFO  fd total count:1 - EPollPoller.cc:34
2025/08/05 15:34:419412 DEBUG timeout! - EPollPoller.cc:62
2025/08/05 15:34:419436 INFO  fd total count:1 - EPollPoller.cc:34
2025/08/05 15:34:462320 DEBUG timeout! - EPollPoller.cc:62
2025/08/05 15:34:462354 INFO  fd total count:2 - EPollPoller.cc:34
2025/08/05 15:34:252620 DEBUG timeout! - EPollPoller.cc:62
2025/08/05 15:34:252681 INFO  fd total count:14 - EPollPoller.cc:34
2025/08/05 15:34:387261 DEBUG timeout! - EPollPoller.cc:62
2025/08/05 15:34:387298 INFO  fd total count:1 - EPollPoller.cc:34
2025/08/05 15:34:416304 DEBUG timeout! - EPollPoller.cc:62
2025/08/05 15:34:416330 INFO  fd total count:1 - EPollPoller.cc:34
2025/08/05 15:34:429485 DEBUG timeout! - EPollPoller.cc:62
2025/08/05 15:34:429506 INFO  fd total count:1 - EPollPoller.cc:34
2025/08/05 15:34:472406 DEBUG timeout! - EPollPoller.cc:62
2025/08/05 15:34:472440 INFO  fd total count:2 - EPollPoller.cc:34
2025/08/05 15:34:258315 DEBUG timeout! - EPollPoller.cc:62
2025/08/05 15:34:258348 INFO  fd total count:14 - EPollPoller.cc:34
2025/08/05 15:34:397334 DEBUG timeout! - EPollPoller.cc:62
2025/08/05 15:34:397367 INFO  fd total count:1 - EPollPoller.cc:34
2025/08/05 15:34:426392 DEBUG timeout! - EPollPoller.cc:62
2025/08/05 15:34:426422 INFO  fd total count:1 - EPollPoller.cc:34
2025/08/05 15:34:439563 DEBUG timeout! - EPollPoller.cc:62
2025/08/05 15:34:439592 INFO  fd total count:1 - EPollPoller.cc:34
2025/08/05 15:34:482480 DEBUG timeout! - EPollPoller.cc:62
2025/08/05 15:34:482511 INFO  fd total count:2 - EPollPoller.cc:34
2025/08/05 15:34:268393 DEBUG timeout! - EPollPoller.cc:62
2025/08/05 15:34:268427 INFO  fd total count:14 - EPollPoller.cc:34
2025/08/05 15:34:029331 INFO  events happend1 - EPollPoller.cc:51
2025/08/05 15:34:029357 INFO  channel handleEvent revents:1 - Channel.cc:96
2025/08/05 15:34:029386 INFO  使用一致性哈希选择线程，索引=0 - EventLoopThreadPool.cc:114
2025/08/05 15:34:029394 INFO  TcpServer::newConnection [KamaHttpServer]- new connection [KamaHttpServer-0.0.0.0:8080#18]from %s127.0.0.1:38474 - TcpServer.cc:96
2025/08/05 15:34:029410 INFO  TcpConnection::ctor:[KamaHttpServer-0.0.0.0:8080#18]at fd=33 - TcpConnection.cc:52
2025/08/05 15:34:029441 INFO  fd total count:2 - EPollPoller.cc:34
2025/08/05 15:34:029457 INFO  events happend1 - EPollPoller.cc:51
2025/08/05 15:34:029478 INFO  channel handleEvent revents:1 - Channel.cc:96
2025/08/05 15:34:029490 INFO  func =>fd33events=3index=-1 - EPollPoller.cc:91
2025/08/05 15:34:029510 INFO  New HTTP connection from: 127.0.0.1:38474 - HttpServer.cc:70
2025/08/05 15:34:029518 INFO  fd total count:15 - EPollPoller.cc:34
2025/08/05 15:34:029522 INFO  events happend1 - EPollPoller.cc:51
2025/08/05 15:34:029525 INFO  channel handleEvent revents:1 - Channel.cc:96
2025/08/05 15:34:029561 INFO  HTTP GET /api/admin/database-stats 从  - Middleware.cc:57
2025/08/05 15:34:029618 INFO  返回数据库统计信息 - main_http_modular.cc:479
2025/08/05 15:34:029627 INFO  HTTP GET /api/admin/database-stats 响应 200 (0ms) - Middleware.cc:68
2025/08/05 15:34:029667 INFO  fd total count:15 - EPollPoller.cc:34
2025/08/05 15:34:029732 INFO  events happend1 - EPollPoller.cc:51
2025/08/05 15:34:029735 INFO  channel handleEvent revents:1 - Channel.cc:96
2025/08/05 15:34:029742 INFO  TcpConnection::handleClose fd=33state=2 - TcpConnection.cc:258
2025/08/05 15:34:029745 INFO  func =>fd33events=0index=1 - EPollPoller.cc:91
2025/08/05 15:34:029753 INFO  HTTP connection closed: 127.0.0.1:38474 - HttpServer.cc:75
2025/08/05 15:34:029784 INFO  fd total count:15 - EPollPoller.cc:34
2025/08/05 15:34:029801 INFO  events happend1 - EPollPoller.cc:51
2025/08/05 15:34:029817 INFO  channel handleEvent revents:1 - Channel.cc:96
2025/08/05 15:34:029825 INFO  TcpServer::removeConnectionInLoop [KamaHttpServer] - connection %sKamaHttpServer-0.0.0.0:8080#18 - TcpServer.cc:143
2025/08/05 15:34:029844 INFO  fd total count:2 - EPollPoller.cc:34
2025/08/05 15:34:029847 INFO  events happend1 - EPollPoller.cc:51
2025/08/05 15:34:029851 INFO  channel handleEvent revents:1 - Channel.cc:96
2025/08/05 15:34:029857 INFO  removeChannel fd=33 - EPollPoller.cc:132
2025/08/05 15:34:029860 INFO  TcpConnection::dtor[KamaHttpServer-0.0.0.0:8080#18]at fd=33state=0 - TcpConnection.cc:58
2025/08/05 15:34:029891 INFO  fd total count:14 - EPollPoller.cc:34
2025/08/05 15:34:407402 DEBUG timeout! - EPollPoller.cc:62
2025/08/05 15:34:407434 INFO  fd total count:1 - EPollPoller.cc:34
2025/08/05 15:34:436488 DEBUG timeout! - EPollPoller.cc:62
2025/08/05 15:34:436517 INFO  fd total count:1 - EPollPoller.cc:34
2025/08/05 15:34:449618 DEBUG timeout! - EPollPoller.cc:62
2025/08/05 15:34:449639 INFO  fd total count:1 - EPollPoller.cc:34
2025/08/05 15:34:213090 INFO  events happend1 - EPollPoller.cc:51
2025/08/05 15:34:213120 INFO  channel handleEvent revents:1 - Channel.cc:96
2025/08/05 15:34:213192 INFO  HTTP GET /status 从  - Middleware.cc:57
2025/08/05 15:34:213224 INFO  HTTP GET /status 响应 404 (0ms) - Middleware.cc:68
2025/08/05 15:34:213270 INFO  fd total count:14 - EPollPoller.cc:34
2025/08/05 15:34:039880 DEBUG timeout! - EPollPoller.cc:62
2025/08/05 15:34:039908 INFO  fd total count:2 - EPollPoller.cc:34
2025/08/05 15:34:417487 DEBUG timeout! - EPollPoller.cc:62
2025/08/05 15:34:417549 INFO  fd total count:1 - EPollPoller.cc:34
2025/08/05 15:34:446560 DEBUG timeout! - EPollPoller.cc:62
2025/08/05 15:34:446593 INFO  fd total count:1 - EPollPoller.cc:34
2025/08/05 15:34:459684 DEBUG timeout! - EPollPoller.cc:62
2025/08/05 15:34:459704 INFO  fd total count:1 - EPollPoller.cc:34
2025/08/05 15:34:223377 DEBUG timeout! - EPollPoller.cc:62
2025/08/05 15:34:223439 INFO  fd total count:14 - EPollPoller.cc:34
2025/08/05 15:34:049954 DEBUG timeout! - EPollPoller.cc:62
2025/08/05 15:34:049986 INFO  fd total count:2 - EPollPoller.cc:34
2025/08/05 15:34:418303 DEBUG timeout! - EPollPoller.cc:62
2025/08/05 15:34:418341 INFO  fd total count:1 - EPollPoller.cc:34
2025/08/05 15:34:456640 DEBUG timeout! - EPollPoller.cc:62
2025/08/05 15:34:456667 INFO  fd total count:1 - EPollPoller.cc:34
2025/08/05 15:34:469749 DEBUG timeout! - EPollPoller.cc:62
2025/08/05 15:34:469771 INFO  fd total count:1 - EPollPoller.cc:34
2025/08/05 15:34:584287 INFO  events happend1 - EPollPoller.cc:51
2025/08/05 15:34:584314 INFO  channel handleEvent revents:1 - Channel.cc:96
2025/08/05 15:34:584341 INFO  使用一致性哈希选择线程，索引=0 - EventLoopThreadPool.cc:114
2025/08/05 15:34:584349 INFO  TcpServer::newConnection [KamaHttpServer]- new connection [KamaHttpServer-0.0.0.0:8080#19]from %s127.0.0.1:38476 - TcpServer.cc:96
2025/08/05 15:34:584365 INFO  TcpConnection::ctor:[KamaHttpServer-0.0.0.0:8080#19]at fd=33 - TcpConnection.cc:52
2025/08/05 15:34:584396 INFO  fd total count:2 - EPollPoller.cc:34
2025/08/05 15:34:584408 INFO  events happend1 - EPollPoller.cc:51
2025/08/05 15:34:584429 INFO  channel handleEvent revents:1 - Channel.cc:96
2025/08/05 15:34:584442 INFO  func =>fd33events=3index=-1 - EPollPoller.cc:91
2025/08/05 15:34:584462 INFO  New HTTP connection from: 127.0.0.1:38476 - HttpServer.cc:70
2025/08/05 15:34:584470 INFO  fd total count:15 - EPollPoller.cc:34
2025/08/05 15:34:584475 INFO  events happend1 - EPollPoller.cc:51
2025/08/05 15:34:584479 INFO  channel handleEvent revents:1 - Channel.cc:96
2025/08/05 15:34:584520 INFO  HTTP GET /js/admin-console.js 从  - Middleware.cc:57
2025/08/05 15:34:585676 INFO  HTTP GET /js/admin-console.js 响应 200 (1ms) - Middleware.cc:68
2025/08/05 15:34:585729 INFO  fd total count:15 - EPollPoller.cc:34
2025/08/05 15:34:585806 INFO  events happend1 - EPollPoller.cc:51
2025/08/05 15:34:585811 INFO  channel handleEvent revents:1 - Channel.cc:96
2025/08/05 15:34:585818 INFO  TcpConnection::handleClose fd=33state=2 - TcpConnection.cc:258
2025/08/05 15:34:585822 INFO  func =>fd33events=0index=1 - EPollPoller.cc:91
2025/08/05 15:34:585831 INFO  HTTP connection closed: 127.0.0.1:38476 - HttpServer.cc:75
2025/08/05 15:34:585852 INFO  fd total count:15 - EPollPoller.cc:34
2025/08/05 15:34:585860 INFO  events happend1 - EPollPoller.cc:51
2025/08/05 15:34:585864 INFO  channel handleEvent revents:1 - Channel.cc:96
2025/08/05 15:34:585870 INFO  TcpServer::removeConnectionInLoop [KamaHttpServer] - connection %sKamaHttpServer-0.0.0.0:8080#19 - TcpServer.cc:143
2025/08/05 15:34:585883 INFO  fd total count:2 - EPollPoller.cc:34
2025/08/05 15:34:585888 INFO  events happend1 - EPollPoller.cc:51
2025/08/05 15:34:585892 INFO  channel handleEvent revents:1 - Channel.cc:96
2025/08/05 15:34:585898 INFO  removeChannel fd=33 - EPollPoller.cc:132
2025/08/05 15:34:585902 INFO  TcpConnection::dtor[KamaHttpServer-0.0.0.0:8080#19]at fd=33state=0 - TcpConnection.cc:58
2025/08/05 15:34:585938 INFO  fd total count:14 - EPollPoller.cc:34
2025/08/05 15:35:428375 DEBUG timeout! - EPollPoller.cc:62
2025/08/05 15:35:428408 INFO  fd total count:1 - EPollPoller.cc:34
2025/08/05 15:35:466713 DEBUG timeout! - EPollPoller.cc:62
2025/08/05 15:35:466741 INFO  fd total count:1 - EPollPoller.cc:34
2025/08/05 15:35:479816 DEBUG timeout! - EPollPoller.cc:62
2025/08/05 15:35:479840 INFO  fd total count:1 - EPollPoller.cc:34
2025/08/05 15:35:621937 INFO  events happend1 - EPollPoller.cc:51
2025/08/05 15:35:621961 INFO  channel handleEvent revents:1 - Channel.cc:96
2025/08/05 15:35:622030 INFO  HTTP GET /admin.html 从  - Middleware.cc:57
2025/08/05 15:35:624565 INFO  HTTP GET /admin.html 响应 200 (2ms) - Middleware.cc:68
2025/08/05 15:35:624683 INFO  fd total count:14 - EPollPoller.cc:34
2025/08/05 15:35:624694 INFO  events happend1 - EPollPoller.cc:51
2025/08/05 15:35:624698 INFO  channel handleEvent revents:1 - Channel.cc:96
2025/08/05 15:35:624736 INFO  HTTP GET /status 从  - Middleware.cc:57
2025/08/05 15:35:624757 INFO  HTTP GET /status 响应 404 (0ms) - Middleware.cc:68
2025/08/05 15:35:624779 INFO  fd total count:14 - EPollPoller.cc:34
2025/08/05 15:35:633149 INFO  events happend1 - EPollPoller.cc:51
2025/08/05 15:35:633162 INFO  channel handleEvent revents:1 - Channel.cc:96
2025/08/05 15:35:633207 INFO  HTTP GET /status 从  - Middleware.cc:57
2025/08/05 15:35:633229 INFO  HTTP GET /status 响应 404 (0ms) - Middleware.cc:68
2025/08/05 15:35:633268 INFO  fd total count:14 - EPollPoller.cc:34
2025/08/05 15:35:643395 INFO  events happend1 - EPollPoller.cc:51
2025/08/05 15:35:643406 INFO  channel handleEvent revents:1 - Channel.cc:96
2025/08/05 15:35:643444 INFO  HTTP GET /css/openwebui-style.css 从  - Middleware.cc:57
2025/08/05 15:35:644852 INFO  HTTP GET /css/openwebui-style.css 响应 200 (1ms) - Middleware.cc:68
2025/08/05 15:35:644902 INFO  fd total count:14 - EPollPoller.cc:34
2025/08/05 15:35:661493 INFO  events happend1 - EPollPoller.cc:51
2025/08/05 15:35:661500 INFO  channel handleEvent revents:1 - Channel.cc:96
2025/08/05 15:35:661538 INFO  HTTP GET /api/status 从  - Middleware.cc:57
2025/08/05 15:35:661555 INFO  HTTP GET /api/status 响应 200 (0ms) - Middleware.cc:68
2025/08/05 15:35:661590 INFO  fd total count:14 - EPollPoller.cc:34
2025/08/05 15:35:711645 INFO  events happend1 - EPollPoller.cc:51
2025/08/05 15:35:711674 INFO  channel handleEvent revents:1 - Channel.cc:96
2025/08/05 15:35:711752 INFO  HTTP GET / 从  - Middleware.cc:57
2025/08/05 15:35:713318 INFO  HTTP GET / 响应 200 (1ms) - Middleware.cc:68
2025/08/05 15:35:713391 INFO  fd total count:14 - EPollPoller.cc:34
2025/08/05 15:35:733420 INFO  events happend1 - EPollPoller.cc:51
2025/08/05 15:35:733433 INFO  channel handleEvent revents:1 - Channel.cc:96
2025/08/05 15:35:733485 INFO  HTTP GET /css/openwebui-style.css 从  - Middleware.cc:57
2025/08/05 15:35:734979 INFO  HTTP GET /css/openwebui-style.css 响应 200 (1ms) - Middleware.cc:68
2025/08/05 15:35:735030 INFO  fd total count:14 - EPollPoller.cc:34
2025/08/05 15:35:735039 INFO  events happend2 - EPollPoller.cc:51
2025/08/05 15:35:735042 INFO  channel handleEvent revents:1 - Channel.cc:96
2025/08/05 15:35:735072 INFO  HTTP GET /js/openwebui-app.js 从  - Middleware.cc:57
2025/08/05 15:35:737369 INFO  HTTP GET /js/openwebui-app.js 响应 200 (2ms) - Middleware.cc:68
2025/08/05 15:35:737415 INFO  channel handleEvent revents:1 - Channel.cc:96
2025/08/05 15:35:737452 INFO  HTTP GET /css/admin-modal.css 从  - Middleware.cc:57
2025/08/05 15:35:738299 INFO  HTTP GET /css/admin-modal.css 响应 200 (0ms) - Middleware.cc:68
2025/08/05 15:35:738341 INFO  fd total count:14 - EPollPoller.cc:34
2025/08/05 15:35:738349 INFO  events happend1 - EPollPoller.cc:51
2025/08/05 15:35:738353 INFO  channel handleEvent revents:1 - Channel.cc:96
2025/08/05 15:35:738385 INFO  HTTP GET /js/admin-console.js 从  - Middleware.cc:57
2025/08/05 15:35:739482 INFO  HTTP GET /js/admin-console.js 响应 200 (1ms) - Middleware.cc:68
2025/08/05 15:35:739518 INFO  fd total count:14 - EPollPoller.cc:34
2025/08/05 15:35:750881 INFO  events happend1 - EPollPoller.cc:51
2025/08/05 15:35:750888 INFO  channel handleEvent revents:1 - Channel.cc:96
2025/08/05 15:35:750929 INFO  HTTP GET /api/status 从  - Middleware.cc:57
2025/08/05 15:35:750946 INFO  HTTP GET /api/status 响应 200 (0ms) - Middleware.cc:68
2025/08/05 15:35:750981 INFO  fd total count:14 - EPollPoller.cc:34
2025/08/05 15:35:750988 INFO  events happend1 - EPollPoller.cc:51
2025/08/05 15:35:750992 INFO  channel handleEvent revents:1 - Channel.cc:96
2025/08/05 15:35:751018 INFO  HTTP GET /api/models 从  - Middleware.cc:57
2025/08/05 15:35:751033 INFO  HTTP GET /api/models 响应 200 (0ms) - Middleware.cc:68
2025/08/05 15:35:751061 INFO  fd total count:14 - EPollPoller.cc:34
2025/08/05 15:35:714724 INFO  events happend1 - EPollPoller.cc:51
2025/08/05 15:35:714755 INFO  channel handleEvent revents:1 - Channel.cc:96
2025/08/05 15:35:714834 INFO  HTTP GET / 从  - Middleware.cc:57
2025/08/05 15:35:716284 INFO  HTTP GET / 响应 200 (1ms) - Middleware.cc:68
2025/08/05 15:35:716348 INFO  fd total count:14 - EPollPoller.cc:34
2025/08/05 15:35:735846 INFO  events happend1 - EPollPoller.cc:51
2025/08/05 15:35:735861 INFO  channel handleEvent revents:1 - Channel.cc:96
2025/08/05 15:35:735910 INFO  HTTP GET /css/admin-modal.css 从  - Middleware.cc:57
2025/08/05 15:35:736691 INFO  HTTP GET /css/admin-modal.css 响应 200 (0ms) - Middleware.cc:68
2025/08/05 15:35:736736 INFO  fd total count:14 - EPollPoller.cc:34
2025/08/05 15:35:736743 INFO  events happend3 - EPollPoller.cc:51
2025/08/05 15:35:736746 INFO  channel handleEvent revents:1 - Channel.cc:96
2025/08/05 15:35:736773 INFO  HTTP GET /css/openwebui-style.css 从  - Middleware.cc:57
2025/08/05 15:35:738145 INFO  HTTP GET /css/openwebui-style.css 响应 200 (1ms) - Middleware.cc:68
2025/08/05 15:35:738177 INFO  channel handleEvent revents:1 - Channel.cc:96
2025/08/05 15:35:738203 INFO  HTTP GET /js/admin-console.js 从  - Middleware.cc:57
2025/08/05 15:35:739253 INFO  HTTP GET /js/admin-console.js 响应 200 (1ms) - Middleware.cc:68
2025/08/05 15:35:739286 INFO  channel handleEvent revents:1 - Channel.cc:96
2025/08/05 15:35:739311 INFO  HTTP GET /js/openwebui-app.js 从  - Middleware.cc:57
2025/08/05 15:35:741455 INFO  HTTP GET /js/openwebui-app.js 响应 200 (2ms) - Middleware.cc:68
2025/08/05 15:35:741491 INFO  fd total count:14 - EPollPoller.cc:34
2025/08/05 15:35:751534 INFO  events happend1 - EPollPoller.cc:51
2025/08/05 15:35:751544 INFO  channel handleEvent revents:1 - Channel.cc:96
2025/08/05 15:35:751583 INFO  HTTP GET /api/status 从  - Middleware.cc:57
2025/08/05 15:35:751599 INFO  HTTP GET /api/status 响应 200 (0ms) - Middleware.cc:68
2025/08/05 15:35:751636 INFO  fd total count:14 - EPollPoller.cc:34
2025/08/05 15:35:751641 INFO  events happend1 - EPollPoller.cc:51
2025/08/05 15:35:751644 INFO  channel handleEvent revents:1 - Channel.cc:96
2025/08/05 15:35:751667 INFO  HTTP GET /api/models 从  - Middleware.cc:57
2025/08/05 15:35:751679 INFO  HTTP GET /api/models 响应 200 (0ms) - Middleware.cc:68
2025/08/05 15:35:751701 INFO  fd total count:14 - EPollPoller.cc:34
2025/08/05 15:35:590299 DEBUG timeout! - EPollPoller.cc:62
2025/08/05 15:35:590332 INFO  fd total count:2 - EPollPoller.cc:34
2025/08/05 15:35:671472 INFO  events happend1 - EPollPoller.cc:51
2025/08/05 15:35:671504 INFO  channel handleEvent revents:1 - Channel.cc:96
2025/08/05 15:35:671533 INFO  使用一致性哈希选择线程，索引=0 - EventLoopThreadPool.cc:114
2025/08/05 15:35:671541 INFO  TcpServer::newConnection [KamaHttpServer]- new connection [KamaHttpServer-0.0.0.0:8080#20]from %s127.0.0.1:38478 - TcpServer.cc:96
2025/08/05 15:35:671557 INFO  TcpConnection::ctor:[KamaHttpServer-0.0.0.0:8080#20]at fd=33 - TcpConnection.cc:52
2025/08/05 15:35:671587 INFO  fd total count:2 - EPollPoller.cc:34
2025/08/05 15:35:671599 INFO  events happend1 - EPollPoller.cc:51
2025/08/05 15:35:671621 INFO  channel handleEvent revents:1 - Channel.cc:96
2025/08/05 15:35:671633 INFO  func =>fd33events=3index=-1 - EPollPoller.cc:91
2025/08/05 15:35:671652 INFO  New HTTP connection from: 127.0.0.1:38478 - HttpServer.cc:70
2025/08/05 15:35:671660 INFO  fd total count:15 - EPollPoller.cc:34
2025/08/05 15:35:671664 INFO  events happend1 - EPollPoller.cc:51
2025/08/05 15:35:671667 INFO  channel handleEvent revents:1 - Channel.cc:96
2025/08/05 15:35:671704 INFO  HTTP GET /css/admin-modal.css 从  - Middleware.cc:57
2025/08/05 15:35:672495 INFO  HTTP GET /css/admin-modal.css 响应 200 (0ms) - Middleware.cc:68
2025/08/05 15:35:672543 INFO  fd total count:15 - EPollPoller.cc:34
2025/08/05 15:35:672617 INFO  events happend1 - EPollPoller.cc:51
2025/08/05 15:35:672621 INFO  channel handleEvent revents:1 - Channel.cc:96
2025/08/05 15:35:672628 INFO  TcpConnection::handleClose fd=33state=2 - TcpConnection.cc:258
2025/08/05 15:35:672632 INFO  func =>fd33events=0index=1 - EPollPoller.cc:91
2025/08/05 15:35:672640 INFO  HTTP connection closed: 127.0.0.1:38478 - HttpServer.cc:75
2025/08/05 15:35:672657 INFO  fd total count:15 - EPollPoller.cc:34
2025/08/05 15:35:672663 INFO  events happend1 - EPollPoller.cc:51
2025/08/05 15:35:672667 INFO  channel handleEvent revents:1 - Channel.cc:96
2025/08/05 15:35:672673 INFO  TcpServer::removeConnectionInLoop [KamaHttpServer] - connection %sKamaHttpServer-0.0.0.0:8080#20 - TcpServer.cc:143
2025/08/05 15:35:672686 INFO  fd total count:2 - EPollPoller.cc:34
2025/08/05 15:35:672691 INFO  events happend1 - EPollPoller.cc:51
2025/08/05 15:35:672695 INFO  channel handleEvent revents:1 - Channel.cc:96
2025/08/05 15:35:672700 INFO  removeChannel fd=33 - EPollPoller.cc:132
2025/08/05 15:35:672704 INFO  TcpConnection::dtor[KamaHttpServer-0.0.0.0:8080#20]at fd=33state=0 - TcpConnection.cc:58
2025/08/05 15:35:672735 INFO  fd total count:14 - EPollPoller.cc:34
2025/08/05 15:35:213449 INFO  events happend1 - EPollPoller.cc:51
2025/08/05 15:35:213479 INFO  channel handleEvent revents:1 - Channel.cc:96
2025/08/05 15:35:213551 INFO  HTTP GET /status 从  - Middleware.cc:57
2025/08/05 15:35:213583 INFO  HTTP GET /status 响应 404 (0ms) - Middleware.cc:68
2025/08/05 15:35:213631 INFO  fd total count:14 - EPollPoller.cc:34
2025/08/05 15:35:438501 DEBUG timeout! - EPollPoller.cc:62
2025/08/05 15:35:438563 INFO  fd total count:1 - EPollPoller.cc:34
2025/08/05 15:35:476820 DEBUG timeout! - EPollPoller.cc:62
2025/08/05 15:35:476855 INFO  fd total count:1 - EPollPoller.cc:34
2025/08/05 15:35:486279 DEBUG timeout! - EPollPoller.cc:62
2025/08/05 15:35:486307 INFO  fd total count:1 - EPollPoller.cc:34
2025/08/05 15:35:212628 INFO  events happend1 - EPollPoller.cc:51
2025/08/05 15:35:212659 INFO  channel handleEvent revents:1 - Channel.cc:96
2025/08/05 15:35:212731 INFO  HTTP GET /status 从  - Middleware.cc:57
2025/08/05 15:35:212765 INFO  HTTP GET /status 响应 404 (0ms) - Middleware.cc:68
2025/08/05 15:35:212813 INFO  fd total count:14 - EPollPoller.cc:34
2025/08/05 15:35:678769 DEBUG timeout! - EPollPoller.cc:62
2025/08/05 15:35:678802 INFO  fd total count:2 - EPollPoller.cc:34
2025/08/05 15:35:221781 INFO  events happend1 - EPollPoller.cc:51
2025/08/05 15:35:221812 INFO  channel handleEvent revents:1 - Channel.cc:96
2025/08/05 15:35:221889 INFO  HTTP GET /status 从  - Middleware.cc:57
2025/08/05 15:35:221921 INFO  HTTP GET /status 响应 404 (0ms) - Middleware.cc:68
2025/08/05 15:35:221971 INFO  fd total count:14 - EPollPoller.cc:34
2025/08/05 15:35:448616 DEBUG timeout! - EPollPoller.cc:62
2025/08/05 15:35:448649 INFO  fd total count:1 - EPollPoller.cc:34
2025/08/05 15:35:486967 DEBUG timeout! - EPollPoller.cc:62
2025/08/05 15:35:487018 INFO  fd total count:1 - EPollPoller.cc:34
2025/08/05 15:35:496349 DEBUG timeout! - EPollPoller.cc:62
2025/08/05 15:35:496367 INFO  fd total count:1 - EPollPoller.cc:34
2025/08/05 15:35:224055 INFO  events happend1 - EPollPoller.cc:51
2025/08/05 15:35:224086 INFO  channel handleEvent revents:1 - Channel.cc:96
2025/08/05 15:35:224157 INFO  HTTP GET /status 从  - Middleware.cc:57
2025/08/05 15:35:224186 INFO  HTTP GET /status 响应 404 (0ms) - Middleware.cc:68
2025/08/05 15:35:224230 INFO  fd total count:14 - EPollPoller.cc:34
2025/08/05 15:35:688849 DEBUG timeout! - EPollPoller.cc:62
2025/08/05 15:35:688881 INFO  fd total count:2 - EPollPoller.cc:34
2025/08/05 15:35:896020 INFO  events happend1 - EPollPoller.cc:51
2025/08/05 15:35:896049 INFO  channel handleEvent revents:1 - Channel.cc:96
2025/08/05 15:35:896078 INFO  使用一致性哈希选择线程，索引=0 - EventLoopThreadPool.cc:114
2025/08/05 15:35:896087 INFO  TcpServer::newConnection [KamaHttpServer]- new connection [KamaHttpServer-0.0.0.0:8080#21]from %s127.0.0.1:38480 - TcpServer.cc:96
2025/08/05 15:35:896103 INFO  TcpConnection::ctor:[KamaHttpServer-0.0.0.0:8080#21]at fd=33 - TcpConnection.cc:52
2025/08/05 15:35:896133 INFO  fd total count:2 - EPollPoller.cc:34
2025/08/05 15:35:896145 INFO  events happend1 - EPollPoller.cc:51
2025/08/05 15:35:896168 INFO  channel handleEvent revents:1 - Channel.cc:96
2025/08/05 15:35:896180 INFO  func =>fd33events=3index=-1 - EPollPoller.cc:91
2025/08/05 15:35:896200 INFO  New HTTP connection from: 127.0.0.1:38480 - HttpServer.cc:70
2025/08/05 15:35:896208 INFO  fd total count:15 - EPollPoller.cc:34
2025/08/05 15:35:896212 INFO  events happend1 - EPollPoller.cc:51
2025/08/05 15:35:896215 INFO  channel handleEvent revents:1 - Channel.cc:96
2025/08/05 15:35:896253 INFO  HTTP POST /api/admin/clear-users 从  - Middleware.cc:57
2025/08/05 15:35:896268 INFO  正在清空指定的表:  - DatabaseService.cc:140
2025/08/05 15:35:896272 INFO   - users - DatabaseService.cc:142
2025/08/05 15:35:896822 INFO  所有用户数据已清除 - DatabaseManager.cpp:501
2025/08/05 15:35:896829 INFO  表 users 已清空 - DatabaseService.cc:171
2025/08/05 15:35:896866 INFO  用户注册表清除成功 - main_http_modular.cc:551
2025/08/05 15:35:896875 INFO  HTTP POST /api/admin/clear-users 响应 200 (0ms) - Middleware.cc:68
2025/08/05 15:35:896917 INFO  fd total count:15 - EPollPoller.cc:34
2025/08/05 15:35:896976 INFO  events happend1 - EPollPoller.cc:51
2025/08/05 15:35:896980 INFO  channel handleEvent revents:1 - Channel.cc:96
2025/08/05 15:35:896988 INFO  TcpConnection::handleClose fd=33state=2 - TcpConnection.cc:258
2025/08/05 15:35:896991 INFO  func =>fd33events=0index=1 - EPollPoller.cc:91
2025/08/05 15:35:897000 INFO  HTTP connection closed: 127.0.0.1:38480 - HttpServer.cc:75
2025/08/05 15:35:897017 INFO  fd total count:15 - EPollPoller.cc:34
2025/08/05 15:35:897026 INFO  events happend1 - EPollPoller.cc:51
2025/08/05 15:35:897031 INFO  channel handleEvent revents:1 - Channel.cc:96
2025/08/05 15:35:897038 INFO  TcpServer::removeConnectionInLoop [KamaHttpServer] - connection %sKamaHttpServer-0.0.0.0:8080#21 - TcpServer.cc:143
2025/08/05 15:35:897052 INFO  fd total count:2 - EPollPoller.cc:34
2025/08/05 15:35:897056 INFO  events happend1 - EPollPoller.cc:51
2025/08/05 15:35:897060 INFO  channel handleEvent revents:1 - Channel.cc:96
2025/08/05 15:35:897065 INFO  removeChannel fd=33 - EPollPoller.cc:132
2025/08/05 15:35:897069 INFO  TcpConnection::dtor[KamaHttpServer-0.0.0.0:8080#21]at fd=33state=0 - TcpConnection.cc:58
2025/08/05 15:35:897101 INFO  fd total count:14 - EPollPoller.cc:34
2025/08/05 15:35:216210 INFO  events happend1 - EPollPoller.cc:51
2025/08/05 15:35:216242 INFO  channel handleEvent revents:1 - Channel.cc:96
2025/08/05 15:35:216310 INFO  HTTP GET /status 从  - Middleware.cc:57
2025/08/05 15:35:216340 INFO  HTTP GET /status 响应 404 (0ms) - Middleware.cc:68
2025/08/05 15:35:216387 INFO  fd total count:14 - EPollPoller.cc:34
2025/08/05 15:35:458688 DEBUG timeout! - EPollPoller.cc:62
2025/08/05 15:35:458722 INFO  fd total count:1 - EPollPoller.cc:34
2025/08/05 15:35:497084 DEBUG timeout! - EPollPoller.cc:62
2025/08/05 15:35:497107 INFO  fd total count:1 - EPollPoller.cc:34
2025/08/05 15:35:506392 DEBUG timeout! - EPollPoller.cc:62
2025/08/05 15:35:506413 INFO  fd total count:1 - EPollPoller.cc:34
2025/08/05 15:35:213922 INFO  events happend1 - EPollPoller.cc:51
2025/08/05 15:35:213951 INFO  channel handleEvent revents:1 - Channel.cc:96
2025/08/05 15:35:214022 INFO  HTTP GET /status 从  - Middleware.cc:57
2025/08/05 15:35:214055 INFO  HTTP GET /status 响应 404 (0ms) - Middleware.cc:68
2025/08/05 15:35:214099 INFO  fd total count:14 - EPollPoller.cc:34
2025/08/05 15:35:907084 DEBUG timeout! - EPollPoller.cc:62
2025/08/05 15:35:907117 INFO  fd total count:2 - EPollPoller.cc:34
2025/08/05 15:35:224144 INFO  events happend1 - EPollPoller.cc:51
2025/08/05 15:35:224179 INFO  channel handleEvent revents:1 - Channel.cc:96
2025/08/05 15:35:224258 INFO  HTTP GET /status 从  - Middleware.cc:57
2025/08/05 15:35:224294 INFO  HTTP GET /status 响应 404 (0ms) - Middleware.cc:68
2025/08/05 15:35:224349 INFO  fd total count:14 - EPollPoller.cc:34
2025/08/05 15:35:229061 INFO  events happend1 - EPollPoller.cc:51
2025/08/05 15:35:229068 INFO  channel handleEvent revents:1 - Channel.cc:96
2025/08/05 15:35:229109 INFO  HTTP GET /status 从  - Middleware.cc:57
2025/08/05 15:35:229130 INFO  HTTP GET /status 响应 404 (0ms) - Middleware.cc:68
2025/08/05 15:35:229162 INFO  fd total count:14 - EPollPoller.cc:34
2025/08/05 15:35:468757 DEBUG timeout! - EPollPoller.cc:62
2025/08/05 15:35:468785 INFO  fd total count:1 - EPollPoller.cc:34
2025/08/05 15:35:507183 DEBUG timeout! - EPollPoller.cc:62
2025/08/05 15:35:507205 INFO  fd total count:1 - EPollPoller.cc:34
2025/08/05 15:35:516440 DEBUG timeout! - EPollPoller.cc:62
2025/08/05 15:35:516461 INFO  fd total count:1 - EPollPoller.cc:34
2025/08/05 15:35:220020 INFO  events happend1 - EPollPoller.cc:51
2025/08/05 15:35:220049 INFO  channel handleEvent revents:1 - Channel.cc:96
2025/08/05 15:35:220118 INFO  HTTP GET /status 从  - Middleware.cc:57
2025/08/05 15:35:220149 INFO  HTTP GET /status 响应 404 (0ms) - Middleware.cc:68
2025/08/05 15:35:220197 INFO  fd total count:14 - EPollPoller.cc:34
2025/08/05 15:35:917152 DEBUG timeout! - EPollPoller.cc:62
2025/08/05 15:35:917183 INFO  fd total count:2 - EPollPoller.cc:34
2025/08/05 15:35:221658 INFO  events happend1 - EPollPoller.cc:51
2025/08/05 15:35:221687 INFO  channel handleEvent revents:1 - Channel.cc:96
2025/08/05 15:35:221755 INFO  HTTP GET /status 从  - Middleware.cc:57
2025/08/05 15:35:221787 INFO  HTTP GET /status 响应 404 (0ms) - Middleware.cc:68
2025/08/05 15:35:221832 INFO  fd total count:14 - EPollPoller.cc:34
2025/08/05 15:35:478834 DEBUG timeout! - EPollPoller.cc:62
2025/08/05 15:35:478867 INFO  fd total count:1 - EPollPoller.cc:34
2025/08/05 15:35:517279 DEBUG timeout! - EPollPoller.cc:62
2025/08/05 15:35:517309 INFO  fd total count:1 - EPollPoller.cc:34
2025/08/05 15:35:522308 DEBUG timeout! - EPollPoller.cc:62
2025/08/05 15:35:522326 INFO  fd total count:1 - EPollPoller.cc:34
2025/08/05 15:35:222111 INFO  events happend1 - EPollPoller.cc:51
2025/08/05 15:35:222138 INFO  channel handleEvent revents:1 - Channel.cc:96
2025/08/05 15:35:222207 INFO  HTTP GET /status 从  - Middleware.cc:57
2025/08/05 15:35:222237 INFO  HTTP GET /status 响应 404 (0ms) - Middleware.cc:68
2025/08/05 15:35:222306 INFO  fd total count:14 - EPollPoller.cc:34
2025/08/05 15:35:927232 DEBUG timeout! - EPollPoller.cc:62
2025/08/05 15:35:927272 INFO  fd total count:2 - EPollPoller.cc:34
2025/08/05 15:35:212765 INFO  events happend1 - EPollPoller.cc:51
2025/08/05 15:35:212798 INFO  channel handleEvent revents:1 - Channel.cc:96
2025/08/05 15:35:212872 INFO  HTTP GET /status 从  - Middleware.cc:57
2025/08/05 15:35:212910 INFO  HTTP GET /status 响应 404 (0ms) - Middleware.cc:68
2025/08/05 15:35:212966 INFO  fd total count:14 - EPollPoller.cc:34
2025/08/05 15:36:488923 DEBUG timeout! - EPollPoller.cc:62
2025/08/05 15:36:488961 INFO  fd total count:1 - EPollPoller.cc:34
2025/08/05 15:36:527399 DEBUG timeout! - EPollPoller.cc:62
2025/08/05 15:36:527427 INFO  fd total count:1 - EPollPoller.cc:34
2025/08/05 15:36:532393 DEBUG timeout! - EPollPoller.cc:62
2025/08/05 15:36:532416 INFO  fd total count:1 - EPollPoller.cc:34
2025/08/05 15:36:937342 DEBUG timeout! - EPollPoller.cc:62
2025/08/05 15:36:937402 INFO  fd total count:2 - EPollPoller.cc:34
2025/08/05 15:36:218298 DEBUG timeout! - EPollPoller.cc:62
2025/08/05 15:36:218327 INFO  fd total count:14 - EPollPoller.cc:34
2025/08/05 15:36:499008 DEBUG timeout! - EPollPoller.cc:62
2025/08/05 15:36:499041 INFO  fd total count:1 - EPollPoller.cc:34
2025/08/05 15:36:537506 DEBUG timeout! - EPollPoller.cc:62
2025/08/05 15:36:537536 INFO  fd total count:1 - EPollPoller.cc:34
2025/08/05 15:36:542482 DEBUG timeout! - EPollPoller.cc:62
2025/08/05 15:36:542532 INFO  fd total count:1 - EPollPoller.cc:34
2025/08/05 15:36:947462 DEBUG timeout! - EPollPoller.cc:62
2025/08/05 15:36:947496 INFO  fd total count:2 - EPollPoller.cc:34
2025/08/05 15:36:228379 DEBUG timeout! - EPollPoller.cc:62
2025/08/05 15:36:228409 INFO  fd total count:14 - EPollPoller.cc:34
2025/08/05 15:36:390086 INFO  events happend1 - EPollPoller.cc:51
2025/08/05 15:36:390112 INFO  channel handleEvent revents:1 - Channel.cc:96
2025/08/05 15:36:390181 INFO  HTTP GET /admin.html 从  - Middleware.cc:57
2025/08/05 15:36:392695 INFO  HTTP GET /admin.html 响应 200 (2ms) - Middleware.cc:68
2025/08/05 15:36:392789 INFO  fd total count:14 - EPollPoller.cc:34
2025/08/05 15:36:393490 INFO  events happend1 - EPollPoller.cc:51
2025/08/05 15:36:393498 INFO  channel handleEvent revents:1 - Channel.cc:96
2025/08/05 15:36:393541 INFO  HTTP GET /api/status 从  - Middleware.cc:57
2025/08/05 15:36:393558 INFO  HTTP GET /api/status 响应 200 (0ms) - Middleware.cc:68
2025/08/05 15:36:393589 INFO  fd total count:14 - EPollPoller.cc:34
2025/08/05 15:36:399188 INFO  events happend1 - EPollPoller.cc:51
2025/08/05 15:36:399197 INFO  channel handleEvent revents:1 - Channel.cc:96
2025/08/05 15:36:399233 INFO  HTTP GET /api/status 从  - Middleware.cc:57
2025/08/05 15:36:399246 INFO  HTTP GET /api/status 响应 200 (0ms) - Middleware.cc:68
2025/08/05 15:36:399279 INFO  fd total count:14 - EPollPoller.cc:34
2025/08/05 15:36:413028 INFO  events happend1 - EPollPoller.cc:51
2025/08/05 15:36:413037 INFO  channel handleEvent revents:1 - Channel.cc:96
2025/08/05 15:36:413074 INFO  HTTP GET /css/openwebui-style.css 从  - Middleware.cc:57
2025/08/05 15:36:414477 INFO  HTTP GET /css/openwebui-style.css 响应 200 (1ms) - Middleware.cc:68
2025/08/05 15:36:414519 INFO  fd total count:14 - EPollPoller.cc:34
2025/08/05 15:36:427783 INFO  events happend1 - EPollPoller.cc:51
2025/08/05 15:36:427800 INFO  channel handleEvent revents:1 - Channel.cc:96
2025/08/05 15:36:427844 INFO  HTTP GET /api/status 从  - Middleware.cc:57
2025/08/05 15:36:427860 INFO  HTTP GET /api/status 响应 200 (0ms) - Middleware.cc:68
2025/08/05 15:36:427897 INFO  fd total count:14 - EPollPoller.cc:34
2025/08/05 15:36:506773 DEBUG timeout! - EPollPoller.cc:62
2025/08/05 15:36:506809 INFO  fd total count:1 - EPollPoller.cc:34
2025/08/05 15:36:547586 DEBUG timeout! - EPollPoller.cc:62
2025/08/05 15:36:547613 INFO  fd total count:1 - EPollPoller.cc:34
2025/08/05 15:36:552571 DEBUG timeout! - EPollPoller.cc:62
2025/08/05 15:36:552593 INFO  fd total count:1 - EPollPoller.cc:34
