2025/08/05 14:26:891063 DEBUG EventLoop createdtruein thread675452 - EventLoop.cc:53
2025/08/05 14:26:891113 INFO  func =>fd5events=3index=-1 - EPollPoller.cc:91
2025/08/05 14:26:891362 INFO  成功加载配置文件: config/config.json - ConfigManager.cc:28
2025/08/05 14:26:891703 INFO  成功加载配置文件: config/config.json - ConfigManager.cc:28
2025/08/05 14:26:892113 INFO  配置加载完成: 端口=8080, 线程数=4, LLaMA服务类型=tcp, 数据库类型=mysql, 开发模式=true - main_http_modular.cc:126
2025/08/05 14:26:892125 INFO  添加中间件: LoggingMiddleware - Middleware.cc:17
2025/08/05 14:26:892130 INFO  添加中间件: CorsMiddleware - Middleware.cc:17
2025/08/05 14:26:893525 INFO  尝试连接MySQL - Host: 127.0.0.1, Port: 3306, DB: kama_llm, User: root - DatabaseManager.cpp:86
2025/08/05 14:26:953808 INFO  MySQL连接成功: 127.0.0.1:3306/kama_llm - DatabaseManager.cpp:120
2025/08/05 14:26:958231 INFO  数据库表初始化完成 - DatabaseManager.cpp:230
2025/08/05 14:26:958244 INFO  MySQL数据库初始化成功 - DatabaseManager.cpp:52
2025/08/05 14:26:958249 INFO  数据库服务初始化成功: 127.0.0.1:3306/kama_llm - DatabaseService.cc:58
2025/08/05 14:26:958398 INFO  LLaMA 服务连接成功：127.0.0.1:8899 - LlamaService.cc:29
2025/08/05 14:26:958418 INFO  LLaMA服务连接成功 - main_http_modular.cc:253
2025/08/05 14:26:958438 INFO  Added route: GET /basic - HttpServer.cc:60
2025/08/05 14:26:958446 INFO  Added route: GET /api/models - HttpServer.cc:60
2025/08/05 14:26:958453 INFO  Added route: POST /api/llama/query - HttpServer.cc:60
2025/08/05 14:26:958460 INFO  Added route: GET /api/status - HttpServer.cc:60
2025/08/05 14:26:958466 INFO  Added route: POST /api/admin/clear-cache - HttpServer.cc:60
2025/08/05 14:26:958470 INFO  Added route: POST /api/admin/clear-database - HttpServer.cc:60
2025/08/05 14:26:958474 INFO  Added route: GET /api/admin/database-stats - HttpServer.cc:60
2025/08/05 14:26:958478 INFO  Added route: GET /api/admin/users - HttpServer.cc:60
2025/08/05 14:26:958482 INFO  Added route: POST /api/admin/clear-users - HttpServer.cc:60
2025/08/05 14:26:958486 INFO  Added route: GET /api/conversations - HttpServer.cc:60
2025/08/05 14:26:958496 INFO  启动Kama HTTP服务器, 端口: 8080 - main_http_modular.cc:75
2025/08/05 14:26:958500 INFO  HTTP Server [KamaHttpServer] started on 0.0.0.0:8080 - HttpServer.cc:41
2025/08/05 14:26:958628 DEBUG EventLoop createdtruein thread675455 - EventLoop.cc:53
2025/08/05 14:26:958646 INFO  func =>fd9events=3index=-1 - EPollPoller.cc:91
2025/08/05 14:26:958667 INFO  EventLoop start looping - EventLoop.cc:82
2025/08/05 14:26:958671 INFO  fd total count:1 - EPollPoller.cc:34
2025/08/05 14:26:958813 DEBUG EventLoop createdtruein thread675456 - EventLoop.cc:53
2025/08/05 14:26:958830 INFO  func =>fd11events=3index=-1 - EPollPoller.cc:91
2025/08/05 14:26:958848 INFO  EventLoop start looping - EventLoop.cc:82
2025/08/05 14:26:958851 INFO  fd total count:1 - EPollPoller.cc:34
2025/08/05 14:26:958957 DEBUG EventLoop createdtruein thread675457 - EventLoop.cc:53
2025/08/05 14:26:958973 INFO  func =>fd13events=3index=-1 - EPollPoller.cc:91
2025/08/05 14:26:958991 INFO  EventLoop start looping - EventLoop.cc:82
2025/08/05 14:26:958995 INFO  fd total count:1 - EPollPoller.cc:34
2025/08/05 14:26:959109 DEBUG EventLoop createdtruein thread675458 - EventLoop.cc:53
2025/08/05 14:26:959127 INFO  func =>fd15events=3index=-1 - EPollPoller.cc:91
2025/08/05 14:26:959147 INFO  EventLoop start looping - EventLoop.cc:82
2025/08/05 14:26:959151 INFO  fd total count:1 - EPollPoller.cc:34
2025/08/05 14:26:959162 INFO  func =>fd6events=3index=-1 - EPollPoller.cc:91
2025/08/05 14:26:959229 INFO  EventLoop start looping - EventLoop.cc:82
2025/08/05 14:26:959233 INFO  fd total count:2 - EPollPoller.cc:34
2025/08/05 14:26:959443 INFO  events happend1 - EPollPoller.cc:51
2025/08/05 14:26:959470 INFO  channel handleEvent revents:1 - Channel.cc:96
2025/08/05 14:26:959493 INFO  使用一致性哈希选择线程，索引=0 - EventLoopThreadPool.cc:114
2025/08/05 14:26:959500 INFO  TcpServer::newConnection [KamaHttpServer]- new connection [KamaHttpServer-0.0.0.0:8080#1]from %s127.0.0.1:38216 - TcpServer.cc:96
2025/08/05 14:26:959517 INFO  TcpConnection::ctor:[KamaHttpServer-0.0.0.0:8080#1]at fd=16 - TcpConnection.cc:52
2025/08/05 14:26:959550 INFO  fd total count:2 - EPollPoller.cc:34
2025/08/05 14:26:959560 INFO  events happend1 - EPollPoller.cc:51
2025/08/05 14:26:959582 INFO  channel handleEvent revents:1 - Channel.cc:96
2025/08/05 14:26:959594 INFO  func =>fd16events=3index=-1 - EPollPoller.cc:91
2025/08/05 14:26:959616 INFO  New HTTP connection from: 127.0.0.1:38216 - HttpServer.cc:70
2025/08/05 14:26:959624 INFO  fd total count:2 - EPollPoller.cc:34
2025/08/05 14:26:959628 INFO  events happend1 - EPollPoller.cc:51
2025/08/05 14:26:959631 INFO  channel handleEvent revents:1 - Channel.cc:96
2025/08/05 14:26:959664 INFO  TcpConnection::handleClose fd=16state=2 - TcpConnection.cc:258
2025/08/05 14:26:959667 INFO  func =>fd16events=0index=1 - EPollPoller.cc:91
2025/08/05 14:26:959674 INFO  HTTP connection closed: 127.0.0.1:38216 - HttpServer.cc:75
2025/08/05 14:26:959691 INFO  fd total count:2 - EPollPoller.cc:34
2025/08/05 14:26:959696 INFO  events happend1 - EPollPoller.cc:51
2025/08/05 14:26:959700 INFO  channel handleEvent revents:1 - Channel.cc:96
2025/08/05 14:26:959705 INFO  TcpServer::removeConnectionInLoop [KamaHttpServer] - connection %sKamaHttpServer-0.0.0.0:8080#1 - TcpServer.cc:143
2025/08/05 14:26:959717 INFO  fd total count:2 - EPollPoller.cc:34
2025/08/05 14:26:959723 INFO  events happend1 - EPollPoller.cc:51
2025/08/05 14:26:959726 INFO  channel handleEvent revents:1 - Channel.cc:96
2025/08/05 14:26:959731 INFO  removeChannel fd=16 - EPollPoller.cc:132
2025/08/05 14:26:959734 INFO  TcpConnection::dtor[KamaHttpServer-0.0.0.0:8080#1]at fd=16state=0 - TcpConnection.cc:58
2025/08/05 14:26:959771 INFO  fd total count:1 - EPollPoller.cc:34
2025/08/05 14:26:148594 INFO  events happend1 - EPollPoller.cc:51
2025/08/05 14:26:148620 INFO  channel handleEvent revents:1 - Channel.cc:96
2025/08/05 14:26:148646 INFO  使用一致性哈希选择线程，索引=0 - EventLoopThreadPool.cc:114
2025/08/05 14:26:148653 INFO  TcpServer::newConnection [KamaHttpServer]- new connection [KamaHttpServer-0.0.0.0:8080#2]from %s127.0.0.1:38218 - TcpServer.cc:96
2025/08/05 14:26:148668 INFO  TcpConnection::ctor:[KamaHttpServer-0.0.0.0:8080#2]at fd=16 - TcpConnection.cc:52
2025/08/05 14:26:148708 INFO  fd total count:2 - EPollPoller.cc:34
2025/08/05 14:26:148727 INFO  events happend1 - EPollPoller.cc:51
2025/08/05 14:26:148750 INFO  channel handleEvent revents:1 - Channel.cc:96
2025/08/05 14:26:148762 INFO  func =>fd16events=3index=-1 - EPollPoller.cc:91
2025/08/05 14:26:148780 INFO  New HTTP connection from: 127.0.0.1:38218 - HttpServer.cc:70
2025/08/05 14:26:148788 INFO  fd total count:2 - EPollPoller.cc:34
2025/08/05 14:26:150244 INFO  events happend1 - EPollPoller.cc:51
2025/08/05 14:26:150248 INFO  channel handleEvent revents:1 - Channel.cc:96
2025/08/05 14:26:150268 INFO  使用一致性哈希选择线程，索引=0 - EventLoopThreadPool.cc:114
2025/08/05 14:26:150272 INFO  TcpServer::newConnection [KamaHttpServer]- new connection [KamaHttpServer-0.0.0.0:8080#3]from %s127.0.0.1:38220 - TcpServer.cc:96
2025/08/05 14:26:150281 INFO  TcpConnection::ctor:[KamaHttpServer-0.0.0.0:8080#3]at fd=17 - TcpConnection.cc:52
2025/08/05 14:26:150298 INFO  fd total count:2 - EPollPoller.cc:34
2025/08/05 14:26:150314 INFO  events happend1 - EPollPoller.cc:51
2025/08/05 14:26:150323 INFO  channel handleEvent revents:1 - Channel.cc:96
2025/08/05 14:26:150329 INFO  func =>fd17events=3index=-1 - EPollPoller.cc:91
2025/08/05 14:26:150342 INFO  New HTTP connection from: 127.0.0.1:38220 - HttpServer.cc:70
2025/08/05 14:26:150348 INFO  fd total count:3 - EPollPoller.cc:34
2025/08/05 14:26:150421 INFO  events happend1 - EPollPoller.cc:51
2025/08/05 14:26:150425 INFO  channel handleEvent revents:1 - Channel.cc:96
2025/08/05 14:26:150505 INFO  HTTP GET / 从  - Middleware.cc:57
2025/08/05 14:26:151269 INFO  HTTP GET / 响应 200 (0ms) - Middleware.cc:68
2025/08/05 14:26:151325 INFO  fd total count:3 - EPollPoller.cc:34
2025/08/05 14:26:175293 INFO  events happend1 - EPollPoller.cc:51
2025/08/05 14:26:175310 INFO  channel handleEvent revents:1 - Channel.cc:96
2025/08/05 14:26:175385 INFO  HTTP GET /css/openwebui-style.css 从  - Middleware.cc:57
2025/08/05 14:26:176795 INFO  HTTP GET /css/openwebui-style.css 响应 200 (1ms) - Middleware.cc:68
2025/08/05 14:26:176855 INFO  fd total count:3 - EPollPoller.cc:34
2025/08/05 14:26:176863 INFO  events happend1 - EPollPoller.cc:51
2025/08/05 14:26:176868 INFO  channel handleEvent revents:1 - Channel.cc:96
2025/08/05 14:26:176901 INFO  HTTP GET /js/openwebui-app.js 从  - Middleware.cc:57
2025/08/05 14:26:179099 INFO  HTTP GET /js/openwebui-app.js 响应 200 (2ms) - Middleware.cc:68
2025/08/05 14:26:179148 INFO  fd total count:3 - EPollPoller.cc:34
2025/08/05 14:26:253787 INFO  events happend1 - EPollPoller.cc:51
2025/08/05 14:26:253805 INFO  channel handleEvent revents:1 - Channel.cc:96
2025/08/05 14:26:253853 INFO  HTTP GET /api/status 从  - Middleware.cc:57
2025/08/05 14:26:253871 INFO  HTTP GET /api/status 响应 200 (0ms) - Middleware.cc:68
2025/08/05 14:26:253905 INFO  fd total count:3 - EPollPoller.cc:34
2025/08/05 14:26:253910 INFO  events happend1 - EPollPoller.cc:51
2025/08/05 14:26:253913 INFO  channel handleEvent revents:1 - Channel.cc:96
2025/08/05 14:26:253937 INFO  HTTP GET /api/models 从  - Middleware.cc:57
2025/08/05 14:26:253950 INFO  HTTP GET /api/models 响应 200 (0ms) - Middleware.cc:68
2025/08/05 14:26:253972 INFO  fd total count:3 - EPollPoller.cc:34
2025/08/05 14:26:412651 INFO  events happend1 - EPollPoller.cc:51
2025/08/05 14:26:412673 INFO  channel handleEvent revents:1 - Channel.cc:96
2025/08/05 14:26:412695 INFO  使用一致性哈希选择线程，索引=0 - EventLoopThreadPool.cc:114
2025/08/05 14:26:412702 INFO  TcpServer::newConnection [KamaHttpServer]- new connection [KamaHttpServer-0.0.0.0:8080#4]from %s127.0.0.1:38222 - TcpServer.cc:96
2025/08/05 14:26:412723 INFO  TcpConnection::ctor:[KamaHttpServer-0.0.0.0:8080#4]at fd=18 - TcpConnection.cc:52
2025/08/05 14:26:412751 INFO  fd total count:2 - EPollPoller.cc:34
2025/08/05 14:26:412763 INFO  events happend1 - EPollPoller.cc:51
2025/08/05 14:26:412779 INFO  channel handleEvent revents:1 - Channel.cc:96
2025/08/05 14:26:412789 INFO  func =>fd18events=3index=-1 - EPollPoller.cc:91
2025/08/05 14:26:412805 INFO  New HTTP connection from: 127.0.0.1:38222 - HttpServer.cc:70
2025/08/05 14:26:412813 INFO  fd total count:4 - EPollPoller.cc:34
2025/08/05 14:26:968911 DEBUG timeout! - EPollPoller.cc:62
2025/08/05 14:26:968944 INFO  fd total count:1 - EPollPoller.cc:34
2025/08/05 14:26:969120 DEBUG timeout! - EPollPoller.cc:62
2025/08/05 14:26:969173 INFO  fd total count:1 - EPollPoller.cc:34
2025/08/05 14:26:969215 DEBUG timeout! - EPollPoller.cc:62
2025/08/05 14:26:969234 INFO  fd total count:1 - EPollPoller.cc:34
2025/08/05 14:27:422790 DEBUG timeout! - EPollPoller.cc:62
2025/08/05 14:27:422819 INFO  fd total count:2 - EPollPoller.cc:34
2025/08/05 14:27:422852 DEBUG timeout! - EPollPoller.cc:62
2025/08/05 14:27:422875 INFO  fd total count:4 - EPollPoller.cc:34
2025/08/05 14:27:979011 DEBUG timeout! - EPollPoller.cc:62
2025/08/05 14:27:979045 INFO  fd total count:1 - EPollPoller.cc:34
2025/08/05 14:27:979243 DEBUG timeout! - EPollPoller.cc:62
2025/08/05 14:27:979269 INFO  fd total count:1 - EPollPoller.cc:34
2025/08/05 14:27:979282 DEBUG timeout! - EPollPoller.cc:62
2025/08/05 14:27:979300 INFO  fd total count:1 - EPollPoller.cc:34
2025/08/05 14:27:432855 DEBUG timeout! - EPollPoller.cc:62
2025/08/05 14:27:432890 INFO  fd total count:2 - EPollPoller.cc:34
2025/08/05 14:27:432923 DEBUG timeout! - EPollPoller.cc:62
2025/08/05 14:27:432948 INFO  fd total count:4 - EPollPoller.cc:34
2025/08/05 14:27:989109 DEBUG timeout! - EPollPoller.cc:62
2025/08/05 14:27:989143 INFO  fd total count:1 - EPollPoller.cc:34
2025/08/05 14:27:989329 DEBUG timeout! - EPollPoller.cc:62
2025/08/05 14:27:989354 DEBUG timeout! - EPollPoller.cc:62
2025/08/05 14:27:989355 INFO  fd total count:1 - EPollPoller.cc:34
2025/08/05 14:27:989382 INFO  fd total count:1 - EPollPoller.cc:34
2025/08/05 14:27:645290 INFO  events happend1 - EPollPoller.cc:51
2025/08/05 14:27:645319 INFO  channel handleEvent revents:1 - Channel.cc:96
2025/08/05 14:27:645346 INFO  使用一致性哈希选择线程，索引=0 - EventLoopThreadPool.cc:114
2025/08/05 14:27:645354 INFO  TcpServer::newConnection [KamaHttpServer]- new connection [KamaHttpServer-0.0.0.0:8080#5]from %s127.0.0.1:38224 - TcpServer.cc:96
2025/08/05 14:27:645370 INFO  TcpConnection::ctor:[KamaHttpServer-0.0.0.0:8080#5]at fd=19 - TcpConnection.cc:52
2025/08/05 14:27:645406 INFO  fd total count:2 - EPollPoller.cc:34
2025/08/05 14:27:645422 INFO  events happend1 - EPollPoller.cc:51
2025/08/05 14:27:645443 INFO  channel handleEvent revents:1 - Channel.cc:96
2025/08/05 14:27:645454 INFO  func =>fd19events=3index=-1 - EPollPoller.cc:91
2025/08/05 14:27:645473 INFO  New HTTP connection from: 127.0.0.1:38224 - HttpServer.cc:70
2025/08/05 14:27:645481 INFO  fd total count:5 - EPollPoller.cc:34
2025/08/05 14:27:645485 INFO  events happend1 - EPollPoller.cc:51
2025/08/05 14:27:645488 INFO  channel handleEvent revents:1 - Channel.cc:96
2025/08/05 14:27:645524 INFO  HTTP GET /api/status 从  - Middleware.cc:57
2025/08/05 14:27:645543 INFO  HTTP GET /api/status 响应 200 (0ms) - Middleware.cc:68
2025/08/05 14:27:645589 INFO  fd total count:5 - EPollPoller.cc:34
2025/08/05 14:27:645663 INFO  events happend1 - EPollPoller.cc:51
2025/08/05 14:27:645667 INFO  channel handleEvent revents:1 - Channel.cc:96
2025/08/05 14:27:645673 INFO  TcpConnection::handleClose fd=19state=2 - TcpConnection.cc:258
2025/08/05 14:27:645677 INFO  func =>fd19events=0index=1 - EPollPoller.cc:91
2025/08/05 14:27:645684 INFO  HTTP connection closed: 127.0.0.1:38224 - HttpServer.cc:75
2025/08/05 14:27:645701 INFO  fd total count:5 - EPollPoller.cc:34
2025/08/05 14:27:645713 INFO  events happend1 - EPollPoller.cc:51
2025/08/05 14:27:645719 INFO  channel handleEvent revents:1 - Channel.cc:96
2025/08/05 14:27:645726 INFO  TcpServer::removeConnectionInLoop [KamaHttpServer] - connection %sKamaHttpServer-0.0.0.0:8080#5 - TcpServer.cc:143
2025/08/05 14:27:645740 INFO  fd total count:2 - EPollPoller.cc:34
2025/08/05 14:27:645745 INFO  events happend1 - EPollPoller.cc:51
2025/08/05 14:27:645748 INFO  channel handleEvent revents:1 - Channel.cc:96
2025/08/05 14:27:645754 INFO  removeChannel fd=19 - EPollPoller.cc:132
2025/08/05 14:27:645757 INFO  TcpConnection::dtor[KamaHttpServer-0.0.0.0:8080#5]at fd=19state=0 - TcpConnection.cc:58
2025/08/05 14:27:645794 INFO  fd total count:4 - EPollPoller.cc:34
2025/08/05 14:27:999208 DEBUG timeout! - EPollPoller.cc:62
2025/08/05 14:27:999241 INFO  fd total count:1 - EPollPoller.cc:34
2025/08/05 14:27:999436 DEBUG timeout! - EPollPoller.cc:62
2025/08/05 14:27:999438 DEBUG timeout! - EPollPoller.cc:62
2025/08/05 14:27:999494 INFO  fd total count:1 - EPollPoller.cc:34
2025/08/05 14:27:999471 INFO  fd total count:1 - EPollPoller.cc:34
2025/08/05 14:27:678959 INFO  events happend1 - EPollPoller.cc:51
2025/08/05 14:27:678991 INFO  channel handleEvent revents:1 - Channel.cc:96
2025/08/05 14:27:679063 INFO  HTTP GET / 从  - Middleware.cc:57
2025/08/05 14:27:679807 INFO  HTTP GET / 响应 200 (0ms) - Middleware.cc:68
2025/08/05 14:27:679867 INFO  fd total count:4 - EPollPoller.cc:34
2025/08/05 14:27:707438 INFO  events happend1 - EPollPoller.cc:51
2025/08/05 14:27:707456 INFO  channel handleEvent revents:1 - Channel.cc:96
2025/08/05 14:27:707510 INFO  HTTP GET /css/openwebui-style.css 从  - Middleware.cc:57
2025/08/05 14:27:708896 INFO  HTTP GET /css/openwebui-style.css 响应 200 (1ms) - Middleware.cc:68
2025/08/05 14:27:708957 INFO  fd total count:4 - EPollPoller.cc:34
2025/08/05 14:27:716615 INFO  events happend1 - EPollPoller.cc:51
2025/08/05 14:27:716624 INFO  channel handleEvent revents:1 - Channel.cc:96
2025/08/05 14:27:716666 INFO  HTTP GET /js/openwebui-app.js 从  - Middleware.cc:57
2025/08/05 14:27:718843 INFO  HTTP GET /js/openwebui-app.js 响应 200 (2ms) - Middleware.cc:68
2025/08/05 14:27:718901 INFO  fd total count:4 - EPollPoller.cc:34
2025/08/05 14:27:797796 INFO  events happend1 - EPollPoller.cc:51
2025/08/05 14:27:797816 INFO  channel handleEvent revents:1 - Channel.cc:96
2025/08/05 14:27:797873 INFO  HTTP GET /api/models 从  - Middleware.cc:57
2025/08/05 14:27:797892 INFO  HTTP GET /api/models 响应 200 (0ms) - Middleware.cc:68
2025/08/05 14:27:797934 INFO  fd total count:4 - EPollPoller.cc:34
2025/08/05 14:27:798398 INFO  events happend1 - EPollPoller.cc:51
2025/08/05 14:27:798401 INFO  channel handleEvent revents:1 - Channel.cc:96
2025/08/05 14:27:798429 INFO  HTTP GET /api/status 从  - Middleware.cc:57
2025/08/05 14:27:798443 INFO  HTTP GET /api/status 响应 200 (0ms) - Middleware.cc:68
2025/08/05 14:27:798471 INFO  fd total count:4 - EPollPoller.cc:34
2025/08/05 14:27:321844 INFO  events happend1 - EPollPoller.cc:51
2025/08/05 14:27:321869 INFO  channel handleEvent revents:1 - Channel.cc:96
2025/08/05 14:27:321895 INFO  使用一致性哈希选择线程，索引=0 - EventLoopThreadPool.cc:114
2025/08/05 14:27:321903 INFO  TcpServer::newConnection [KamaHttpServer]- new connection [KamaHttpServer-0.0.0.0:8080#6]from %s127.0.0.1:38226 - TcpServer.cc:96
2025/08/05 14:27:321924 INFO  TcpConnection::ctor:[KamaHttpServer-0.0.0.0:8080#6]at fd=19 - TcpConnection.cc:52
2025/08/05 14:27:321973 INFO  fd total count:2 - EPollPoller.cc:34
2025/08/05 14:27:321986 INFO  events happend1 - EPollPoller.cc:51
2025/08/05 14:27:322004 INFO  channel handleEvent revents:1 - Channel.cc:96
2025/08/05 14:27:322017 INFO  func =>fd19events=3index=-1 - EPollPoller.cc:91
2025/08/05 14:27:322035 INFO  New HTTP connection from: 127.0.0.1:38226 - HttpServer.cc:70
2025/08/05 14:27:322043 INFO  fd total count:5 - EPollPoller.cc:34
2025/08/05 14:27:322047 INFO  events happend1 - EPollPoller.cc:51
2025/08/05 14:27:322050 INFO  channel handleEvent revents:1 - Channel.cc:96
2025/08/05 14:27:322102 INFO  HTTP GET /api/status 从  - Middleware.cc:57
2025/08/05 14:27:322122 INFO  HTTP GET /api/status 响应 200 (0ms) - Middleware.cc:68
2025/08/05 14:27:322168 INFO  fd total count:5 - EPollPoller.cc:34
2025/08/05 14:27:009304 DEBUG timeout! - EPollPoller.cc:62
2025/08/05 14:27:009338 INFO  fd total count:1 - EPollPoller.cc:34
2025/08/05 14:27:009540 DEBUG timeout! - EPollPoller.cc:62
2025/08/05 14:27:009542 DEBUG timeout! - EPollPoller.cc:62
2025/08/05 14:27:009597 INFO  fd total count:1 - EPollPoller.cc:34
2025/08/05 14:27:009575 INFO  fd total count:1 - EPollPoller.cc:34
2025/08/05 14:27:109568 INFO  events happend1 - EPollPoller.cc:51
2025/08/05 14:27:109598 INFO  channel handleEvent revents:1 - Channel.cc:96
2025/08/05 14:27:109664 INFO  HTTP GET /admin.html 从  - Middleware.cc:57
2025/08/05 14:27:111259 INFO  HTTP GET /admin.html 响应 200 (1ms) - Middleware.cc:68
2025/08/05 14:27:111319 INFO  fd total count:5 - EPollPoller.cc:34
2025/08/05 14:27:121176 INFO  events happend1 - EPollPoller.cc:51
2025/08/05 14:27:121186 INFO  channel handleEvent revents:1 - Channel.cc:96
2025/08/05 14:27:121225 INFO  HTTP GET /css/openwebui-style.css 从  - Middleware.cc:57
2025/08/05 14:27:122610 INFO  HTTP GET /css/openwebui-style.css 响应 200 (1ms) - Middleware.cc:68
2025/08/05 14:27:122655 INFO  fd total count:5 - EPollPoller.cc:34
2025/08/05 14:27:134744 INFO  events happend1 - EPollPoller.cc:51
2025/08/05 14:27:134753 INFO  channel handleEvent revents:1 - Channel.cc:96
2025/08/05 14:27:134787 INFO  HTTP GET /api/status 从  - Middleware.cc:57
2025/08/05 14:27:134804 INFO  HTTP GET /api/status 响应 200 (0ms) - Middleware.cc:68
2025/08/05 14:27:134838 INFO  fd total count:5 - EPollPoller.cc:34
2025/08/05 14:27:332029 DEBUG timeout! - EPollPoller.cc:62
2025/08/05 14:27:332062 INFO  fd total count:2 - EPollPoller.cc:34
2025/08/05 14:27:019383 DEBUG timeout! - EPollPoller.cc:62
2025/08/05 14:27:019414 INFO  fd total count:1 - EPollPoller.cc:34
2025/08/05 14:27:019654 DEBUG timeout! - EPollPoller.cc:62
2025/08/05 14:27:019656 DEBUG timeout! - EPollPoller.cc:62
2025/08/05 14:27:019715 INFO  fd total count:1 - EPollPoller.cc:34
2025/08/05 14:27:019689 INFO  fd total count:1 - EPollPoller.cc:34
2025/08/05 14:27:144903 DEBUG timeout! - EPollPoller.cc:62
2025/08/05 14:27:144937 INFO  fd total count:5 - EPollPoller.cc:34
2025/08/05 14:27:342101 DEBUG timeout! - EPollPoller.cc:62
2025/08/05 14:27:342134 INFO  fd total count:2 - EPollPoller.cc:34
2025/08/05 14:27:026286 DEBUG timeout! - EPollPoller.cc:62
2025/08/05 14:27:026292 DEBUG timeout! - EPollPoller.cc:62
2025/08/05 14:27:026324 INFO  fd total count:1 - EPollPoller.cc:34
2025/08/05 14:27:026347 INFO  fd total count:1 - EPollPoller.cc:34
2025/08/05 14:27:029443 DEBUG timeout! - EPollPoller.cc:62
2025/08/05 14:27:029460 INFO  fd total count:1 - EPollPoller.cc:34
2025/08/05 14:28:154979 DEBUG timeout! - EPollPoller.cc:62
2025/08/05 14:28:155021 INFO  fd total count:5 - EPollPoller.cc:34
2025/08/05 14:28:352175 DEBUG timeout! - EPollPoller.cc:62
2025/08/05 14:28:352208 INFO  fd total count:2 - EPollPoller.cc:34
2025/08/05 14:28:036378 DEBUG timeout! - EPollPoller.cc:62
2025/08/05 14:28:036410 INFO  fd total count:1 - EPollPoller.cc:34
2025/08/05 14:28:036466 DEBUG timeout! - EPollPoller.cc:62
2025/08/05 14:28:036516 INFO  fd total count:1 - EPollPoller.cc:34
2025/08/05 14:28:039494 DEBUG timeout! - EPollPoller.cc:62
2025/08/05 14:28:039512 INFO  fd total count:1 - EPollPoller.cc:34
2025/08/05 14:28:147490 INFO  events happend1 - EPollPoller.cc:51
2025/08/05 14:28:147517 INFO  channel handleEvent revents:1 - Channel.cc:96
2025/08/05 14:28:147578 INFO  HTTP GET /api/status 从  - Middleware.cc:57
2025/08/05 14:28:147598 INFO  HTTP GET /api/status 响应 200 (0ms) - Middleware.cc:68
2025/08/05 14:28:147648 INFO  fd total count:5 - EPollPoller.cc:34
2025/08/05 14:28:362273 DEBUG timeout! - EPollPoller.cc:62
2025/08/05 14:28:362306 INFO  fd total count:2 - EPollPoller.cc:34
2025/08/05 14:28:042406 DEBUG timeout! - EPollPoller.cc:62
2025/08/05 14:28:042466 INFO  fd total count:1 - EPollPoller.cc:34
2025/08/05 14:28:046437 DEBUG timeout! - EPollPoller.cc:62
2025/08/05 14:28:046470 INFO  fd total count:1 - EPollPoller.cc:34
2025/08/05 14:28:049587 DEBUG timeout! - EPollPoller.cc:62
2025/08/05 14:28:049634 INFO  fd total count:1 - EPollPoller.cc:34
2025/08/05 14:28:157689 DEBUG timeout! - EPollPoller.cc:62
2025/08/05 14:28:157721 INFO  fd total count:5 - EPollPoller.cc:34
2025/08/05 14:28:895502 INFO  events happend1 - EPollPoller.cc:51
2025/08/05 14:28:895532 INFO  channel handleEvent revents:1 - Channel.cc:96
2025/08/05 14:28:895592 INFO  HTTP GET /test_status.html 从  - Middleware.cc:57
2025/08/05 14:28:895637 INFO  HTTP GET /test_status.html 响应 404 (0ms) - Middleware.cc:68
2025/08/05 14:28:895686 INFO  fd total count:5 - EPollPoller.cc:34
2025/08/05 14:28:372358 DEBUG timeout! - EPollPoller.cc:62
2025/08/05 14:28:372390 INFO  fd total count:2 - EPollPoller.cc:34
2025/08/05 14:28:052518 DEBUG timeout! - EPollPoller.cc:62
2025/08/05 14:28:052551 INFO  fd total count:1 - EPollPoller.cc:34
2025/08/05 14:28:056555 DEBUG timeout! - EPollPoller.cc:62
2025/08/05 14:28:056586 INFO  fd total count:1 - EPollPoller.cc:34
2025/08/05 14:28:059690 DEBUG timeout! - EPollPoller.cc:62
2025/08/05 14:28:059708 INFO  fd total count:1 - EPollPoller.cc:34
2025/08/05 14:28:905725 DEBUG timeout! - EPollPoller.cc:62
2025/08/05 14:28:905756 INFO  fd total count:5 - EPollPoller.cc:34
2025/08/05 14:28:427062 INFO  events happend1 - EPollPoller.cc:51
2025/08/05 14:28:427086 INFO  channel handleEvent revents:1 - Channel.cc:96
2025/08/05 14:28:427110 INFO  使用一致性哈希选择线程，索引=0 - EventLoopThreadPool.cc:114
2025/08/05 14:28:427118 INFO  TcpServer::newConnection [KamaHttpServer]- new connection [KamaHttpServer-0.0.0.0:8080#7]from %s127.0.0.1:38228 - TcpServer.cc:96
2025/08/05 14:28:427133 INFO  TcpConnection::ctor:[KamaHttpServer-0.0.0.0:8080#7]at fd=20 - TcpConnection.cc:52
2025/08/05 14:28:427160 INFO  fd total count:2 - EPollPoller.cc:34
2025/08/05 14:28:427173 INFO  events happend1 - EPollPoller.cc:51
2025/08/05 14:28:427190 INFO  channel handleEvent revents:1 - Channel.cc:96
2025/08/05 14:28:427201 INFO  func =>fd20events=3index=-1 - EPollPoller.cc:91
2025/08/05 14:28:427219 INFO  New HTTP connection from: 127.0.0.1:38228 - HttpServer.cc:70
2025/08/05 14:28:427226 INFO  fd total count:6 - EPollPoller.cc:34
2025/08/05 14:28:427229 INFO  events happend1 - EPollPoller.cc:51
2025/08/05 14:28:427232 INFO  channel handleEvent revents:1 - Channel.cc:96
2025/08/05 14:28:427269 INFO  HTTP GET /api/status 从  - Middleware.cc:57
2025/08/05 14:28:427290 INFO  HTTP GET /api/status 响应 200 (0ms) - Middleware.cc:68
2025/08/05 14:28:427325 INFO  fd total count:6 - EPollPoller.cc:34
2025/08/05 14:28:427422 INFO  events happend1 - EPollPoller.cc:51
2025/08/05 14:28:427426 INFO  channel handleEvent revents:1 - Channel.cc:96
2025/08/05 14:28:427432 INFO  TcpConnection::handleClose fd=20state=2 - TcpConnection.cc:258
2025/08/05 14:28:427435 INFO  func =>fd20events=0index=1 - EPollPoller.cc:91
2025/08/05 14:28:427442 INFO  HTTP connection closed: 127.0.0.1:38228 - HttpServer.cc:75
2025/08/05 14:28:427459 INFO  fd total count:6 - EPollPoller.cc:34
2025/08/05 14:28:427464 INFO  events happend1 - EPollPoller.cc:51
2025/08/05 14:28:427468 INFO  channel handleEvent revents:1 - Channel.cc:96
2025/08/05 14:28:427473 INFO  TcpServer::removeConnectionInLoop [KamaHttpServer] - connection %sKamaHttpServer-0.0.0.0:8080#7 - TcpServer.cc:143
2025/08/05 14:28:427485 INFO  fd total count:2 - EPollPoller.cc:34
2025/08/05 14:28:427490 INFO  events happend1 - EPollPoller.cc:51
2025/08/05 14:28:427493 INFO  channel handleEvent revents:1 - Channel.cc:96
2025/08/05 14:28:427499 INFO  removeChannel fd=20 - EPollPoller.cc:132
2025/08/05 14:28:427502 INFO  TcpConnection::dtor[KamaHttpServer-0.0.0.0:8080#7]at fd=20state=0 - TcpConnection.cc:58
2025/08/05 14:28:427530 INFO  fd total count:5 - EPollPoller.cc:34
2025/08/05 14:28:451328 INFO  events happend1 - EPollPoller.cc:51
2025/08/05 14:28:451346 INFO  channel handleEvent revents:1 - Channel.cc:96
2025/08/05 14:28:451366 INFO  使用一致性哈希选择线程，索引=0 - EventLoopThreadPool.cc:114
2025/08/05 14:28:451373 INFO  TcpServer::newConnection [KamaHttpServer]- new connection [KamaHttpServer-0.0.0.0:8080#8]from %s127.0.0.1:38230 - TcpServer.cc:96
2025/08/05 14:28:451386 INFO  TcpConnection::ctor:[KamaHttpServer-0.0.0.0:8080#8]at fd=20 - TcpConnection.cc:52
2025/08/05 14:28:451410 INFO  fd total count:2 - EPollPoller.cc:34
2025/08/05 14:28:451422 INFO  events happend1 - EPollPoller.cc:51
2025/08/05 14:28:451437 INFO  channel handleEvent revents:1 - Channel.cc:96
2025/08/05 14:28:451447 INFO  func =>fd20events=3index=-1 - EPollPoller.cc:91
2025/08/05 14:28:451461 INFO  New HTTP connection from: 127.0.0.1:38230 - HttpServer.cc:70
2025/08/05 14:28:451468 INFO  fd total count:6 - EPollPoller.cc:34
2025/08/05 14:28:451472 INFO  events happend1 - EPollPoller.cc:51
2025/08/05 14:28:451475 INFO  channel handleEvent revents:1 - Channel.cc:96
2025/08/05 14:28:451505 INFO  HTTP GET /api/status 从  - Middleware.cc:57
2025/08/05 14:28:451522 INFO  HTTP GET /api/status 响应 200 (0ms) - Middleware.cc:68
2025/08/05 14:28:451554 INFO  fd total count:6 - EPollPoller.cc:34
2025/08/05 14:28:451637 INFO  events happend1 - EPollPoller.cc:51
2025/08/05 14:28:451640 INFO  channel handleEvent revents:1 - Channel.cc:96
2025/08/05 14:28:451647 INFO  TcpConnection::handleClose fd=20state=2 - TcpConnection.cc:258
2025/08/05 14:28:451650 INFO  func =>fd20events=0index=1 - EPollPoller.cc:91
2025/08/05 14:28:451657 INFO  HTTP connection closed: 127.0.0.1:38230 - HttpServer.cc:75
2025/08/05 14:28:451690 INFO  fd total count:6 - EPollPoller.cc:34
2025/08/05 14:28:451710 INFO  events happend1 - EPollPoller.cc:51
2025/08/05 14:28:451745 INFO  channel handleEvent revents:1 - Channel.cc:96
2025/08/05 14:28:451753 INFO  TcpServer::removeConnectionInLoop [KamaHttpServer] - connection %sKamaHttpServer-0.0.0.0:8080#8 - TcpServer.cc:143
2025/08/05 14:28:451772 INFO  fd total count:2 - EPollPoller.cc:34
2025/08/05 14:28:451776 INFO  events happend1 - EPollPoller.cc:51
2025/08/05 14:28:451779 INFO  channel handleEvent revents:1 - Channel.cc:96
2025/08/05 14:28:451785 INFO  removeChannel fd=20 - EPollPoller.cc:132
2025/08/05 14:28:451788 INFO  TcpConnection::dtor[KamaHttpServer-0.0.0.0:8080#8]at fd=20state=0 - TcpConnection.cc:58
2025/08/05 14:28:451813 INFO  fd total count:5 - EPollPoller.cc:34
2025/08/05 14:28:475525 INFO  events happend1 - EPollPoller.cc:51
2025/08/05 14:28:475533 INFO  channel handleEvent revents:1 - Channel.cc:96
2025/08/05 14:28:475555 INFO  使用一致性哈希选择线程，索引=0 - EventLoopThreadPool.cc:114
2025/08/05 14:28:475562 INFO  TcpServer::newConnection [KamaHttpServer]- new connection [KamaHttpServer-0.0.0.0:8080#9]from %s127.0.0.1:38232 - TcpServer.cc:96
2025/08/05 14:28:475577 INFO  TcpConnection::ctor:[KamaHttpServer-0.0.0.0:8080#9]at fd=20 - TcpConnection.cc:52
2025/08/05 14:28:475600 INFO  fd total count:2 - EPollPoller.cc:34
2025/08/05 14:28:475618 INFO  events happend1 - EPollPoller.cc:51
2025/08/05 14:28:475635 INFO  channel handleEvent revents:1 - Channel.cc:96
2025/08/05 14:28:475653 INFO  func =>fd20events=3index=-1 - EPollPoller.cc:91
2025/08/05 14:28:475684 INFO  New HTTP connection from: 127.0.0.1:38232 - HttpServer.cc:70
2025/08/05 14:28:475700 INFO  fd total count:6 - EPollPoller.cc:34
2025/08/05 14:28:475710 INFO  events happend1 - EPollPoller.cc:51
2025/08/05 14:28:475719 INFO  channel handleEvent revents:1 - Channel.cc:96
2025/08/05 14:28:475773 INFO  HTTP GET /api/status 从  - Middleware.cc:57
2025/08/05 14:28:475812 INFO  HTTP GET /api/status 响应 200 (0ms) - Middleware.cc:68
2025/08/05 14:28:475903 INFO  fd total count:6 - EPollPoller.cc:34
2025/08/05 14:28:475956 INFO  events happend1 - EPollPoller.cc:51
2025/08/05 14:28:475967 INFO  channel handleEvent revents:1 - Channel.cc:96
2025/08/05 14:28:475984 INFO  TcpConnection::handleClose fd=20state=2 - TcpConnection.cc:258
2025/08/05 14:28:475994 INFO  func =>fd20events=0index=1 - EPollPoller.cc:91
2025/08/05 14:28:476014 INFO  HTTP connection closed: 127.0.0.1:38232 - HttpServer.cc:75
2025/08/05 14:28:476054 INFO  fd total count:6 - EPollPoller.cc:34
2025/08/05 14:28:476055 INFO  events happend1 - EPollPoller.cc:51
2025/08/05 14:28:476083 INFO  channel handleEvent revents:1 - Channel.cc:96
2025/08/05 14:28:476087 INFO  TcpServer::removeConnectionInLoop [KamaHttpServer] - connection %sKamaHttpServer-0.0.0.0:8080#9 - TcpServer.cc:143
2025/08/05 14:28:476099 INFO  fd total count:2 - EPollPoller.cc:34
2025/08/05 14:28:476119 INFO  events happend1 - EPollPoller.cc:51
2025/08/05 14:28:476131 INFO  channel handleEvent revents:1 - Channel.cc:96
2025/08/05 14:28:476146 INFO  removeChannel fd=20 - EPollPoller.cc:132
2025/08/05 14:28:476156 INFO  TcpConnection::dtor[KamaHttpServer-0.0.0.0:8080#9]at fd=20state=0 - TcpConnection.cc:58
2025/08/05 14:28:476219 INFO  fd total count:5 - EPollPoller.cc:34
2025/08/05 14:28:062615 DEBUG timeout! - EPollPoller.cc:62
2025/08/05 14:28:062648 INFO  fd total count:1 - EPollPoller.cc:34
2025/08/05 14:28:066643 DEBUG timeout! - EPollPoller.cc:62
2025/08/05 14:28:066667 INFO  fd total count:1 - EPollPoller.cc:34
2025/08/05 14:28:069742 DEBUG timeout! - EPollPoller.cc:62
2025/08/05 14:28:069761 INFO  fd total count:1 - EPollPoller.cc:34
2025/08/05 14:28:480524 DEBUG timeout! - EPollPoller.cc:62
2025/08/05 14:28:480557 INFO  fd total count:5 - EPollPoller.cc:34
2025/08/05 14:28:486157 DEBUG timeout! - EPollPoller.cc:62
2025/08/05 14:28:486181 INFO  fd total count:2 - EPollPoller.cc:34
2025/08/05 14:28:072717 DEBUG timeout! - EPollPoller.cc:62
2025/08/05 14:28:072748 INFO  fd total count:1 - EPollPoller.cc:34
2025/08/05 14:28:076742 DEBUG timeout! - EPollPoller.cc:62
2025/08/05 14:28:076795 INFO  fd total count:1 - EPollPoller.cc:34
2025/08/05 14:28:079786 DEBUG timeout! - EPollPoller.cc:62
2025/08/05 14:28:079804 INFO  fd total count:1 - EPollPoller.cc:34
2025/08/05 14:28:490596 DEBUG timeout! - EPollPoller.cc:62
2025/08/05 14:28:490628 INFO  fd total count:5 - EPollPoller.cc:34
2025/08/05 14:28:496220 DEBUG timeout! - EPollPoller.cc:62
2025/08/05 14:28:496245 INFO  fd total count:2 - EPollPoller.cc:34
2025/08/05 14:28:082800 DEBUG timeout! - EPollPoller.cc:62
2025/08/05 14:28:082832 INFO  fd total count:1 - EPollPoller.cc:34
2025/08/05 14:28:086841 DEBUG timeout! - EPollPoller.cc:62
2025/08/05 14:28:086863 INFO  fd total count:1 - EPollPoller.cc:34
2025/08/05 14:28:089860 DEBUG timeout! - EPollPoller.cc:62
2025/08/05 14:28:089904 INFO  fd total count:1 - EPollPoller.cc:34
2025/08/05 14:29:500691 DEBUG timeout! - EPollPoller.cc:62
2025/08/05 14:29:500722 INFO  fd total count:5 - EPollPoller.cc:34
2025/08/05 14:29:506315 DEBUG timeout! - EPollPoller.cc:62
2025/08/05 14:29:506339 INFO  fd total count:2 - EPollPoller.cc:34
2025/08/05 14:29:092910 DEBUG timeout! - EPollPoller.cc:62
2025/08/05 14:29:092965 INFO  fd total count:1 - EPollPoller.cc:34
2025/08/05 14:29:096905 DEBUG timeout! - EPollPoller.cc:62
2025/08/05 14:29:096939 INFO  fd total count:1 - EPollPoller.cc:34
2025/08/05 14:29:099948 DEBUG timeout! - EPollPoller.cc:62
2025/08/05 14:29:099966 INFO  fd total count:1 - EPollPoller.cc:34
2025/08/05 14:29:510769 DEBUG timeout! - EPollPoller.cc:62
2025/08/05 14:29:510800 INFO  fd total count:5 - EPollPoller.cc:34
2025/08/05 14:29:516406 DEBUG timeout! - EPollPoller.cc:62
2025/08/05 14:29:516461 INFO  fd total count:2 - EPollPoller.cc:34
2025/08/05 14:29:103025 DEBUG timeout! - EPollPoller.cc:62
2025/08/05 14:29:103055 INFO  fd total count:1 - EPollPoller.cc:34
2025/08/05 14:29:107000 DEBUG timeout! - EPollPoller.cc:62
2025/08/05 14:29:107025 INFO  fd total count:1 - EPollPoller.cc:34
2025/08/05 14:29:110036 DEBUG timeout! - EPollPoller.cc:62
2025/08/05 14:29:110085 INFO  fd total count:1 - EPollPoller.cc:34
2025/08/05 14:29:520858 DEBUG timeout! - EPollPoller.cc:62
2025/08/05 14:29:520891 INFO  fd total count:5 - EPollPoller.cc:34
2025/08/05 14:29:526568 DEBUG timeout! - EPollPoller.cc:62
2025/08/05 14:29:526624 INFO  fd total count:2 - EPollPoller.cc:34
2025/08/05 14:29:113121 DEBUG timeout! - EPollPoller.cc:62
2025/08/05 14:29:113152 INFO  fd total count:1 - EPollPoller.cc:34
2025/08/05 14:29:117085 DEBUG timeout! - EPollPoller.cc:62
2025/08/05 14:29:117111 INFO  fd total count:1 - EPollPoller.cc:34
2025/08/05 14:29:120132 DEBUG timeout! - EPollPoller.cc:62
2025/08/05 14:29:120150 INFO  fd total count:1 - EPollPoller.cc:34
2025/08/05 14:29:530951 DEBUG timeout! - EPollPoller.cc:62
2025/08/05 14:29:530987 INFO  fd total count:5 - EPollPoller.cc:34
2025/08/05 14:29:536694 DEBUG timeout! - EPollPoller.cc:62
2025/08/05 14:29:536720 INFO  fd total count:2 - EPollPoller.cc:34
2025/08/05 14:29:122291 DEBUG timeout! - EPollPoller.cc:62
2025/08/05 14:29:122323 INFO  fd total count:1 - EPollPoller.cc:34
2025/08/05 14:29:127176 DEBUG timeout! - EPollPoller.cc:62
2025/08/05 14:29:127201 INFO  fd total count:1 - EPollPoller.cc:34
2025/08/05 14:29:130200 DEBUG timeout! - EPollPoller.cc:62
2025/08/05 14:29:130219 INFO  fd total count:1 - EPollPoller.cc:34
2025/08/05 14:29:490757 INFO  events happend1 - EPollPoller.cc:51
2025/08/05 14:29:490789 INFO  channel handleEvent revents:1 - Channel.cc:96
2025/08/05 14:29:490862 INFO  HTTP GET /api/status 从  - Middleware.cc:57
2025/08/05 14:29:490882 INFO  HTTP GET /api/status 响应 200 (0ms) - Middleware.cc:68
2025/08/05 14:29:490929 INFO  fd total count:5 - EPollPoller.cc:34
2025/08/05 14:29:546765 DEBUG timeout! - EPollPoller.cc:62
2025/08/05 14:29:546798 INFO  fd total count:2 - EPollPoller.cc:34
2025/08/05 14:29:471499 INFO  events happend1 - EPollPoller.cc:51
2025/08/05 14:29:471572 INFO  channel handleEvent revents:1 - Channel.cc:96
2025/08/05 14:29:471730 INFO  HTTP GET /api/status 从  - Middleware.cc:57
2025/08/05 14:29:471784 INFO  HTTP GET /api/status 响应 200 (0ms) - Middleware.cc:68
2025/08/05 14:29:471912 INFO  fd total count:5 - EPollPoller.cc:34
2025/08/05 14:29:108982 INFO  events happend1 - EPollPoller.cc:51
2025/08/05 14:29:109012 INFO  channel handleEvent revents:1 - Channel.cc:96
2025/08/05 14:29:109080 INFO  HTTP GET /admin.html 从  - Middleware.cc:57
2025/08/05 14:29:110675 INFO  HTTP GET /admin.html 响应 200 (1ms) - Middleware.cc:68
2025/08/05 14:29:110743 INFO  fd total count:5 - EPollPoller.cc:34
2025/08/05 14:29:138326 INFO  events happend1 - EPollPoller.cc:51
2025/08/05 14:29:138345 INFO  channel handleEvent revents:1 - Channel.cc:96
2025/08/05 14:29:138399 INFO  HTTP GET /css/openwebui-style.css 从  - Middleware.cc:57
2025/08/05 14:29:139808 INFO  HTTP GET /css/openwebui-style.css 响应 200 (1ms) - Middleware.cc:68
2025/08/05 14:29:139855 INFO  fd total count:5 - EPollPoller.cc:34
2025/08/05 14:29:167829 INFO  events happend1 - EPollPoller.cc:51
2025/08/05 14:29:167843 INFO  channel handleEvent revents:1 - Channel.cc:96
2025/08/05 14:29:167889 INFO  HTTP GET /api/status 从  - Middleware.cc:57
2025/08/05 14:29:167906 INFO  HTTP GET /api/status 响应 200 (0ms) - Middleware.cc:68
2025/08/05 14:29:167944 INFO  fd total count:5 - EPollPoller.cc:34
2025/08/05 14:29:132390 DEBUG timeout! - EPollPoller.cc:62
2025/08/05 14:29:132423 INFO  fd total count:1 - EPollPoller.cc:34
2025/08/05 14:29:137262 DEBUG timeout! - EPollPoller.cc:62
2025/08/05 14:29:137287 INFO  fd total count:1 - EPollPoller.cc:34
2025/08/05 14:29:140272 DEBUG timeout! - EPollPoller.cc:62
2025/08/05 14:29:140291 INFO  fd total count:1 - EPollPoller.cc:34
2025/08/05 14:29:288713 INFO  events happend1 - EPollPoller.cc:51
2025/08/05 14:29:288744 INFO  channel handleEvent revents:1 - Channel.cc:96
2025/08/05 14:29:288814 INFO  HTTP GET /admin.html 从  - Middleware.cc:57
2025/08/05 14:29:290394 INFO  HTTP GET /admin.html 响应 200 (1ms) - Middleware.cc:68
2025/08/05 14:29:290462 INFO  fd total count:5 - EPollPoller.cc:34
2025/08/05 14:29:308299 INFO  events happend1 - EPollPoller.cc:51
2025/08/05 14:29:308310 INFO  channel handleEvent revents:1 - Channel.cc:96
2025/08/05 14:29:308355 INFO  HTTP GET /css/openwebui-style.css 从  - Middleware.cc:57
2025/08/05 14:29:309769 INFO  HTTP GET /css/openwebui-style.css 响应 200 (1ms) - Middleware.cc:68
2025/08/05 14:29:309819 INFO  fd total count:5 - EPollPoller.cc:34
2025/08/05 14:29:320665 INFO  events happend1 - EPollPoller.cc:51
2025/08/05 14:29:320674 INFO  channel handleEvent revents:1 - Channel.cc:96
2025/08/05 14:29:320713 INFO  HTTP GET /api/status 从  - Middleware.cc:57
2025/08/05 14:29:320732 INFO  HTTP GET /api/status 响应 200 (0ms) - Middleware.cc:68
2025/08/05 14:29:320771 INFO  fd total count:5 - EPollPoller.cc:34
2025/08/05 14:29:556828 DEBUG timeout! - EPollPoller.cc:62
2025/08/05 14:29:556860 INFO  fd total count:2 - EPollPoller.cc:34
2025/08/05 14:29:142531 DEBUG timeout! - EPollPoller.cc:62
2025/08/05 14:29:142590 INFO  fd total count:1 - EPollPoller.cc:34
2025/08/05 14:29:147341 DEBUG timeout! - EPollPoller.cc:62
2025/08/05 14:29:147377 INFO  fd total count:1 - EPollPoller.cc:34
2025/08/05 14:29:150347 DEBUG timeout! - EPollPoller.cc:62
2025/08/05 14:29:150366 INFO  fd total count:1 - EPollPoller.cc:34
2025/08/05 14:30:330808 DEBUG timeout! - EPollPoller.cc:62
2025/08/05 14:30:330840 INFO  fd total count:5 - EPollPoller.cc:34
2025/08/05 14:30:566925 DEBUG timeout! - EPollPoller.cc:62
2025/08/05 14:30:566967 INFO  fd total count:2 - EPollPoller.cc:34
2025/08/05 14:30:152645 DEBUG timeout! - EPollPoller.cc:62
2025/08/05 14:30:152678 INFO  fd total count:1 - EPollPoller.cc:34
2025/08/05 14:30:157455 DEBUG timeout! - EPollPoller.cc:62
2025/08/05 14:30:157506 INFO  fd total count:1 - EPollPoller.cc:34
2025/08/05 14:30:160467 DEBUG timeout! - EPollPoller.cc:62
2025/08/05 14:30:160497 INFO  fd total count:1 - EPollPoller.cc:34
2025/08/05 14:30:340898 DEBUG timeout! - EPollPoller.cc:62
2025/08/05 14:30:340954 INFO  fd total count:5 - EPollPoller.cc:34
2025/08/05 14:30:577022 DEBUG timeout! - EPollPoller.cc:62
2025/08/05 14:30:577055 INFO  fd total count:2 - EPollPoller.cc:34
2025/08/05 14:30:162745 DEBUG timeout! - EPollPoller.cc:62
2025/08/05 14:30:162777 INFO  fd total count:1 - EPollPoller.cc:34
2025/08/05 14:30:167573 DEBUG timeout! - EPollPoller.cc:62
2025/08/05 14:30:167598 INFO  fd total count:1 - EPollPoller.cc:34
2025/08/05 14:30:170561 DEBUG timeout! - EPollPoller.cc:62
2025/08/05 14:30:170579 INFO  fd total count:1 - EPollPoller.cc:34
2025/08/05 14:30:351015 DEBUG timeout! - EPollPoller.cc:62
2025/08/05 14:30:351047 INFO  fd total count:5 - EPollPoller.cc:34
2025/08/05 14:30:587096 DEBUG timeout! - EPollPoller.cc:62
2025/08/05 14:30:587128 INFO  fd total count:2 - EPollPoller.cc:34
2025/08/05 14:30:172843 DEBUG timeout! - EPollPoller.cc:62
2025/08/05 14:30:172876 INFO  fd total count:1 - EPollPoller.cc:34
2025/08/05 14:30:177658 DEBUG timeout! - EPollPoller.cc:62
2025/08/05 14:30:177683 INFO  fd total count:1 - EPollPoller.cc:34
2025/08/05 14:30:180636 DEBUG timeout! - EPollPoller.cc:62
2025/08/05 14:30:180657 INFO  fd total count:1 - EPollPoller.cc:34
2025/08/05 14:30:361095 DEBUG timeout! - EPollPoller.cc:62
2025/08/05 14:30:361131 INFO  fd total count:5 - EPollPoller.cc:34
2025/08/05 14:30:590291 DEBUG timeout! - EPollPoller.cc:62
2025/08/05 14:30:590322 INFO  fd total count:2 - EPollPoller.cc:34
2025/08/05 14:30:182944 DEBUG timeout! - EPollPoller.cc:62
2025/08/05 14:30:182980 INFO  fd total count:1 - EPollPoller.cc:34
2025/08/05 14:30:187750 DEBUG timeout! - EPollPoller.cc:62
2025/08/05 14:30:187780 INFO  fd total count:1 - EPollPoller.cc:34
2025/08/05 14:30:190694 DEBUG timeout! - EPollPoller.cc:62
2025/08/05 14:30:190713 INFO  fd total count:1 - EPollPoller.cc:34
2025/08/05 14:30:371173 DEBUG timeout! - EPollPoller.cc:62
2025/08/05 14:30:371207 INFO  fd total count:5 - EPollPoller.cc:34
2025/08/05 14:30:598282 DEBUG timeout! - EPollPoller.cc:62
2025/08/05 14:30:598313 INFO  fd total count:2 - EPollPoller.cc:34
2025/08/05 14:30:354744 INFO  events happend1 - EPollPoller.cc:51
2025/08/05 14:30:354773 INFO  channel handleEvent revents:1 - Channel.cc:96
2025/08/05 14:30:354799 INFO  使用一致性哈希选择线程，索引=0 - EventLoopThreadPool.cc:114
2025/08/05 14:30:354806 INFO  TcpServer::newConnection [KamaHttpServer]- new connection [KamaHttpServer-0.0.0.0:8080#10]from %s127.0.0.1:38236 - TcpServer.cc:96
2025/08/05 14:30:354822 INFO  TcpConnection::ctor:[KamaHttpServer-0.0.0.0:8080#10]at fd=20 - TcpConnection.cc:52
2025/08/05 14:30:354853 INFO  fd total count:2 - EPollPoller.cc:34
2025/08/05 14:30:354867 INFO  events happend1 - EPollPoller.cc:51
2025/08/05 14:30:354907 INFO  channel handleEvent revents:1 - Channel.cc:96
2025/08/05 14:30:354919 INFO  func =>fd20events=3index=-1 - EPollPoller.cc:91
2025/08/05 14:30:354945 INFO  New HTTP connection from: 127.0.0.1:38236 - HttpServer.cc:70
2025/08/05 14:30:354953 INFO  fd total count:6 - EPollPoller.cc:34
2025/08/05 14:30:354957 INFO  events happend1 - EPollPoller.cc:51
2025/08/05 14:30:354960 INFO  channel handleEvent revents:1 - Channel.cc:96
2025/08/05 14:30:355020 INFO  HTTP GET /chat.html 从  - Middleware.cc:57
2025/08/05 14:30:355052 INFO  HTTP GET /chat.html 响应 404 (0ms) - Middleware.cc:68
2025/08/05 14:30:355084 INFO  fd total count:6 - EPollPoller.cc:34
2025/08/05 14:30:355425 INFO  events happend1 - EPollPoller.cc:51
2025/08/05 14:30:355431 INFO  channel handleEvent revents:1 - Channel.cc:96
2025/08/05 14:30:355441 INFO  使用一致性哈希选择线程，索引=0 - EventLoopThreadPool.cc:114
2025/08/05 14:30:355445 INFO  TcpServer::newConnection [KamaHttpServer]- new connection [KamaHttpServer-0.0.0.0:8080#11]from %s127.0.0.1:38238 - TcpServer.cc:96
2025/08/05 14:30:355453 INFO  TcpConnection::ctor:[KamaHttpServer-0.0.0.0:8080#11]at fd=21 - TcpConnection.cc:52
2025/08/05 14:30:355469 INFO  fd total count:2 - EPollPoller.cc:34
2025/08/05 14:30:355475 INFO  events happend1 - EPollPoller.cc:51
2025/08/05 14:30:355482 INFO  channel handleEvent revents:1 - Channel.cc:96
2025/08/05 14:30:355488 INFO  func =>fd21events=3index=-1 - EPollPoller.cc:91
2025/08/05 14:30:355499 INFO  New HTTP connection from: 127.0.0.1:38238 - HttpServer.cc:70
2025/08/05 14:30:355505 INFO  fd total count:7 - EPollPoller.cc:34
2025/08/05 14:30:422706 INFO  events happend1 - EPollPoller.cc:51
2025/08/05 14:30:422729 INFO  channel handleEvent revents:1 - Channel.cc:96
2025/08/05 14:30:422790 INFO  HTTP GET /favicon.ico 从  - Middleware.cc:57
2025/08/05 14:30:422831 INFO  HTTP GET /favicon.ico 响应 404 (0ms) - Middleware.cc:68
2025/08/05 14:30:422874 INFO  fd total count:7 - EPollPoller.cc:34
2025/08/05 14:30:762343 INFO  events happend1 - EPollPoller.cc:51
2025/08/05 14:30:762405 INFO  channel handleEvent revents:1 - Channel.cc:96
2025/08/05 14:30:762539 INFO  HTTP GET / 从  - Middleware.cc:57
2025/08/05 14:30:764937 INFO  HTTP GET / 响应 200 (2ms) - Middleware.cc:68
2025/08/05 14:30:765077 INFO  fd total count:7 - EPollPoller.cc:34
2025/08/05 14:30:797029 INFO  events happend1 - EPollPoller.cc:51
2025/08/05 14:30:797081 INFO  channel handleEvent revents:1 - Channel.cc:96
2025/08/05 14:30:797205 INFO  HTTP GET /css/openwebui-style.css 从  - Middleware.cc:57
2025/08/05 14:30:801727 INFO  HTTP GET /css/openwebui-style.css 响应 200 (4ms) - Middleware.cc:68
2025/08/05 14:30:801871 INFO  fd total count:7 - EPollPoller.cc:34
2025/08/05 14:30:801890 INFO  events happend1 - EPollPoller.cc:51
2025/08/05 14:30:801901 INFO  channel handleEvent revents:1 - Channel.cc:96
2025/08/05 14:30:801991 INFO  HTTP GET /js/openwebui-app.js 从  - Middleware.cc:57
2025/08/05 14:30:806355 INFO  HTTP GET /js/openwebui-app.js 响应 200 (4ms) - Middleware.cc:68
2025/08/05 14:30:806395 INFO  fd total count:7 - EPollPoller.cc:34
2025/08/05 14:30:839782 INFO  events happend1 - EPollPoller.cc:51
2025/08/05 14:30:839804 INFO  channel handleEvent revents:1 - Channel.cc:96
2025/08/05 14:30:839888 INFO  HTTP GET /api/status 从  - Middleware.cc:57
2025/08/05 14:30:839932 INFO  HTTP GET /api/status 响应 200 (0ms) - Middleware.cc:68
2025/08/05 14:30:840018 INFO  fd total count:7 - EPollPoller.cc:34
2025/08/05 14:30:840033 INFO  events happend1 - EPollPoller.cc:51
2025/08/05 14:30:840043 INFO  channel handleEvent revents:1 - Channel.cc:96
2025/08/05 14:30:840106 INFO  HTTP GET /api/models 从  - Middleware.cc:57
2025/08/05 14:30:840141 INFO  HTTP GET /api/models 响应 200 (0ms) - Middleware.cc:68
2025/08/05 14:30:840222 INFO  fd total count:7 - EPollPoller.cc:34
2025/08/05 14:30:484493 INFO  events happend1 - EPollPoller.cc:51
2025/08/05 14:30:484526 INFO  channel handleEvent revents:1 - Channel.cc:96
2025/08/05 14:30:484595 INFO  HTTP GET /admin.html 从  - Middleware.cc:57
2025/08/05 14:30:486158 INFO  HTTP GET /admin.html 响应 200 (1ms) - Middleware.cc:68
2025/08/05 14:30:486218 INFO  fd total count:7 - EPollPoller.cc:34
2025/08/05 14:30:531534 INFO  events happend1 - EPollPoller.cc:51
2025/08/05 14:30:531566 INFO  channel handleEvent revents:1 - Channel.cc:96
2025/08/05 14:30:531673 INFO  HTTP GET /css/openwebui-style.css 从  - Middleware.cc:57
2025/08/05 14:30:536169 INFO  HTTP GET /css/openwebui-style.css 响应 200 (4ms) - Middleware.cc:68
2025/08/05 14:30:536319 INFO  fd total count:7 - EPollPoller.cc:34
2025/08/05 14:30:574990 INFO  events happend1 - EPollPoller.cc:51
2025/08/05 14:30:575019 INFO  channel handleEvent revents:1 - Channel.cc:96
2025/08/05 14:30:575119 INFO  HTTP GET /api/status 从  - Middleware.cc:57
2025/08/05 14:30:575165 INFO  HTTP GET /api/status 响应 200 (0ms) - Middleware.cc:68
2025/08/05 14:30:575253 INFO  fd total count:7 - EPollPoller.cc:34
2025/08/05 14:30:193043 DEBUG timeout! - EPollPoller.cc:62
2025/08/05 14:30:193076 INFO  fd total count:1 - EPollPoller.cc:34
2025/08/05 14:30:197825 DEBUG timeout! - EPollPoller.cc:62
2025/08/05 14:30:197850 INFO  fd total count:1 - EPollPoller.cc:34
2025/08/05 14:30:200755 DEBUG timeout! - EPollPoller.cc:62
2025/08/05 14:30:200773 INFO  fd total count:1 - EPollPoller.cc:34
2025/08/05 14:30:728678 INFO  events happend1 - EPollPoller.cc:51
2025/08/05 14:30:728710 INFO  channel handleEvent revents:1 - Channel.cc:96
2025/08/05 14:30:728770 INFO  HTTP GET /api/status 从  - Middleware.cc:57
2025/08/05 14:30:728791 INFO  HTTP GET /api/status 响应 200 (0ms) - Middleware.cc:68
2025/08/05 14:30:728839 INFO  fd total count:7 - EPollPoller.cc:34
2025/08/05 14:30:448217 INFO  events happend1 - EPollPoller.cc:51
2025/08/05 14:30:448248 INFO  channel handleEvent revents:1 - Channel.cc:96
2025/08/05 14:30:448311 INFO  HTTP GET /api/status 从  - Middleware.cc:57
2025/08/05 14:30:448330 INFO  HTTP GET /api/status 响应 200 (0ms) - Middleware.cc:68
2025/08/05 14:30:448379 INFO  fd total count:7 - EPollPoller.cc:34
2025/08/05 14:30:365500 DEBUG timeout! - EPollPoller.cc:62
2025/08/05 14:30:365528 INFO  fd total count:2 - EPollPoller.cc:34
2025/08/05 14:30:203117 DEBUG timeout! - EPollPoller.cc:62
2025/08/05 14:30:203149 INFO  fd total count:1 - EPollPoller.cc:34
2025/08/05 14:30:207889 DEBUG timeout! - EPollPoller.cc:62
2025/08/05 14:30:207913 INFO  fd total count:1 - EPollPoller.cc:34
2025/08/05 14:30:210815 DEBUG timeout! - EPollPoller.cc:62
2025/08/05 14:30:210834 INFO  fd total count:1 - EPollPoller.cc:34
2025/08/05 14:31:458466 DEBUG timeout! - EPollPoller.cc:62
2025/08/05 14:31:458528 INFO  fd total count:7 - EPollPoller.cc:34
2025/08/05 14:31:370303 DEBUG timeout! - EPollPoller.cc:62
2025/08/05 14:31:370328 INFO  fd total count:2 - EPollPoller.cc:34
2025/08/05 14:31:211364 DEBUG timeout! - EPollPoller.cc:62
2025/08/05 14:31:211400 INFO  fd total count:1 - EPollPoller.cc:34
2025/08/05 14:31:213224 DEBUG timeout! - EPollPoller.cc:62
2025/08/05 14:31:213274 INFO  fd total count:1 - EPollPoller.cc:34
2025/08/05 14:31:220896 DEBUG timeout! - EPollPoller.cc:62
2025/08/05 14:31:220942 INFO  fd total count:1 - EPollPoller.cc:34
2025/08/05 14:31:468604 DEBUG timeout! - EPollPoller.cc:62
2025/08/05 14:31:468638 INFO  fd total count:7 - EPollPoller.cc:34
2025/08/05 14:31:380359 DEBUG timeout! - EPollPoller.cc:62
2025/08/05 14:31:380390 INFO  fd total count:2 - EPollPoller.cc:34
2025/08/05 14:31:505599 INFO  events happend1 - EPollPoller.cc:51
2025/08/05 14:31:505626 INFO  channel handleEvent revents:1 - Channel.cc:96
2025/08/05 14:31:505689 INFO  HTTP GET /admin.html 从  - Middleware.cc:57
2025/08/05 14:31:507263 INFO  HTTP GET /admin.html 响应 200 (1ms) - Middleware.cc:68
2025/08/05 14:31:507324 INFO  fd total count:7 - EPollPoller.cc:34
2025/08/05 14:31:536875 INFO  events happend1 - EPollPoller.cc:51
2025/08/05 14:31:536891 INFO  channel handleEvent revents:1 - Channel.cc:96
2025/08/05 14:31:536936 INFO  HTTP GET /css/openwebui-style.css 从  - Middleware.cc:57
2025/08/05 14:31:538356 INFO  HTTP GET /css/openwebui-style.css 响应 200 (1ms) - Middleware.cc:68
2025/08/05 14:31:538401 INFO  fd total count:7 - EPollPoller.cc:34
2025/08/05 14:31:546836 INFO  events happend1 - EPollPoller.cc:51
2025/08/05 14:31:546847 INFO  channel handleEvent revents:1 - Channel.cc:96
2025/08/05 14:31:546881 INFO  HTTP GET /api/status 从  - Middleware.cc:57
2025/08/05 14:31:546898 INFO  HTTP GET /api/status 响应 200 (0ms) - Middleware.cc:68
2025/08/05 14:31:546929 INFO  fd total count:7 - EPollPoller.cc:34
2025/08/05 14:31:905046 INFO  events happend1 - EPollPoller.cc:51
2025/08/05 14:31:905075 INFO  channel handleEvent revents:1 - Channel.cc:96
2025/08/05 14:31:905136 INFO  HTTP GET /admin.html 从  - Middleware.cc:57
2025/08/05 14:31:906703 INFO  HTTP GET /admin.html 响应 200 (1ms) - Middleware.cc:68
2025/08/05 14:31:906753 INFO  fd total count:7 - EPollPoller.cc:34
2025/08/05 14:31:925649 INFO  events happend1 - EPollPoller.cc:51
2025/08/05 14:31:925666 INFO  channel handleEvent revents:1 - Channel.cc:96
2025/08/05 14:31:925708 INFO  HTTP GET /css/openwebui-style.css 从  - Middleware.cc:57
2025/08/05 14:31:927113 INFO  HTTP GET /css/openwebui-style.css 响应 200 (1ms) - Middleware.cc:68
2025/08/05 14:31:927153 INFO  fd total count:7 - EPollPoller.cc:34
2025/08/05 14:31:937190 INFO  events happend1 - EPollPoller.cc:51
2025/08/05 14:31:937199 INFO  channel handleEvent revents:1 - Channel.cc:96
2025/08/05 14:31:937233 INFO  HTTP GET /api/status 从  - Middleware.cc:57
2025/08/05 14:31:937250 INFO  HTTP GET /api/status 响应 200 (0ms) - Middleware.cc:68
2025/08/05 14:31:937280 INFO  fd total count:7 - EPollPoller.cc:34
2025/08/05 14:31:613600 INFO  events happend1 - EPollPoller.cc:51
2025/08/05 14:31:613624 INFO  channel handleEvent revents:1 - Channel.cc:96
2025/08/05 14:31:613687 INFO  HTTP GET /admin.html 从  - Middleware.cc:57
2025/08/05 14:31:615259 INFO  HTTP GET /admin.html 响应 200 (1ms) - Middleware.cc:68
2025/08/05 14:31:615316 INFO  fd total count:7 - EPollPoller.cc:34
2025/08/05 14:31:638703 INFO  events happend1 - EPollPoller.cc:51
2025/08/05 14:31:638712 INFO  channel handleEvent revents:1 - Channel.cc:96
2025/08/05 14:31:638750 INFO  HTTP GET /css/openwebui-style.css 从  - Middleware.cc:57
2025/08/05 14:31:640130 INFO  HTTP GET /css/openwebui-style.css 响应 200 (1ms) - Middleware.cc:68
2025/08/05 14:31:640173 INFO  fd total count:7 - EPollPoller.cc:34
2025/08/05 14:31:652511 INFO  events happend1 - EPollPoller.cc:51
2025/08/05 14:31:652518 INFO  channel handleEvent revents:1 - Channel.cc:96
2025/08/05 14:31:652548 INFO  HTTP GET /api/status 从  - Middleware.cc:57
2025/08/05 14:31:652564 INFO  HTTP GET /api/status 响应 200 (0ms) - Middleware.cc:68
2025/08/05 14:31:652595 INFO  fd total count:7 - EPollPoller.cc:34
2025/08/05 14:31:245614 INFO  events happend1 - EPollPoller.cc:51
2025/08/05 14:31:245641 INFO  channel handleEvent revents:1 - Channel.cc:96
2025/08/05 14:31:245701 INFO  HTTP GET /admin.html 从  - Middleware.cc:57
2025/08/05 14:31:247285 INFO  HTTP GET /admin.html 响应 200 (1ms) - Middleware.cc:68
2025/08/05 14:31:247344 INFO  fd total count:7 - EPollPoller.cc:34
2025/08/05 14:31:274861 INFO  events happend1 - EPollPoller.cc:51
2025/08/05 14:31:274875 INFO  channel handleEvent revents:1 - Channel.cc:96
2025/08/05 14:31:274921 INFO  HTTP GET /css/openwebui-style.css 从  - Middleware.cc:57
2025/08/05 14:31:276324 INFO  HTTP GET /css/openwebui-style.css 响应 200 (1ms) - Middleware.cc:68
2025/08/05 14:31:276370 INFO  fd total count:7 - EPollPoller.cc:34
2025/08/05 14:31:290551 INFO  events happend1 - EPollPoller.cc:51
2025/08/05 14:31:290563 INFO  channel handleEvent revents:1 - Channel.cc:96
2025/08/05 14:31:290599 INFO  HTTP GET /api/status 从  - Middleware.cc:57
2025/08/05 14:31:290617 INFO  HTTP GET /api/status 响应 200 (0ms) - Middleware.cc:68
2025/08/05 14:31:290651 INFO  fd total count:7 - EPollPoller.cc:34
2025/08/05 14:31:482628 INFO  events happend1 - EPollPoller.cc:51
2025/08/05 14:31:482642 INFO  channel handleEvent revents:1 - Channel.cc:96
2025/08/05 14:31:482685 INFO  HTTP GET /admin.html 从  - Middleware.cc:57
2025/08/05 14:31:484237 INFO  HTTP GET /admin.html 响应 200 (1ms) - Middleware.cc:68
2025/08/05 14:31:484288 INFO  fd total count:7 - EPollPoller.cc:34
2025/08/05 14:31:507375 INFO  events happend1 - EPollPoller.cc:51
2025/08/05 14:31:507384 INFO  channel handleEvent revents:1 - Channel.cc:96
2025/08/05 14:31:507420 INFO  HTTP GET /css/openwebui-style.css 从  - Middleware.cc:57
2025/08/05 14:31:508805 INFO  HTTP GET /css/openwebui-style.css 响应 200 (1ms) - Middleware.cc:68
2025/08/05 14:31:508848 INFO  fd total count:7 - EPollPoller.cc:34
2025/08/05 14:31:518376 INFO  events happend1 - EPollPoller.cc:51
2025/08/05 14:31:518384 INFO  channel handleEvent revents:1 - Channel.cc:96
2025/08/05 14:31:518415 INFO  HTTP GET /api/status 从  - Middleware.cc:57
2025/08/05 14:31:518431 INFO  HTTP GET /api/status 响应 200 (0ms) - Middleware.cc:68
2025/08/05 14:31:518463 INFO  fd total count:7 - EPollPoller.cc:34
2025/08/05 14:31:006383 INFO  events happend1 - EPollPoller.cc:51
2025/08/05 14:31:006410 INFO  channel handleEvent revents:1 - Channel.cc:96
2025/08/05 14:31:006471 INFO  HTTP GET /admin.html 从  - Middleware.cc:57
2025/08/05 14:31:008048 INFO  HTTP GET /admin.html 响应 200 (1ms) - Middleware.cc:68
2025/08/05 14:31:008108 INFO  fd total count:7 - EPollPoller.cc:34
2025/08/05 14:31:027761 INFO  events happend1 - EPollPoller.cc:51
2025/08/05 14:31:027776 INFO  channel handleEvent revents:1 - Channel.cc:96
2025/08/05 14:31:027819 INFO  HTTP GET /css/openwebui-style.css 从  - Middleware.cc:57
2025/08/05 14:31:029206 INFO  HTTP GET /css/openwebui-style.css 响应 200 (1ms) - Middleware.cc:68
2025/08/05 14:31:029251 INFO  fd total count:7 - EPollPoller.cc:34
2025/08/05 14:31:039101 INFO  events happend1 - EPollPoller.cc:51
2025/08/05 14:31:039115 INFO  channel handleEvent revents:1 - Channel.cc:96
2025/08/05 14:31:039153 INFO  HTTP GET /api/status 从  - Middleware.cc:57
2025/08/05 14:31:039171 INFO  HTTP GET /api/status 响应 200 (0ms) - Middleware.cc:68
2025/08/05 14:31:039207 INFO  fd total count:7 - EPollPoller.cc:34
2025/08/05 14:31:459142 INFO  events happend1 - EPollPoller.cc:51
2025/08/05 14:31:459167 INFO  channel handleEvent revents:1 - Channel.cc:96
2025/08/05 14:31:459224 INFO  HTTP GET /admin.html 从  - Middleware.cc:57
2025/08/05 14:31:460773 INFO  HTTP GET /admin.html 响应 200 (1ms) - Middleware.cc:68
2025/08/05 14:31:460829 INFO  fd total count:7 - EPollPoller.cc:34
2025/08/05 14:31:485823 INFO  events happend1 - EPollPoller.cc:51
2025/08/05 14:31:485830 INFO  channel handleEvent revents:1 - Channel.cc:96
2025/08/05 14:31:485863 INFO  HTTP GET /css/openwebui-style.css 从  - Middleware.cc:57
2025/08/05 14:31:487243 INFO  HTTP GET /css/openwebui-style.css 响应 200 (1ms) - Middleware.cc:68
2025/08/05 14:31:487284 INFO  fd total count:7 - EPollPoller.cc:34
2025/08/05 14:31:505118 INFO  events happend1 - EPollPoller.cc:51
2025/08/05 14:31:505124 INFO  channel handleEvent revents:1 - Channel.cc:96
2025/08/05 14:31:505153 INFO  HTTP GET /api/status 从  - Middleware.cc:57
2025/08/05 14:31:505170 INFO  HTTP GET /api/status 响应 200 (0ms) - Middleware.cc:68
2025/08/05 14:31:505198 INFO  fd total count:7 - EPollPoller.cc:34
2025/08/05 14:31:221462 DEBUG timeout! - EPollPoller.cc:62
2025/08/05 14:31:221496 INFO  fd total count:1 - EPollPoller.cc:34
2025/08/05 14:31:223329 DEBUG timeout! - EPollPoller.cc:62
2025/08/05 14:31:223355 INFO  fd total count:1 - EPollPoller.cc:34
2025/08/05 14:31:230999 DEBUG timeout! - EPollPoller.cc:62
2025/08/05 14:31:231019 INFO  fd total count:1 - EPollPoller.cc:34
2025/08/05 14:31:947240 INFO  events happend1 - EPollPoller.cc:51
2025/08/05 14:31:947300 INFO  channel handleEvent revents:1 - Channel.cc:96
2025/08/05 14:31:947439 INFO  HTTP GET /admin.html 从  - Middleware.cc:57
2025/08/05 14:31:952486 INFO  HTTP GET /admin.html 响应 200 (5ms) - Middleware.cc:68
2025/08/05 14:31:952646 INFO  fd total count:7 - EPollPoller.cc:34
2025/08/05 14:31:977083 INFO  events happend1 - EPollPoller.cc:51
2025/08/05 14:31:977106 INFO  channel handleEvent revents:1 - Channel.cc:96
2025/08/05 14:31:977201 INFO  HTTP GET /css/openwebui-style.css 从  - Middleware.cc:57
2025/08/05 14:31:981695 INFO  HTTP GET /css/openwebui-style.css 响应 200 (4ms) - Middleware.cc:68
2025/08/05 14:31:981822 INFO  fd total count:7 - EPollPoller.cc:34
2025/08/05 14:31:989765 INFO  events happend1 - EPollPoller.cc:51
2025/08/05 14:31:989782 INFO  channel handleEvent revents:1 - Channel.cc:96
2025/08/05 14:31:989863 INFO  HTTP GET /api/status 从  - Middleware.cc:57
2025/08/05 14:31:989906 INFO  HTTP GET /api/status 响应 200 (0ms) - Middleware.cc:68
2025/08/05 14:31:989994 INFO  fd total count:7 - EPollPoller.cc:34
2025/08/05 14:31:795765 INFO  events happend1 - EPollPoller.cc:51
2025/08/05 14:31:795806 INFO  channel handleEvent revents:1 - Channel.cc:96
2025/08/05 14:31:795926 INFO  HTTP GET / 从  - Middleware.cc:57
2025/08/05 14:31:798318 INFO  HTTP GET / 响应 200 (2ms) - Middleware.cc:68
2025/08/05 14:31:798447 INFO  fd total count:7 - EPollPoller.cc:34
2025/08/05 14:31:836580 INFO  events happend1 - EPollPoller.cc:51
2025/08/05 14:31:836599 INFO  channel handleEvent revents:1 - Channel.cc:96
2025/08/05 14:31:836689 INFO  HTTP GET /css/openwebui-style.css 从  - Middleware.cc:57
2025/08/05 14:31:841237 INFO  HTTP GET /css/openwebui-style.css 响应 200 (4ms) - Middleware.cc:68
2025/08/05 14:31:841346 INFO  fd total count:7 - EPollPoller.cc:34
2025/08/05 14:31:841362 INFO  events happend1 - EPollPoller.cc:51
2025/08/05 14:31:841373 INFO  channel handleEvent revents:1 - Channel.cc:96
2025/08/05 14:31:841451 INFO  HTTP GET /js/openwebui-app.js 从  - Middleware.cc:57
2025/08/05 14:31:845701 INFO  HTTP GET /js/openwebui-app.js 响应 200 (4ms) - Middleware.cc:68
2025/08/05 14:31:845744 INFO  fd total count:7 - EPollPoller.cc:34
2025/08/05 14:31:855498 INFO  events happend1 - EPollPoller.cc:51
2025/08/05 14:31:855519 INFO  channel handleEvent revents:1 - Channel.cc:96
2025/08/05 14:31:855599 INFO  HTTP GET /api/status 从  - Middleware.cc:57
2025/08/05 14:31:855640 INFO  HTTP GET /api/status 响应 200 (0ms) - Middleware.cc:68
2025/08/05 14:31:855719 INFO  fd total count:7 - EPollPoller.cc:34
2025/08/05 14:31:855734 INFO  events happend1 - EPollPoller.cc:51
2025/08/05 14:31:855743 INFO  channel handleEvent revents:1 - Channel.cc:96
2025/08/05 14:31:855804 INFO  HTTP GET /api/models 从  - Middleware.cc:57
2025/08/05 14:31:855839 INFO  HTTP GET /api/models 响应 200 (0ms) - Middleware.cc:68
2025/08/05 14:31:855931 INFO  fd total count:7 - EPollPoller.cc:34
2025/08/05 14:31:995705 INFO  events happend1 - EPollPoller.cc:51
2025/08/05 14:31:995736 INFO  channel handleEvent revents:1 - Channel.cc:96
2025/08/05 14:31:995800 INFO  HTTP GET /admin.html 从  - Middleware.cc:57
2025/08/05 14:31:997377 INFO  HTTP GET /admin.html 响应 200 (1ms) - Middleware.cc:68
2025/08/05 14:31:997435 INFO  fd total count:7 - EPollPoller.cc:34
2025/08/05 14:31:016077 INFO  events happend1 - EPollPoller.cc:51
2025/08/05 14:31:016091 INFO  channel handleEvent revents:1 - Channel.cc:96
2025/08/05 14:31:016138 INFO  HTTP GET /css/openwebui-style.css 从  - Middleware.cc:57
2025/08/05 14:31:017523 INFO  HTTP GET /css/openwebui-style.css 响应 200 (1ms) - Middleware.cc:68
2025/08/05 14:31:017564 INFO  fd total count:7 - EPollPoller.cc:34
2025/08/05 14:31:026606 INFO  events happend1 - EPollPoller.cc:51
2025/08/05 14:31:026613 INFO  channel handleEvent revents:1 - Channel.cc:96
2025/08/05 14:31:026645 INFO  HTTP GET /api/status 从  - Middleware.cc:57
2025/08/05 14:31:026661 INFO  HTTP GET /api/status 响应 200 (0ms) - Middleware.cc:68
2025/08/05 14:31:026690 INFO  fd total count:7 - EPollPoller.cc:34
2025/08/05 14:31:390480 DEBUG timeout! - EPollPoller.cc:62
2025/08/05 14:31:390544 INFO  fd total count:2 - EPollPoller.cc:34
2025/08/05 14:31:635780 INFO  events happend1 - EPollPoller.cc:51
2025/08/05 14:31:635812 INFO  channel handleEvent revents:1 - Channel.cc:96
2025/08/05 14:31:635875 INFO  HTTP GET /admin.html 从  - Middleware.cc:57
2025/08/05 14:31:637441 INFO  HTTP GET /admin.html 响应 200 (1ms) - Middleware.cc:68
2025/08/05 14:31:637502 INFO  fd total count:7 - EPollPoller.cc:34
2025/08/05 14:31:665538 INFO  events happend1 - EPollPoller.cc:51
2025/08/05 14:31:665557 INFO  channel handleEvent revents:1 - Channel.cc:96
2025/08/05 14:31:665606 INFO  HTTP GET /css/openwebui-style.css 从  - Middleware.cc:57
2025/08/05 14:31:667017 INFO  HTTP GET /css/openwebui-style.css 响应 200 (1ms) - Middleware.cc:68
2025/08/05 14:31:667066 INFO  fd total count:7 - EPollPoller.cc:34
2025/08/05 14:31:676366 INFO  events happend1 - EPollPoller.cc:51
2025/08/05 14:31:676380 INFO  channel handleEvent revents:1 - Channel.cc:96
2025/08/05 14:31:676420 INFO  HTTP GET /api/status 从  - Middleware.cc:57
2025/08/05 14:31:676438 INFO  HTTP GET /api/status 响应 200 (0ms) - Middleware.cc:68
2025/08/05 14:31:676472 INFO  fd total count:7 - EPollPoller.cc:34
2025/08/05 14:31:231401 DEBUG timeout! - EPollPoller.cc:62
2025/08/05 14:31:231435 INFO  fd total count:1 - EPollPoller.cc:34
2025/08/05 14:31:233448 DEBUG timeout! - EPollPoller.cc:62
2025/08/05 14:31:233502 INFO  fd total count:1 - EPollPoller.cc:34
2025/08/05 14:31:241060 DEBUG timeout! - EPollPoller.cc:62
2025/08/05 14:31:241081 INFO  fd total count:1 - EPollPoller.cc:34
2025/08/05 14:31:400593 DEBUG timeout! - EPollPoller.cc:62
2025/08/05 14:31:400624 INFO  fd total count:2 - EPollPoller.cc:34
2025/08/05 14:31:686538 DEBUG timeout! - EPollPoller.cc:62
2025/08/05 14:31:686573 INFO  fd total count:7 - EPollPoller.cc:34
2025/08/05 14:31:234309 DEBUG timeout! - EPollPoller.cc:62
2025/08/05 14:31:234342 INFO  fd total count:1 - EPollPoller.cc:34
2025/08/05 14:31:243552 DEBUG timeout! - EPollPoller.cc:62
2025/08/05 14:31:243575 INFO  fd total count:1 - EPollPoller.cc:34
2025/08/05 14:31:251119 DEBUG timeout! - EPollPoller.cc:62
2025/08/05 14:31:251139 INFO  fd total count:1 - EPollPoller.cc:34
2025/08/05 14:31:410675 DEBUG timeout! - EPollPoller.cc:62
2025/08/05 14:31:410707 INFO  fd total count:2 - EPollPoller.cc:34
2025/08/05 14:31:306744 INFO  events happend1 - EPollPoller.cc:51
2025/08/05 14:31:306775 INFO  channel handleEvent revents:1 - Channel.cc:96
2025/08/05 14:31:306838 INFO  HTTP GET /admin.html 从  - Middleware.cc:57
2025/08/05 14:31:308400 INFO  HTTP GET /admin.html 响应 200 (1ms) - Middleware.cc:68
2025/08/05 14:31:308468 INFO  fd total count:7 - EPollPoller.cc:34
2025/08/05 14:31:338654 INFO  events happend1 - EPollPoller.cc:51
2025/08/05 14:31:338665 INFO  channel handleEvent revents:1 - Channel.cc:96
2025/08/05 14:31:338706 INFO  HTTP GET /css/openwebui-style.css 从  - Middleware.cc:57
2025/08/05 14:31:340097 INFO  HTTP GET /css/openwebui-style.css 响应 200 (1ms) - Middleware.cc:68
2025/08/05 14:31:340138 INFO  fd total count:7 - EPollPoller.cc:34
2025/08/05 14:31:347864 INFO  events happend1 - EPollPoller.cc:51
2025/08/05 14:31:347872 INFO  channel handleEvent revents:1 - Channel.cc:96
2025/08/05 14:31:347904 INFO  HTTP GET /api/status 从  - Middleware.cc:57
2025/08/05 14:31:347921 INFO  HTTP GET /api/status 响应 200 (0ms) - Middleware.cc:68
2025/08/05 14:31:347950 INFO  fd total count:7 - EPollPoller.cc:34
2025/08/05 14:31:237616 INFO  events happend1 - EPollPoller.cc:51
2025/08/05 14:31:237648 INFO  channel handleEvent revents:1 - Channel.cc:96
2025/08/05 14:31:237715 INFO  HTTP GET /admin.html 从  - Middleware.cc:57
2025/08/05 14:31:239306 INFO  HTTP GET /admin.html 响应 200 (1ms) - Middleware.cc:68
2025/08/05 14:31:239369 INFO  fd total count:7 - EPollPoller.cc:34
2025/08/05 14:31:263936 INFO  events happend1 - EPollPoller.cc:51
2025/08/05 14:31:263950 INFO  channel handleEvent revents:1 - Channel.cc:96
2025/08/05 14:31:263994 INFO  HTTP GET /css/openwebui-style.css 从  - Middleware.cc:57
2025/08/05 14:31:265380 INFO  HTTP GET /css/openwebui-style.css 响应 200 (1ms) - Middleware.cc:68
2025/08/05 14:31:265423 INFO  fd total count:7 - EPollPoller.cc:34
2025/08/05 14:31:273069 INFO  events happend1 - EPollPoller.cc:51
2025/08/05 14:31:273080 INFO  channel handleEvent revents:1 - Channel.cc:96
2025/08/05 14:31:273115 INFO  HTTP GET /api/status 从  - Middleware.cc:57
2025/08/05 14:31:273131 INFO  HTTP GET /api/status 响应 200 (0ms) - Middleware.cc:68
2025/08/05 14:31:273163 INFO  fd total count:7 - EPollPoller.cc:34
2025/08/05 14:31:709072 INFO  events happend1 - EPollPoller.cc:51
2025/08/05 14:31:709101 INFO  channel handleEvent revents:1 - Channel.cc:96
2025/08/05 14:31:709163 INFO  HTTP GET /admin.html 从  - Middleware.cc:57
2025/08/05 14:31:710738 INFO  HTTP GET /admin.html 响应 200 (1ms) - Middleware.cc:68
2025/08/05 14:31:710798 INFO  fd total count:7 - EPollPoller.cc:34
2025/08/05 14:31:766796 INFO  events happend1 - EPollPoller.cc:51
2025/08/05 14:31:766810 INFO  channel handleEvent revents:1 - Channel.cc:96
2025/08/05 14:31:766853 INFO  HTTP GET /css/openwebui-style.css 从  - Middleware.cc:57
2025/08/05 14:31:768253 INFO  HTTP GET /css/openwebui-style.css 响应 200 (1ms) - Middleware.cc:68
2025/08/05 14:31:768300 INFO  fd total count:7 - EPollPoller.cc:34
2025/08/05 14:31:776823 INFO  events happend1 - EPollPoller.cc:51
2025/08/05 14:31:776829 INFO  channel handleEvent revents:1 - Channel.cc:96
2025/08/05 14:31:776861 INFO  HTTP GET /api/status 从  - Middleware.cc:57
2025/08/05 14:31:776877 INFO  HTTP GET /api/status 响应 200 (0ms) - Middleware.cc:68
2025/08/05 14:31:776906 INFO  fd total count:7 - EPollPoller.cc:34
2025/08/05 14:31:927358 INFO  events happend1 - EPollPoller.cc:51
2025/08/05 14:31:927371 INFO  channel handleEvent revents:1 - Channel.cc:96
2025/08/05 14:31:927413 INFO  HTTP GET /admin.html 从  - Middleware.cc:57
2025/08/05 14:31:928950 INFO  HTTP GET /admin.html 响应 200 (1ms) - Middleware.cc:68
2025/08/05 14:31:928995 INFO  fd total count:7 - EPollPoller.cc:34
2025/08/05 14:31:952023 INFO  events happend1 - EPollPoller.cc:51
2025/08/05 14:31:952033 INFO  channel handleEvent revents:1 - Channel.cc:96
2025/08/05 14:31:952068 INFO  HTTP GET /css/openwebui-style.css 从  - Middleware.cc:57
2025/08/05 14:31:953449 INFO  HTTP GET /css/openwebui-style.css 响应 200 (1ms) - Middleware.cc:68
2025/08/05 14:31:953491 INFO  fd total count:7 - EPollPoller.cc:34
2025/08/05 14:31:963628 INFO  events happend1 - EPollPoller.cc:51
2025/08/05 14:31:963638 INFO  channel handleEvent revents:1 - Channel.cc:96
2025/08/05 14:31:963670 INFO  HTTP GET /api/status 从  - Middleware.cc:57
2025/08/05 14:31:963685 INFO  HTTP GET /api/status 响应 200 (0ms) - Middleware.cc:68
2025/08/05 14:31:963714 INFO  fd total count:7 - EPollPoller.cc:34
2025/08/05 14:31:104838 INFO  events happend1 - EPollPoller.cc:51
2025/08/05 14:31:104862 INFO  channel handleEvent revents:1 - Channel.cc:96
2025/08/05 14:31:104921 INFO  HTTP GET /admin.html 从  - Middleware.cc:57
2025/08/05 14:31:106493 INFO  HTTP GET /admin.html 响应 200 (1ms) - Middleware.cc:68
2025/08/05 14:31:106548 INFO  fd total count:7 - EPollPoller.cc:34
2025/08/05 14:31:125707 INFO  events happend1 - EPollPoller.cc:51
2025/08/05 14:31:125721 INFO  channel handleEvent revents:1 - Channel.cc:96
2025/08/05 14:31:125762 INFO  HTTP GET /css/openwebui-style.css 从  - Middleware.cc:57
2025/08/05 14:31:127174 INFO  HTTP GET /css/openwebui-style.css 响应 200 (1ms) - Middleware.cc:68
2025/08/05 14:31:127219 INFO  fd total count:7 - EPollPoller.cc:34
2025/08/05 14:31:136098 INFO  events happend1 - EPollPoller.cc:51
2025/08/05 14:31:136110 INFO  channel handleEvent revents:1 - Channel.cc:96
2025/08/05 14:31:136147 INFO  HTTP GET /api/status 从  - Middleware.cc:57
2025/08/05 14:31:136164 INFO  HTTP GET /api/status 响应 200 (0ms) - Middleware.cc:68
2025/08/05 14:31:136196 INFO  fd total count:7 - EPollPoller.cc:34
2025/08/05 14:31:285728 INFO  events happend1 - EPollPoller.cc:51
2025/08/05 14:31:285761 INFO  channel handleEvent revents:1 - Channel.cc:96
2025/08/05 14:31:285824 INFO  HTTP GET /admin.html 从  - Middleware.cc:57
2025/08/05 14:31:287431 INFO  HTTP GET /admin.html 响应 200 (1ms) - Middleware.cc:68
2025/08/05 14:31:287492 INFO  fd total count:7 - EPollPoller.cc:34
2025/08/05 14:31:305758 INFO  events happend1 - EPollPoller.cc:51
2025/08/05 14:31:305770 INFO  channel handleEvent revents:1 - Channel.cc:96
2025/08/05 14:31:305813 INFO  HTTP GET /css/openwebui-style.css 从  - Middleware.cc:57
2025/08/05 14:31:307207 INFO  HTTP GET /css/openwebui-style.css 响应 200 (1ms) - Middleware.cc:68
2025/08/05 14:31:307248 INFO  fd total count:7 - EPollPoller.cc:34
2025/08/05 14:31:322478 INFO  events happend1 - EPollPoller.cc:51
2025/08/05 14:31:322487 INFO  channel handleEvent revents:1 - Channel.cc:96
2025/08/05 14:31:322521 INFO  HTTP GET /api/status 从  - Middleware.cc:57
2025/08/05 14:31:322538 INFO  HTTP GET /api/status 响应 200 (0ms) - Middleware.cc:68
2025/08/05 14:31:322568 INFO  fd total count:7 - EPollPoller.cc:34
2025/08/05 14:31:469642 INFO  events happend1 - EPollPoller.cc:51
2025/08/05 14:31:469653 INFO  channel handleEvent revents:1 - Channel.cc:96
2025/08/05 14:31:469690 INFO  HTTP GET /admin.html 从  - Middleware.cc:57
2025/08/05 14:31:471271 INFO  HTTP GET /admin.html 响应 200 (1ms) - Middleware.cc:68
2025/08/05 14:31:471324 INFO  fd total count:7 - EPollPoller.cc:34
2025/08/05 14:31:494597 INFO  events happend1 - EPollPoller.cc:51
2025/08/05 14:31:494606 INFO  channel handleEvent revents:1 - Channel.cc:96
2025/08/05 14:31:494639 INFO  HTTP GET /css/openwebui-style.css 从  - Middleware.cc:57
2025/08/05 14:31:496011 INFO  HTTP GET /css/openwebui-style.css 响应 200 (1ms) - Middleware.cc:68
2025/08/05 14:31:496047 INFO  fd total count:7 - EPollPoller.cc:34
2025/08/05 14:31:504233 INFO  events happend1 - EPollPoller.cc:51
2025/08/05 14:31:504239 INFO  channel handleEvent revents:1 - Channel.cc:96
2025/08/05 14:31:504268 INFO  HTTP GET /api/status 从  - Middleware.cc:57
2025/08/05 14:31:504282 INFO  HTTP GET /api/status 响应 200 (0ms) - Middleware.cc:68
2025/08/05 14:31:504309 INFO  fd total count:7 - EPollPoller.cc:34
2025/08/05 14:31:244372 DEBUG timeout! - EPollPoller.cc:62
2025/08/05 14:31:244403 INFO  fd total count:1 - EPollPoller.cc:34
2025/08/05 14:31:253626 DEBUG timeout! - EPollPoller.cc:62
2025/08/05 14:31:253651 INFO  fd total count:1 - EPollPoller.cc:34
2025/08/05 14:31:261192 DEBUG timeout! - EPollPoller.cc:62
2025/08/05 14:31:261211 INFO  fd total count:1 - EPollPoller.cc:34
2025/08/05 14:31:345776 INFO  events happend1 - EPollPoller.cc:51
2025/08/05 14:31:345810 INFO  channel handleEvent revents:1 - Channel.cc:96
2025/08/05 14:31:345871 INFO  HTTP GET /test_status.html 从  - Middleware.cc:57
2025/08/05 14:31:345905 INFO  HTTP GET /test_status.html 响应 404 (0ms) - Middleware.cc:68
2025/08/05 14:31:345954 INFO  fd total count:7 - EPollPoller.cc:34
2025/08/05 14:31:420768 DEBUG timeout! - EPollPoller.cc:62
2025/08/05 14:31:420835 INFO  fd total count:2 - EPollPoller.cc:34
2025/08/05 14:31:272894 INFO  events happend1 - EPollPoller.cc:51
2025/08/05 14:31:272925 INFO  channel handleEvent revents:1 - Channel.cc:96
2025/08/05 14:31:272984 INFO  HTTP GET /admin.html 从  - Middleware.cc:57
2025/08/05 14:31:274562 INFO  HTTP GET /admin.html 响应 200 (1ms) - Middleware.cc:68
2025/08/05 14:31:274625 INFO  fd total count:7 - EPollPoller.cc:34
2025/08/05 14:31:311202 INFO  events happend1 - EPollPoller.cc:51
2025/08/05 14:31:311228 INFO  channel handleEvent revents:1 - Channel.cc:96
2025/08/05 14:31:311333 INFO  HTTP GET /css/openwebui-style.css 从  - Middleware.cc:57
2025/08/05 14:31:315843 INFO  HTTP GET /css/openwebui-style.css 响应 200 (4ms) - Middleware.cc:68
2025/08/05 14:31:315972 INFO  fd total count:7 - EPollPoller.cc:34
2025/08/05 14:31:325062 INFO  events happend1 - EPollPoller.cc:51
2025/08/05 14:31:325084 INFO  channel handleEvent revents:1 - Channel.cc:96
2025/08/05 14:31:325174 INFO  HTTP GET /api/status 从  - Middleware.cc:57
2025/08/05 14:31:325219 INFO  HTTP GET /api/status 响应 200 (0ms) - Middleware.cc:68
2025/08/05 14:31:325307 INFO  fd total count:7 - EPollPoller.cc:34
2025/08/05 14:31:254479 DEBUG timeout! - EPollPoller.cc:62
2025/08/05 14:31:254536 INFO  fd total count:1 - EPollPoller.cc:34
2025/08/05 14:31:263701 DEBUG timeout! - EPollPoller.cc:62
2025/08/05 14:31:263722 INFO  fd total count:1 - EPollPoller.cc:34
2025/08/05 14:31:271319 DEBUG timeout! - EPollPoller.cc:62
2025/08/05 14:31:271368 INFO  fd total count:1 - EPollPoller.cc:34
2025/08/05 14:32:386624 INFO  events happend1 - EPollPoller.cc:51
2025/08/05 14:32:386655 INFO  channel handleEvent revents:1 - Channel.cc:96
2025/08/05 14:32:386718 INFO  HTTP GET /admin.html 从  - Middleware.cc:57
2025/08/05 14:32:388284 INFO  HTTP GET /admin.html 响应 200 (1ms) - Middleware.cc:68
2025/08/05 14:32:388352 INFO  fd total count:7 - EPollPoller.cc:34
2025/08/05 14:32:408839 INFO  events happend1 - EPollPoller.cc:51
2025/08/05 14:32:408853 INFO  channel handleEvent revents:1 - Channel.cc:96
2025/08/05 14:32:408895 INFO  HTTP GET /css/openwebui-style.css 从  - Middleware.cc:57
2025/08/05 14:32:410317 INFO  HTTP GET /css/openwebui-style.css 响应 200 (1ms) - Middleware.cc:68
2025/08/05 14:32:410364 INFO  fd total count:7 - EPollPoller.cc:34
2025/08/05 14:32:417840 INFO  events happend1 - EPollPoller.cc:51
2025/08/05 14:32:417845 INFO  channel handleEvent revents:1 - Channel.cc:96
2025/08/05 14:32:417874 INFO  HTTP GET /api/status 从  - Middleware.cc:57
2025/08/05 14:32:417891 INFO  HTTP GET /api/status 响应 200 (0ms) - Middleware.cc:68
2025/08/05 14:32:417919 INFO  fd total count:7 - EPollPoller.cc:34
2025/08/05 14:32:430896 DEBUG timeout! - EPollPoller.cc:62
2025/08/05 14:32:430930 INFO  fd total count:2 - EPollPoller.cc:34
2025/08/05 14:32:901251 INFO  events happend1 - EPollPoller.cc:51
2025/08/05 14:32:901280 INFO  channel handleEvent revents:1 - Channel.cc:96
2025/08/05 14:32:901344 INFO  HTTP GET /admin.html 从  - Middleware.cc:57
2025/08/05 14:32:902909 INFO  HTTP GET /admin.html 响应 200 (1ms) - Middleware.cc:68
2025/08/05 14:32:902974 INFO  fd total count:7 - EPollPoller.cc:34
2025/08/05 14:32:926220 INFO  events happend1 - EPollPoller.cc:51
2025/08/05 14:32:926226 INFO  channel handleEvent revents:1 - Channel.cc:96
2025/08/05 14:32:926265 INFO  HTTP GET /css/openwebui-style.css 从  - Middleware.cc:57
2025/08/05 14:32:927639 INFO  HTTP GET /css/openwebui-style.css 响应 200 (1ms) - Middleware.cc:68
2025/08/05 14:32:927675 INFO  fd total count:7 - EPollPoller.cc:34
2025/08/05 14:32:935657 INFO  events happend1 - EPollPoller.cc:51
2025/08/05 14:32:935662 INFO  channel handleEvent revents:1 - Channel.cc:96
2025/08/05 14:32:935688 INFO  HTTP GET /api/status 从  - Middleware.cc:57
2025/08/05 14:32:935705 INFO  HTTP GET /api/status 响应 200 (0ms) - Middleware.cc:68
2025/08/05 14:32:935731 INFO  fd total count:7 - EPollPoller.cc:34
2025/08/05 14:32:264573 DEBUG timeout! - EPollPoller.cc:62
2025/08/05 14:32:264604 INFO  fd total count:1 - EPollPoller.cc:34
2025/08/05 14:32:273770 DEBUG timeout! - EPollPoller.cc:62
2025/08/05 14:32:273794 INFO  fd total count:1 - EPollPoller.cc:34
2025/08/05 14:32:281426 DEBUG timeout! - EPollPoller.cc:62
2025/08/05 14:32:281449 INFO  fd total count:1 - EPollPoller.cc:34
2025/08/05 14:32:985521 INFO  events happend1 - EPollPoller.cc:51
2025/08/05 14:32:985572 INFO  channel handleEvent revents:1 - Channel.cc:96
2025/08/05 14:32:985624 INFO  使用一致性哈希选择线程，索引=0 - EventLoopThreadPool.cc:114
2025/08/05 14:32:985641 INFO  TcpServer::newConnection [KamaHttpServer]- new connection [KamaHttpServer-0.0.0.0:8080#12]from %s127.0.0.1:38240 - TcpServer.cc:96
2025/08/05 14:32:985675 INFO  TcpConnection::ctor:[KamaHttpServer-0.0.0.0:8080#12]at fd=28 - TcpConnection.cc:52
2025/08/05 14:32:985747 INFO  fd total count:2 - EPollPoller.cc:34
2025/08/05 14:32:985777 INFO  events happend1 - EPollPoller.cc:51
2025/08/05 14:32:985825 INFO  channel handleEvent revents:1 - Channel.cc:96
2025/08/05 14:32:985855 INFO  func =>fd28events=3index=-1 - EPollPoller.cc:91
2025/08/05 14:32:985896 INFO  New HTTP connection from: 127.0.0.1:38240 - HttpServer.cc:70
2025/08/05 14:32:985917 INFO  fd total count:8 - EPollPoller.cc:34
2025/08/05 14:32:985929 INFO  events happend1 - EPollPoller.cc:51
2025/08/05 14:32:985939 INFO  channel handleEvent revents:1 - Channel.cc:96
2025/08/05 14:32:986019 INFO  HTTP GET /api/status 从  - Middleware.cc:57
2025/08/05 14:32:986071 INFO  HTTP GET /api/status 响应 200 (0ms) - Middleware.cc:68
2025/08/05 14:32:986189 INFO  fd total count:8 - EPollPoller.cc:34
2025/08/05 14:32:986211 INFO  events happend1 - EPollPoller.cc:51
2025/08/05 14:32:986221 INFO  channel handleEvent revents:1 - Channel.cc:96
2025/08/05 14:32:986238 INFO  TcpConnection::handleClose fd=28state=2 - TcpConnection.cc:258
2025/08/05 14:32:986249 INFO  func =>fd28events=0index=1 - EPollPoller.cc:91
2025/08/05 14:32:986293 INFO  HTTP connection closed: 127.0.0.1:38240 - HttpServer.cc:75
2025/08/05 14:32:986341 INFO  fd total count:8 - EPollPoller.cc:34
2025/08/05 14:32:986361 INFO  events happend1 - EPollPoller.cc:51
2025/08/05 14:32:986373 INFO  channel handleEvent revents:1 - Channel.cc:96
2025/08/05 14:32:986390 INFO  TcpServer::removeConnectionInLoop [KamaHttpServer] - connection %sKamaHttpServer-0.0.0.0:8080#12 - TcpServer.cc:143
2025/08/05 14:32:986426 INFO  fd total count:2 - EPollPoller.cc:34
2025/08/05 14:32:986443 INFO  events happend1 - EPollPoller.cc:51
2025/08/05 14:32:986454 INFO  channel handleEvent revents:1 - Channel.cc:96
2025/08/05 14:32:986471 INFO  removeChannel fd=28 - EPollPoller.cc:132
2025/08/05 14:32:986481 INFO  TcpConnection::dtor[KamaHttpServer-0.0.0.0:8080#12]at fd=28state=0 - TcpConnection.cc:58
2025/08/05 14:32:986565 INFO  fd total count:7 - EPollPoller.cc:34
2025/08/05 14:32:993759 INFO  events happend1 - EPollPoller.cc:51
2025/08/05 14:32:993787 INFO  channel handleEvent revents:1 - Channel.cc:96
2025/08/05 14:32:993816 INFO  使用一致性哈希选择线程，索引=0 - EventLoopThreadPool.cc:114
2025/08/05 14:32:993823 INFO  TcpServer::newConnection [KamaHttpServer]- new connection [KamaHttpServer-0.0.0.0:8080#13]from %s127.0.0.1:38242 - TcpServer.cc:96
2025/08/05 14:32:993839 INFO  TcpConnection::ctor:[KamaHttpServer-0.0.0.0:8080#13]at fd=28 - TcpConnection.cc:52
2025/08/05 14:32:993870 INFO  fd total count:2 - EPollPoller.cc:34
2025/08/05 14:32:993892 INFO  events happend1 - EPollPoller.cc:51
2025/08/05 14:32:993914 INFO  channel handleEvent revents:1 - Channel.cc:96
2025/08/05 14:32:993928 INFO  func =>fd28events=3index=-1 - EPollPoller.cc:91
2025/08/05 14:32:993947 INFO  New HTTP connection from: 127.0.0.1:38242 - HttpServer.cc:70
2025/08/05 14:32:993956 INFO  fd total count:8 - EPollPoller.cc:34
2025/08/05 14:32:993960 INFO  events happend1 - EPollPoller.cc:51
2025/08/05 14:32:993963 INFO  channel handleEvent revents:1 - Channel.cc:96
2025/08/05 14:32:994001 INFO  HTTP GET /api/status 从  - Middleware.cc:57
2025/08/05 14:32:994020 INFO  HTTP GET /api/status 响应 200 (0ms) - Middleware.cc:68
2025/08/05 14:32:994076 INFO  fd total count:8 - EPollPoller.cc:34
2025/08/05 14:32:994141 INFO  events happend1 - EPollPoller.cc:51
2025/08/05 14:32:994145 INFO  channel handleEvent revents:1 - Channel.cc:96
2025/08/05 14:32:994152 INFO  TcpConnection::handleClose fd=28state=2 - TcpConnection.cc:258
2025/08/05 14:32:994155 INFO  func =>fd28events=0index=1 - EPollPoller.cc:91
2025/08/05 14:32:994162 INFO  HTTP connection closed: 127.0.0.1:38242 - HttpServer.cc:75
2025/08/05 14:32:994179 INFO  fd total count:8 - EPollPoller.cc:34
2025/08/05 14:32:994188 INFO  events happend1 - EPollPoller.cc:51
2025/08/05 14:32:994192 INFO  channel handleEvent revents:1 - Channel.cc:96
2025/08/05 14:32:994197 INFO  TcpServer::removeConnectionInLoop [KamaHttpServer] - connection %sKamaHttpServer-0.0.0.0:8080#13 - TcpServer.cc:143
2025/08/05 14:32:994210 INFO  fd total count:2 - EPollPoller.cc:34
2025/08/05 14:32:994215 INFO  events happend1 - EPollPoller.cc:51
2025/08/05 14:32:994218 INFO  channel handleEvent revents:1 - Channel.cc:96
2025/08/05 14:32:994224 INFO  removeChannel fd=28 - EPollPoller.cc:132
2025/08/05 14:32:994227 INFO  TcpConnection::dtor[KamaHttpServer-0.0.0.0:8080#13]at fd=28state=0 - TcpConnection.cc:58
2025/08/05 14:32:994296 INFO  fd total count:7 - EPollPoller.cc:34
2025/08/05 14:32:003976 INFO  events happend1 - EPollPoller.cc:51
2025/08/05 14:32:004004 INFO  channel handleEvent revents:1 - Channel.cc:96
2025/08/05 14:32:004030 INFO  使用一致性哈希选择线程，索引=0 - EventLoopThreadPool.cc:114
2025/08/05 14:32:004037 INFO  TcpServer::newConnection [KamaHttpServer]- new connection [KamaHttpServer-0.0.0.0:8080#14]from %s127.0.0.1:38244 - TcpServer.cc:96
2025/08/05 14:32:004052 INFO  TcpConnection::ctor:[KamaHttpServer-0.0.0.0:8080#14]at fd=28 - TcpConnection.cc:52
2025/08/05 14:32:004092 INFO  fd total count:2 - EPollPoller.cc:34
2025/08/05 14:32:004157 INFO  events happend1 - EPollPoller.cc:51
2025/08/05 14:32:004210 INFO  channel handleEvent revents:1 - Channel.cc:96
2025/08/05 14:32:004238 INFO  func =>fd28events=3index=-1 - EPollPoller.cc:91
2025/08/05 14:32:004283 INFO  New HTTP connection from: 127.0.0.1:38244 - HttpServer.cc:70
2025/08/05 14:32:004303 INFO  fd total count:8 - EPollPoller.cc:34
2025/08/05 14:32:004315 INFO  events happend1 - EPollPoller.cc:51
2025/08/05 14:32:004325 INFO  channel handleEvent revents:1 - Channel.cc:96
2025/08/05 14:32:004407 INFO  HTTP GET /api/status 从  - Middleware.cc:57
2025/08/05 14:32:004459 INFO  HTTP GET /api/status 响应 200 (0ms) - Middleware.cc:68
2025/08/05 14:32:004590 INFO  fd total count:8 - EPollPoller.cc:34
2025/08/05 14:32:004613 INFO  events happend1 - EPollPoller.cc:51
2025/08/05 14:32:004622 INFO  channel handleEvent revents:1 - Channel.cc:96
2025/08/05 14:32:004641 INFO  TcpConnection::handleClose fd=28state=2 - TcpConnection.cc:258
2025/08/05 14:32:004652 INFO  func =>fd28events=0index=1 - EPollPoller.cc:91
2025/08/05 14:32:004674 INFO  HTTP connection closed: 127.0.0.1:38244 - HttpServer.cc:75
2025/08/05 14:32:004723 INFO  events happend1 - EPollPoller.cc:51
2025/08/05 14:32:004732 INFO  channel handleEvent revents:1 - Channel.cc:96
2025/08/05 14:32:004738 INFO  TcpServer::removeConnectionInLoop [KamaHttpServer] - connection %sKamaHttpServer-0.0.0.0:8080#14 - TcpServer.cc:143
2025/08/05 14:32:004723 INFO  fd total count:8 - EPollPoller.cc:34
2025/08/05 14:32:004746 INFO  fd total count:2 - EPollPoller.cc:34
2025/08/05 14:32:004757 INFO  events happend1 - EPollPoller.cc:51
2025/08/05 14:32:004766 INFO  channel handleEvent revents:1 - Channel.cc:96
2025/08/05 14:32:004782 INFO  removeChannel fd=28 - EPollPoller.cc:132
2025/08/05 14:32:004793 INFO  TcpConnection::dtor[KamaHttpServer-0.0.0.0:8080#14]at fd=28state=0 - TcpConnection.cc:58
2025/08/05 14:32:004876 INFO  fd total count:7 - EPollPoller.cc:34
2025/08/05 14:32:274642 DEBUG timeout! - EPollPoller.cc:62
2025/08/05 14:32:274671 INFO  fd total count:1 - EPollPoller.cc:34
2025/08/05 14:32:283828 DEBUG timeout! - EPollPoller.cc:62
2025/08/05 14:32:283851 INFO  fd total count:1 - EPollPoller.cc:34
2025/08/05 14:32:291480 DEBUG timeout! - EPollPoller.cc:62
2025/08/05 14:32:291498 INFO  fd total count:1 - EPollPoller.cc:34
2025/08/05 14:32:014802 DEBUG timeout! - EPollPoller.cc:62
2025/08/05 14:32:014836 INFO  fd total count:2 - EPollPoller.cc:34
2025/08/05 14:32:014920 DEBUG timeout! - EPollPoller.cc:62
2025/08/05 14:32:014946 INFO  fd total count:7 - EPollPoller.cc:34
2025/08/05 14:32:335181 INFO  events happend1 - EPollPoller.cc:51
2025/08/05 14:32:335212 INFO  channel handleEvent revents:1 - Channel.cc:96
2025/08/05 14:32:335276 INFO  HTTP GET /api/status 从  - Middleware.cc:57
2025/08/05 14:32:335297 INFO  HTTP GET /api/status 响应 200 (0ms) - Middleware.cc:68
2025/08/05 14:32:335355 INFO  fd total count:7 - EPollPoller.cc:34
2025/08/05 14:32:284733 DEBUG timeout! - EPollPoller.cc:62
2025/08/05 14:32:284781 INFO  fd total count:1 - EPollPoller.cc:34
2025/08/05 14:32:293880 DEBUG timeout! - EPollPoller.cc:62
2025/08/05 14:32:293906 INFO  fd total count:1 - EPollPoller.cc:34
2025/08/05 14:32:301530 DEBUG timeout! - EPollPoller.cc:62
2025/08/05 14:32:301549 INFO  fd total count:1 - EPollPoller.cc:34
2025/08/05 14:32:203399 INFO  events happend1 - EPollPoller.cc:51
2025/08/05 14:32:203430 INFO  channel handleEvent revents:1 - Channel.cc:96
2025/08/05 14:32:203492 INFO  HTTP GET /api/status 从  - Middleware.cc:57
2025/08/05 14:32:203513 INFO  HTTP GET /api/status 响应 200 (0ms) - Middleware.cc:68
2025/08/05 14:32:203566 INFO  fd total count:7 - EPollPoller.cc:34
2025/08/05 14:32:024925 DEBUG timeout! - EPollPoller.cc:62
2025/08/05 14:32:024988 INFO  fd total count:2 - EPollPoller.cc:34
2025/08/05 14:32:294868 DEBUG timeout! - EPollPoller.cc:62
2025/08/05 14:32:294926 INFO  fd total count:1 - EPollPoller.cc:34
2025/08/05 14:32:303962 DEBUG timeout! - EPollPoller.cc:62
2025/08/05 14:32:303995 INFO  fd total count:1 - EPollPoller.cc:34
2025/08/05 14:32:311597 DEBUG timeout! - EPollPoller.cc:62
2025/08/05 14:32:311615 INFO  fd total count:1 - EPollPoller.cc:34
2025/08/05 14:32:213603 DEBUG timeout! - EPollPoller.cc:62
2025/08/05 14:32:213636 INFO  fd total count:7 - EPollPoller.cc:34
2025/08/05 14:32:035026 DEBUG timeout! - EPollPoller.cc:62
2025/08/05 14:32:035061 INFO  fd total count:2 - EPollPoller.cc:34
2025/08/05 14:32:304976 DEBUG timeout! - EPollPoller.cc:62
2025/08/05 14:32:305012 INFO  fd total count:1 - EPollPoller.cc:34
2025/08/05 14:32:314043 DEBUG timeout! - EPollPoller.cc:62
2025/08/05 14:32:314069 INFO  fd total count:1 - EPollPoller.cc:34
2025/08/05 14:32:321655 DEBUG timeout! - EPollPoller.cc:62
2025/08/05 14:32:321674 INFO  fd total count:1 - EPollPoller.cc:34
2025/08/05 14:32:223674 DEBUG timeout! - EPollPoller.cc:62
2025/08/05 14:32:223711 INFO  fd total count:7 - EPollPoller.cc:34
2025/08/05 14:32:045123 DEBUG timeout! - EPollPoller.cc:62
2025/08/05 14:32:045158 INFO  fd total count:2 - EPollPoller.cc:34
2025/08/05 14:32:339004 INFO  events happend1 - EPollPoller.cc:51
2025/08/05 14:32:339036 INFO  channel handleEvent revents:1 - Channel.cc:96
2025/08/05 14:32:339101 INFO  HTTP GET /api/status 从  - Middleware.cc:57
2025/08/05 14:32:339122 INFO  HTTP GET /api/status 响应 200 (0ms) - Middleware.cc:68
2025/08/05 14:32:339175 INFO  fd total count:7 - EPollPoller.cc:34
2025/08/05 14:32:315059 DEBUG timeout! - EPollPoller.cc:62
2025/08/05 14:32:315092 INFO  fd total count:1 - EPollPoller.cc:34
2025/08/05 14:32:324151 DEBUG timeout! - EPollPoller.cc:62
2025/08/05 14:32:324208 INFO  fd total count:1 - EPollPoller.cc:34
2025/08/05 14:32:331735 DEBUG timeout! - EPollPoller.cc:62
2025/08/05 14:32:331781 INFO  fd total count:1 - EPollPoller.cc:34
2025/08/05 14:33:201546 INFO  events happend1 - EPollPoller.cc:51
2025/08/05 14:33:201577 INFO  channel handleEvent revents:1 - Channel.cc:96
2025/08/05 14:33:201639 INFO  HTTP GET /api/status 从  - Middleware.cc:57
2025/08/05 14:33:201660 INFO  HTTP GET /api/status 响应 200 (0ms) - Middleware.cc:68
2025/08/05 14:33:201711 INFO  fd total count:7 - EPollPoller.cc:34
2025/08/05 14:33:055219 DEBUG timeout! - EPollPoller.cc:62
2025/08/05 14:33:055255 INFO  fd total count:2 - EPollPoller.cc:34
2025/08/05 14:33:039409 INFO  events happend1 - EPollPoller.cc:51
2025/08/05 14:33:039435 INFO  channel handleEvent revents:1 - Channel.cc:96
2025/08/05 14:33:039460 INFO  使用一致性哈希选择线程，索引=0 - EventLoopThreadPool.cc:114
2025/08/05 14:33:039468 INFO  TcpServer::newConnection [KamaHttpServer]- new connection [KamaHttpServer-0.0.0.0:8080#15]from %s127.0.0.1:38246 - TcpServer.cc:96
2025/08/05 14:33:039484 INFO  TcpConnection::ctor:[KamaHttpServer-0.0.0.0:8080#15]at fd=28 - TcpConnection.cc:52
2025/08/05 14:33:039514 INFO  fd total count:2 - EPollPoller.cc:34
2025/08/05 14:33:039530 INFO  events happend1 - EPollPoller.cc:51
2025/08/05 14:33:039551 INFO  channel handleEvent revents:1 - Channel.cc:96
2025/08/05 14:33:039562 INFO  func =>fd28events=3index=-1 - EPollPoller.cc:91
2025/08/05 14:33:039581 INFO  New HTTP connection from: 127.0.0.1:38246 - HttpServer.cc:70
2025/08/05 14:33:039589 INFO  fd total count:8 - EPollPoller.cc:34
2025/08/05 14:33:039593 INFO  events happend1 - EPollPoller.cc:51
2025/08/05 14:33:039597 INFO  channel handleEvent revents:1 - Channel.cc:96
2025/08/05 14:33:039632 INFO  HTTP GET /api/status 从  - Middleware.cc:57
2025/08/05 14:33:039652 INFO  HTTP GET /api/status 响应 200 (0ms) - Middleware.cc:68
2025/08/05 14:33:039701 INFO  fd total count:8 - EPollPoller.cc:34
2025/08/05 14:33:039767 INFO  events happend1 - EPollPoller.cc:51
2025/08/05 14:33:039771 INFO  channel handleEvent revents:1 - Channel.cc:96
2025/08/05 14:33:039777 INFO  TcpConnection::handleClose fd=28state=2 - TcpConnection.cc:258
2025/08/05 14:33:039780 INFO  func =>fd28events=0index=1 - EPollPoller.cc:91
2025/08/05 14:33:039787 INFO  HTTP connection closed: 127.0.0.1:38246 - HttpServer.cc:75
2025/08/05 14:33:039805 INFO  fd total count:8 - EPollPoller.cc:34
2025/08/05 14:33:039892 INFO  events happend1 - EPollPoller.cc:51
2025/08/05 14:33:039909 INFO  channel handleEvent revents:1 - Channel.cc:96
2025/08/05 14:33:039917 INFO  TcpServer::removeConnectionInLoop [KamaHttpServer] - connection %sKamaHttpServer-0.0.0.0:8080#15 - TcpServer.cc:143
2025/08/05 14:33:039937 INFO  fd total count:2 - EPollPoller.cc:34
2025/08/05 14:33:039941 INFO  events happend1 - EPollPoller.cc:51
2025/08/05 14:33:039945 INFO  channel handleEvent revents:1 - Channel.cc:96
2025/08/05 14:33:039950 INFO  removeChannel fd=28 - EPollPoller.cc:132
2025/08/05 14:33:039953 INFO  TcpConnection::dtor[KamaHttpServer-0.0.0.0:8080#15]at fd=28state=0 - TcpConnection.cc:58
2025/08/05 14:33:039984 INFO  fd total count:7 - EPollPoller.cc:34
2025/08/05 14:33:325143 DEBUG timeout! - EPollPoller.cc:62
2025/08/05 14:33:325180 INFO  fd total count:1 - EPollPoller.cc:34
2025/08/05 14:33:334308 DEBUG timeout! - EPollPoller.cc:62
2025/08/05 14:33:334358 INFO  fd total count:1 - EPollPoller.cc:34
2025/08/05 14:33:341913 DEBUG timeout! - EPollPoller.cc:62
2025/08/05 14:33:341961 INFO  fd total count:1 - EPollPoller.cc:34
2025/08/05 14:33:066579 INFO  events happend1 - EPollPoller.cc:51
2025/08/05 14:33:066608 INFO  channel handleEvent revents:1 - Channel.cc:96
2025/08/05 14:33:066634 INFO  使用一致性哈希选择线程，索引=0 - EventLoopThreadPool.cc:114
2025/08/05 14:33:066641 INFO  TcpServer::newConnection [KamaHttpServer]- new connection [KamaHttpServer-0.0.0.0:8080#16]from %s127.0.0.1:38248 - TcpServer.cc:96
2025/08/05 14:33:066656 INFO  TcpConnection::ctor:[KamaHttpServer-0.0.0.0:8080#16]at fd=28 - TcpConnection.cc:52
2025/08/05 14:33:066686 INFO  fd total count:2 - EPollPoller.cc:34
2025/08/05 14:33:066706 INFO  events happend1 - EPollPoller.cc:51
2025/08/05 14:33:066729 INFO  channel handleEvent revents:1 - Channel.cc:96
2025/08/05 14:33:066742 INFO  func =>fd28events=3index=-1 - EPollPoller.cc:91
2025/08/05 14:33:066763 INFO  New HTTP connection from: 127.0.0.1:38248 - HttpServer.cc:70
2025/08/05 14:33:066771 INFO  fd total count:8 - EPollPoller.cc:34
2025/08/05 14:33:066776 INFO  events happend1 - EPollPoller.cc:51
2025/08/05 14:33:066779 INFO  channel handleEvent revents:1 - Channel.cc:96
2025/08/05 14:33:066816 INFO  HTTP GET /api/status 从  - Middleware.cc:57
2025/08/05 14:33:066837 INFO  HTTP GET /api/status 响应 200 (0ms) - Middleware.cc:68
2025/08/05 14:33:066889 INFO  fd total count:8 - EPollPoller.cc:34
2025/08/05 14:33:066950 INFO  events happend1 - EPollPoller.cc:51
2025/08/05 14:33:066954 INFO  channel handleEvent revents:1 - Channel.cc:96
2025/08/05 14:33:066960 INFO  TcpConnection::handleClose fd=28state=2 - TcpConnection.cc:258
2025/08/05 14:33:066963 INFO  func =>fd28events=0index=1 - EPollPoller.cc:91
2025/08/05 14:33:066971 INFO  HTTP connection closed: 127.0.0.1:38248 - HttpServer.cc:75
2025/08/05 14:33:066988 INFO  fd total count:8 - EPollPoller.cc:34
2025/08/05 14:33:067022 INFO  events happend1 - EPollPoller.cc:51
2025/08/05 14:33:067039 INFO  channel handleEvent revents:1 - Channel.cc:96
2025/08/05 14:33:067048 INFO  TcpServer::removeConnectionInLoop [KamaHttpServer] - connection %sKamaHttpServer-0.0.0.0:8080#16 - TcpServer.cc:143
2025/08/05 14:33:067068 INFO  fd total count:2 - EPollPoller.cc:34
2025/08/05 14:33:067071 INFO  events happend1 - EPollPoller.cc:51
2025/08/05 14:33:067075 INFO  channel handleEvent revents:1 - Channel.cc:96
2025/08/05 14:33:067081 INFO  removeChannel fd=28 - EPollPoller.cc:132
2025/08/05 14:33:067084 INFO  TcpConnection::dtor[KamaHttpServer-0.0.0.0:8080#16]at fd=28state=0 - TcpConnection.cc:58
2025/08/05 14:33:067116 INFO  fd total count:7 - EPollPoller.cc:34
2025/08/05 14:33:244276 INFO  events happend1 - EPollPoller.cc:51
2025/08/05 14:33:244306 INFO  channel handleEvent revents:1 - Channel.cc:96
2025/08/05 14:33:244377 INFO  HTTP GET / 从  - Middleware.cc:57
2025/08/05 14:33:245123 INFO  HTTP GET / 响应 200 (0ms) - Middleware.cc:68
2025/08/05 14:33:245187 INFO  fd total count:7 - EPollPoller.cc:34
2025/08/05 14:33:276558 INFO  events happend1 - EPollPoller.cc:51
2025/08/05 14:33:276570 INFO  channel handleEvent revents:1 - Channel.cc:96
2025/08/05 14:33:276616 INFO  HTTP GET /css/openwebui-style.css 从  - Middleware.cc:57
2025/08/05 14:33:278000 INFO  HTTP GET /css/openwebui-style.css 响应 200 (1ms) - Middleware.cc:68
2025/08/05 14:33:278062 INFO  fd total count:7 - EPollPoller.cc:34
2025/08/05 14:33:283514 INFO  events happend1 - EPollPoller.cc:51
2025/08/05 14:33:283518 INFO  channel handleEvent revents:1 - Channel.cc:96
2025/08/05 14:33:283551 INFO  HTTP GET /js/openwebui-app.js 从  - Middleware.cc:57
2025/08/05 14:33:285700 INFO  HTTP GET /js/openwebui-app.js 响应 200 (2ms) - Middleware.cc:68
2025/08/05 14:33:285748 INFO  fd total count:7 - EPollPoller.cc:34
2025/08/05 14:33:305262 INFO  events happend1 - EPollPoller.cc:51
2025/08/05 14:33:305271 INFO  channel handleEvent revents:1 - Channel.cc:96
2025/08/05 14:33:305308 INFO  HTTP GET /api/models 从  - Middleware.cc:57
2025/08/05 14:33:305324 INFO  HTTP GET /api/models 响应 200 (0ms) - Middleware.cc:68
2025/08/05 14:33:305359 INFO  fd total count:7 - EPollPoller.cc:34
2025/08/05 14:33:310733 INFO  events happend1 - EPollPoller.cc:51
2025/08/05 14:33:310741 INFO  channel handleEvent revents:1 - Channel.cc:96
2025/08/05 14:33:310774 INFO  HTTP GET /api/status 从  - Middleware.cc:57
2025/08/05 14:33:310789 INFO  HTTP GET /api/status 响应 200 (0ms) - Middleware.cc:68
2025/08/05 14:33:310823 INFO  fd total count:7 - EPollPoller.cc:34
2025/08/05 14:33:581146 INFO  events happend1 - EPollPoller.cc:51
2025/08/05 14:33:581175 INFO  channel handleEvent revents:1 - Channel.cc:96
2025/08/05 14:33:581202 INFO  使用一致性哈希选择线程，索引=0 - EventLoopThreadPool.cc:114
2025/08/05 14:33:581209 INFO  TcpServer::newConnection [KamaHttpServer]- new connection [KamaHttpServer-0.0.0.0:8080#17]from %s127.0.0.1:38250 - TcpServer.cc:96
2025/08/05 14:33:581224 INFO  TcpConnection::ctor:[KamaHttpServer-0.0.0.0:8080#17]at fd=28 - TcpConnection.cc:52
2025/08/05 14:33:581255 INFO  fd total count:2 - EPollPoller.cc:34
2025/08/05 14:33:581302 INFO  events happend1 - EPollPoller.cc:51
2025/08/05 14:33:581350 INFO  channel handleEvent revents:1 - Channel.cc:96
2025/08/05 14:33:581378 INFO  func =>fd28events=3index=-1 - EPollPoller.cc:91
2025/08/05 14:33:581420 INFO  New HTTP connection from: 127.0.0.1:38250 - HttpServer.cc:70
2025/08/05 14:33:581441 INFO  fd total count:8 - EPollPoller.cc:34
2025/08/05 14:33:627097 INFO  events happend1 - EPollPoller.cc:51
2025/08/05 14:33:627112 INFO  channel handleEvent revents:1 - Channel.cc:96
2025/08/05 14:33:627129 INFO  使用一致性哈希选择线程，索引=0 - EventLoopThreadPool.cc:114
2025/08/05 14:33:627134 INFO  TcpServer::newConnection [KamaHttpServer]- new connection [KamaHttpServer-0.0.0.0:8080#18]from %s127.0.0.1:38252 - TcpServer.cc:96
2025/08/05 14:33:627145 INFO  TcpConnection::ctor:[KamaHttpServer-0.0.0.0:8080#18]at fd=29 - TcpConnection.cc:52
2025/08/05 14:33:627170 INFO  fd total count:2 - EPollPoller.cc:34
2025/08/05 14:33:627195 INFO  events happend1 - EPollPoller.cc:51
2025/08/05 14:33:627222 INFO  channel handleEvent revents:1 - Channel.cc:96
2025/08/05 14:33:627242 INFO  func =>fd29events=3index=-1 - EPollPoller.cc:91
2025/08/05 14:33:627277 INFO  New HTTP connection from: 127.0.0.1:38252 - HttpServer.cc:70
2025/08/05 14:33:627296 INFO  fd total count:9 - EPollPoller.cc:34
2025/08/05 14:33:335231 DEBUG timeout! - EPollPoller.cc:62
2025/08/05 14:33:335266 INFO  fd total count:1 - EPollPoller.cc:34
2025/08/05 14:33:344413 DEBUG timeout! - EPollPoller.cc:62
2025/08/05 14:33:344436 INFO  fd total count:1 - EPollPoller.cc:34
2025/08/05 14:33:352023 DEBUG timeout! - EPollPoller.cc:62
2025/08/05 14:33:352044 INFO  fd total count:1 - EPollPoller.cc:34
2025/08/05 14:33:661872 INFO  events happend1 - EPollPoller.cc:51
2025/08/05 14:33:661901 INFO  channel handleEvent revents:1 - Channel.cc:96
2025/08/05 14:33:661964 INFO  HTTP GET /admin.html 从  - Middleware.cc:57
2025/08/05 14:33:663533 INFO  HTTP GET /admin.html 响应 200 (1ms) - Middleware.cc:68
2025/08/05 14:33:663598 INFO  fd total count:9 - EPollPoller.cc:34
2025/08/05 14:33:686166 INFO  events happend1 - EPollPoller.cc:51
2025/08/05 14:33:686175 INFO  channel handleEvent revents:1 - Channel.cc:96
2025/08/05 14:33:686218 INFO  HTTP GET /css/openwebui-style.css 从  - Middleware.cc:57
2025/08/05 14:33:687607 INFO  HTTP GET /css/openwebui-style.css 响应 200 (1ms) - Middleware.cc:68
2025/08/05 14:33:687651 INFO  fd total count:9 - EPollPoller.cc:34
2025/08/05 14:33:696054 INFO  events happend1 - EPollPoller.cc:51
2025/08/05 14:33:696062 INFO  channel handleEvent revents:1 - Channel.cc:96
2025/08/05 14:33:696094 INFO  HTTP GET /api/status 从  - Middleware.cc:57
2025/08/05 14:33:696112 INFO  HTTP GET /api/status 响应 200 (0ms) - Middleware.cc:68
2025/08/05 14:33:696144 INFO  fd total count:9 - EPollPoller.cc:34
2025/08/05 14:33:425152 INFO  events happend1 - EPollPoller.cc:51
2025/08/05 14:33:425185 INFO  channel handleEvent revents:1 - Channel.cc:96
2025/08/05 14:33:425259 INFO  HTTP GET /admin.html 从  - Middleware.cc:57
2025/08/05 14:33:426948 INFO  HTTP GET /admin.html 响应 200 (1ms) - Middleware.cc:68
2025/08/05 14:33:427016 INFO  fd total count:9 - EPollPoller.cc:34
2025/08/05 14:33:447797 INFO  events happend1 - EPollPoller.cc:51
2025/08/05 14:33:447811 INFO  channel handleEvent revents:1 - Channel.cc:96
2025/08/05 14:33:447852 INFO  HTTP GET /css/openwebui-style.css 从  - Middleware.cc:57
2025/08/05 14:33:449328 INFO  HTTP GET /css/openwebui-style.css 响应 200 (1ms) - Middleware.cc:68
2025/08/05 14:33:449377 INFO  fd total count:9 - EPollPoller.cc:34
2025/08/05 14:33:458890 INFO  events happend1 - EPollPoller.cc:51
2025/08/05 14:33:458900 INFO  channel handleEvent revents:1 - Channel.cc:96
2025/08/05 14:33:458935 INFO  HTTP GET /api/status 从  - Middleware.cc:57
2025/08/05 14:33:458953 INFO  HTTP GET /api/status 响应 200 (0ms) - Middleware.cc:68
2025/08/05 14:33:458991 INFO  fd total count:9 - EPollPoller.cc:34
2025/08/05 14:33:798692 INFO  events happend1 - EPollPoller.cc:51
2025/08/05 14:33:798723 INFO  channel handleEvent revents:1 - Channel.cc:96
2025/08/05 14:33:798784 INFO  HTTP GET /api/status 从  - Middleware.cc:57
2025/08/05 14:33:798804 INFO  HTTP GET /api/status 响应 200 (0ms) - Middleware.cc:68
2025/08/05 14:33:798857 INFO  fd total count:9 - EPollPoller.cc:34
2025/08/05 14:33:752185 INFO  events happend1 - EPollPoller.cc:51
2025/08/05 14:33:752216 INFO  channel handleEvent revents:1 - Channel.cc:96
2025/08/05 14:33:752274 INFO  HTTP GET /api/status 从  - Middleware.cc:57
2025/08/05 14:33:752296 INFO  HTTP GET /api/status 响应 200 (0ms) - Middleware.cc:68
2025/08/05 14:33:752346 INFO  fd total count:9 - EPollPoller.cc:34
2025/08/05 14:33:195895 INFO  events happend1 - EPollPoller.cc:51
2025/08/05 14:33:195924 INFO  channel handleEvent revents:1 - Channel.cc:96
2025/08/05 14:33:195989 INFO  HTTP GET /api/status 从  - Middleware.cc:57
2025/08/05 14:33:196010 INFO  HTTP GET /api/status 响应 200 (0ms) - Middleware.cc:68
2025/08/05 14:33:196062 INFO  fd total count:9 - EPollPoller.cc:34
2025/08/05 14:33:637232 DEBUG timeout! - EPollPoller.cc:62
2025/08/05 14:33:637267 INFO  fd total count:2 - EPollPoller.cc:34
2025/08/05 14:33:345308 DEBUG timeout! - EPollPoller.cc:62
2025/08/05 14:33:345341 INFO  fd total count:1 - EPollPoller.cc:34
2025/08/05 14:33:354497 DEBUG timeout! - EPollPoller.cc:62
2025/08/05 14:33:354522 INFO  fd total count:1 - EPollPoller.cc:34
2025/08/05 14:33:362130 DEBUG timeout! - EPollPoller.cc:62
2025/08/05 14:33:362150 INFO  fd total count:1 - EPollPoller.cc:34
2025/08/05 14:33:132475 INFO  events happend1 - EPollPoller.cc:51
2025/08/05 14:33:132501 INFO  channel handleEvent revents:1 - Channel.cc:96
2025/08/05 14:33:132528 INFO  使用一致性哈希选择线程，索引=0 - EventLoopThreadPool.cc:114
2025/08/05 14:33:132536 INFO  TcpServer::newConnection [KamaHttpServer]- new connection [KamaHttpServer-0.0.0.0:8080#19]from %s127.0.0.1:38254 - TcpServer.cc:96
2025/08/05 14:33:132550 INFO  TcpConnection::ctor:[KamaHttpServer-0.0.0.0:8080#19]at fd=30 - TcpConnection.cc:52
2025/08/05 14:33:132597 INFO  fd total count:2 - EPollPoller.cc:34
2025/08/05 14:33:132623 INFO  events happend1 - EPollPoller.cc:51
2025/08/05 14:33:132644 INFO  channel handleEvent revents:1 - Channel.cc:96
2025/08/05 14:33:132657 INFO  func =>fd30events=3index=-1 - EPollPoller.cc:91
2025/08/05 14:33:132679 INFO  New HTTP connection from: 127.0.0.1:38254 - HttpServer.cc:70
2025/08/05 14:33:132687 INFO  fd total count:10 - EPollPoller.cc:34
2025/08/05 14:33:132692 INFO  events happend1 - EPollPoller.cc:51
2025/08/05 14:33:132694 INFO  channel handleEvent revents:1 - Channel.cc:96
2025/08/05 14:33:132730 INFO  HTTP GET /api/status 从  - Middleware.cc:57
2025/08/05 14:33:132749 INFO  HTTP GET /api/status 响应 200 (0ms) - Middleware.cc:68
2025/08/05 14:33:132797 INFO  fd total count:10 - EPollPoller.cc:34
2025/08/05 14:33:132856 INFO  events happend1 - EPollPoller.cc:51
2025/08/05 14:33:132860 INFO  channel handleEvent revents:1 - Channel.cc:96
2025/08/05 14:33:132866 INFO  TcpConnection::handleClose fd=30state=2 - TcpConnection.cc:258
2025/08/05 14:33:132870 INFO  func =>fd30events=0index=1 - EPollPoller.cc:91
2025/08/05 14:33:132877 INFO  HTTP connection closed: 127.0.0.1:38254 - HttpServer.cc:75
2025/08/05 14:33:132895 INFO  fd total count:10 - EPollPoller.cc:34
2025/08/05 14:33:132904 INFO  events happend1 - EPollPoller.cc:51
2025/08/05 14:33:132908 INFO  channel handleEvent revents:1 - Channel.cc:96
2025/08/05 14:33:132913 INFO  TcpServer::removeConnectionInLoop [KamaHttpServer] - connection %sKamaHttpServer-0.0.0.0:8080#19 - TcpServer.cc:143
2025/08/05 14:33:132926 INFO  fd total count:2 - EPollPoller.cc:34
2025/08/05 14:33:132931 INFO  events happend1 - EPollPoller.cc:51
2025/08/05 14:33:132934 INFO  channel handleEvent revents:1 - Channel.cc:96
2025/08/05 14:33:132939 INFO  removeChannel fd=30 - EPollPoller.cc:132
2025/08/05 14:33:132943 INFO  TcpConnection::dtor[KamaHttpServer-0.0.0.0:8080#19]at fd=30state=0 - TcpConnection.cc:58
2025/08/05 14:33:132974 INFO  fd total count:9 - EPollPoller.cc:34
2025/08/05 14:33:355400 DEBUG timeout! - EPollPoller.cc:62
2025/08/05 14:33:355433 INFO  fd total count:1 - EPollPoller.cc:34
2025/08/05 14:33:364568 DEBUG timeout! - EPollPoller.cc:62
2025/08/05 14:33:364593 INFO  fd total count:1 - EPollPoller.cc:34
2025/08/05 14:33:372208 DEBUG timeout! - EPollPoller.cc:62
2025/08/05 14:33:372229 INFO  fd total count:1 - EPollPoller.cc:34
2025/08/05 14:33:142994 DEBUG timeout! - EPollPoller.cc:62
2025/08/05 14:33:143039 DEBUG timeout! - EPollPoller.cc:62
2025/08/05 14:33:143056 INFO  fd total count:2 - EPollPoller.cc:34
2025/08/05 14:33:143073 INFO  fd total count:9 - EPollPoller.cc:34
2025/08/05 14:33:822861 INFO  events happend1 - EPollPoller.cc:51
2025/08/05 14:33:822914 INFO  channel handleEvent revents:1 - Channel.cc:96
2025/08/05 14:33:822969 INFO  使用一致性哈希选择线程，索引=0 - EventLoopThreadPool.cc:114
2025/08/05 14:33:822985 INFO  TcpServer::newConnection [KamaHttpServer]- new connection [KamaHttpServer-0.0.0.0:8080#20]from %s127.0.0.1:38256 - TcpServer.cc:96
2025/08/05 14:33:823021 INFO  TcpConnection::ctor:[KamaHttpServer-0.0.0.0:8080#20]at fd=30 - TcpConnection.cc:52
2025/08/05 14:33:823122 INFO  fd total count:2 - EPollPoller.cc:34
2025/08/05 14:33:823145 INFO  events happend1 - EPollPoller.cc:51
2025/08/05 14:33:823172 INFO  channel handleEvent revents:1 - Channel.cc:96
2025/08/05 14:33:823187 INFO  func =>fd30events=3index=-1 - EPollPoller.cc:91
2025/08/05 14:33:823210 INFO  New HTTP connection from: 127.0.0.1:38256 - HttpServer.cc:70
2025/08/05 14:33:823218 INFO  fd total count:10 - EPollPoller.cc:34
2025/08/05 14:33:823222 INFO  events happend1 - EPollPoller.cc:51
2025/08/05 14:33:823225 INFO  channel handleEvent revents:1 - Channel.cc:96
2025/08/05 14:33:823260 INFO  HTTP GET /api/status 从  - Middleware.cc:57
2025/08/05 14:33:823281 INFO  HTTP GET /api/status 响应 200 (0ms) - Middleware.cc:68
2025/08/05 14:33:823329 INFO  fd total count:10 - EPollPoller.cc:34
2025/08/05 14:33:823388 INFO  events happend1 - EPollPoller.cc:51
2025/08/05 14:33:823392 INFO  channel handleEvent revents:1 - Channel.cc:96
2025/08/05 14:33:823398 INFO  TcpConnection::handleClose fd=30state=2 - TcpConnection.cc:258
2025/08/05 14:33:823402 INFO  func =>fd30events=0index=1 - EPollPoller.cc:91
2025/08/05 14:33:823409 INFO  HTTP connection closed: 127.0.0.1:38256 - HttpServer.cc:75
2025/08/05 14:33:823428 INFO  fd total count:10 - EPollPoller.cc:34
2025/08/05 14:33:823454 INFO  events happend1 - EPollPoller.cc:51
2025/08/05 14:33:823466 INFO  channel handleEvent revents:1 - Channel.cc:96
2025/08/05 14:33:823481 INFO  TcpServer::removeConnectionInLoop [KamaHttpServer] - connection %sKamaHttpServer-0.0.0.0:8080#20 - TcpServer.cc:143
2025/08/05 14:33:823517 INFO  events happend1 - EPollPoller.cc:51
2025/08/05 14:33:823518 INFO  fd total count:2 - EPollPoller.cc:34
2025/08/05 14:33:823521 INFO  channel handleEvent revents:1 - Channel.cc:96
2025/08/05 14:33:823549 INFO  removeChannel fd=30 - EPollPoller.cc:132
2025/08/05 14:33:823552 INFO  TcpConnection::dtor[KamaHttpServer-0.0.0.0:8080#20]at fd=30state=0 - TcpConnection.cc:58
2025/08/05 14:33:823584 INFO  fd total count:9 - EPollPoller.cc:34
2025/08/05 14:33:365466 DEBUG timeout! - EPollPoller.cc:62
2025/08/05 14:33:365499 INFO  fd total count:1 - EPollPoller.cc:34
2025/08/05 14:33:374630 DEBUG timeout! - EPollPoller.cc:62
2025/08/05 14:33:374662 INFO  fd total count:1 - EPollPoller.cc:34
2025/08/05 14:33:382289 DEBUG timeout! - EPollPoller.cc:62
2025/08/05 14:33:382308 INFO  fd total count:1 - EPollPoller.cc:34
2025/08/05 14:33:192702 INFO  events happend1 - EPollPoller.cc:51
2025/08/05 14:33:192762 INFO  channel handleEvent revents:1 - Channel.cc:96
2025/08/05 14:33:192893 INFO  HTTP GET /api/status 从  - Middleware.cc:57
2025/08/05 14:33:192945 INFO  HTTP GET /api/status 响应 200 (0ms) - Middleware.cc:68
2025/08/05 14:33:193075 INFO  fd total count:9 - EPollPoller.cc:34
2025/08/05 14:33:338406 INFO  events happend1 - EPollPoller.cc:51
2025/08/05 14:33:338438 INFO  channel handleEvent revents:1 - Channel.cc:96
2025/08/05 14:33:338498 INFO  HTTP GET /api/status 从  - Middleware.cc:57
2025/08/05 14:33:338518 INFO  HTTP GET /api/status 响应 200 (0ms) - Middleware.cc:68
2025/08/05 14:33:338571 INFO  fd total count:9 - EPollPoller.cc:34
2025/08/05 14:33:373658 INFO  events happend1 - EPollPoller.cc:51
2025/08/05 14:33:373682 INFO  channel handleEvent revents:1 - Channel.cc:96
2025/08/05 14:33:373707 INFO  使用一致性哈希选择线程，索引=0 - EventLoopThreadPool.cc:114
2025/08/05 14:33:373714 INFO  TcpServer::newConnection [KamaHttpServer]- new connection [KamaHttpServer-0.0.0.0:8080#21]from %s127.0.0.1:38258 - TcpServer.cc:96
2025/08/05 14:33:373730 INFO  TcpConnection::ctor:[KamaHttpServer-0.0.0.0:8080#21]at fd=30 - TcpConnection.cc:52
2025/08/05 14:33:373764 INFO  fd total count:2 - EPollPoller.cc:34
2025/08/05 14:33:373776 INFO  events happend1 - EPollPoller.cc:51
2025/08/05 14:33:373791 INFO  channel handleEvent revents:1 - Channel.cc:96
2025/08/05 14:33:373801 INFO  func =>fd30events=3index=-1 - EPollPoller.cc:91
2025/08/05 14:33:373820 INFO  New HTTP connection from: 127.0.0.1:38258 - HttpServer.cc:70
2025/08/05 14:33:373828 INFO  fd total count:10 - EPollPoller.cc:34
2025/08/05 14:33:373831 INFO  events happend1 - EPollPoller.cc:51
2025/08/05 14:33:373834 INFO  channel handleEvent revents:1 - Channel.cc:96
2025/08/05 14:33:373866 INFO  HTTP GET /api/status 从  - Middleware.cc:57
2025/08/05 14:33:373884 INFO  HTTP GET /api/status 响应 200 (0ms) - Middleware.cc:68
2025/08/05 14:33:373924 INFO  fd total count:10 - EPollPoller.cc:34
2025/08/05 14:33:374008 INFO  events happend1 - EPollPoller.cc:51
2025/08/05 14:33:374014 INFO  channel handleEvent revents:1 - Channel.cc:96
2025/08/05 14:33:374021 INFO  TcpConnection::handleClose fd=30state=2 - TcpConnection.cc:258
2025/08/05 14:33:374025 INFO  func =>fd30events=0index=1 - EPollPoller.cc:91
2025/08/05 14:33:374034 INFO  HTTP connection closed: 127.0.0.1:38258 - HttpServer.cc:75
2025/08/05 14:33:374050 INFO  fd total count:10 - EPollPoller.cc:34
2025/08/05 14:33:374058 INFO  events happend1 - EPollPoller.cc:51
2025/08/05 14:33:374062 INFO  channel handleEvent revents:1 - Channel.cc:96
2025/08/05 14:33:374068 INFO  TcpServer::removeConnectionInLoop [KamaHttpServer] - connection %sKamaHttpServer-0.0.0.0:8080#21 - TcpServer.cc:143
2025/08/05 14:33:374080 INFO  fd total count:2 - EPollPoller.cc:34
2025/08/05 14:33:374085 INFO  events happend1 - EPollPoller.cc:51
2025/08/05 14:33:374088 INFO  channel handleEvent revents:1 - Channel.cc:96
2025/08/05 14:33:374094 INFO  removeChannel fd=30 - EPollPoller.cc:132
2025/08/05 14:33:374098 INFO  TcpConnection::dtor[KamaHttpServer-0.0.0.0:8080#21]at fd=30state=0 - TcpConnection.cc:58
2025/08/05 14:33:374130 INFO  fd total count:9 - EPollPoller.cc:34
2025/08/05 14:33:375580 DEBUG timeout! - EPollPoller.cc:62
2025/08/05 14:33:375656 INFO  fd total count:1 - EPollPoller.cc:34
2025/08/05 14:33:384705 DEBUG timeout! - EPollPoller.cc:62
2025/08/05 14:33:384733 INFO  fd total count:1 - EPollPoller.cc:34
2025/08/05 14:33:392338 DEBUG timeout! - EPollPoller.cc:62
2025/08/05 14:33:392358 INFO  fd total count:1 - EPollPoller.cc:34
2025/08/05 14:34:384136 DEBUG timeout! - EPollPoller.cc:62
2025/08/05 14:34:384163 DEBUG timeout! - EPollPoller.cc:62
2025/08/05 14:34:384168 INFO  fd total count:2 - EPollPoller.cc:34
2025/08/05 14:34:384201 INFO  fd total count:9 - EPollPoller.cc:34
2025/08/05 14:34:385703 DEBUG timeout! - EPollPoller.cc:62
2025/08/05 14:34:385736 INFO  fd total count:1 - EPollPoller.cc:34
2025/08/05 14:34:394787 DEBUG timeout! - EPollPoller.cc:62
2025/08/05 14:34:394809 INFO  fd total count:1 - EPollPoller.cc:34
2025/08/05 14:34:402395 DEBUG timeout! - EPollPoller.cc:62
2025/08/05 14:34:402415 INFO  fd total count:1 - EPollPoller.cc:34
2025/08/05 14:34:946542 INFO  events happend1 - EPollPoller.cc:51
2025/08/05 14:34:946575 INFO  channel handleEvent revents:1 - Channel.cc:96
2025/08/05 14:34:946605 INFO  使用一致性哈希选择线程，索引=0 - EventLoopThreadPool.cc:114
2025/08/05 14:34:946613 INFO  TcpServer::newConnection [KamaHttpServer]- new connection [KamaHttpServer-0.0.0.0:8080#22]from %s127.0.0.1:38260 - TcpServer.cc:96
2025/08/05 14:34:946627 INFO  TcpConnection::ctor:[KamaHttpServer-0.0.0.0:8080#22]at fd=30 - TcpConnection.cc:52
2025/08/05 14:34:946662 INFO  fd total count:2 - EPollPoller.cc:34
2025/08/05 14:34:946687 INFO  events happend1 - EPollPoller.cc:51
2025/08/05 14:34:946710 INFO  channel handleEvent revents:1 - Channel.cc:96
2025/08/05 14:34:946723 INFO  func =>fd30events=3index=-1 - EPollPoller.cc:91
2025/08/05 14:34:946743 INFO  New HTTP connection from: 127.0.0.1:38260 - HttpServer.cc:70
2025/08/05 14:34:946751 INFO  fd total count:10 - EPollPoller.cc:34
2025/08/05 14:34:946755 INFO  events happend1 - EPollPoller.cc:51
2025/08/05 14:34:946758 INFO  channel handleEvent revents:1 - Channel.cc:96
2025/08/05 14:34:946795 INFO  HTTP GET /api/status 从  - Middleware.cc:57
2025/08/05 14:34:946814 INFO  HTTP GET /api/status 响应 200 (0ms) - Middleware.cc:68
2025/08/05 14:34:946863 INFO  fd total count:10 - EPollPoller.cc:34
2025/08/05 14:34:946980 INFO  events happend1 - EPollPoller.cc:51
2025/08/05 14:34:946987 INFO  channel handleEvent revents:1 - Channel.cc:96
2025/08/05 14:34:946995 INFO  TcpConnection::handleClose fd=30state=2 - TcpConnection.cc:258
2025/08/05 14:34:946999 INFO  func =>fd30events=0index=1 - EPollPoller.cc:91
2025/08/05 14:34:947007 INFO  HTTP connection closed: 127.0.0.1:38260 - HttpServer.cc:75
2025/08/05 14:34:947026 INFO  fd total count:10 - EPollPoller.cc:34
2025/08/05 14:34:947033 INFO  events happend1 - EPollPoller.cc:51
2025/08/05 14:34:947038 INFO  channel handleEvent revents:1 - Channel.cc:96
2025/08/05 14:34:947044 INFO  TcpServer::removeConnectionInLoop [KamaHttpServer] - connection %sKamaHttpServer-0.0.0.0:8080#22 - TcpServer.cc:143
2025/08/05 14:34:947058 INFO  fd total count:2 - EPollPoller.cc:34
2025/08/05 14:34:947084 INFO  events happend1 - EPollPoller.cc:51
2025/08/05 14:34:947090 INFO  channel handleEvent revents:1 - Channel.cc:96
2025/08/05 14:34:947097 INFO  removeChannel fd=30 - EPollPoller.cc:132
2025/08/05 14:34:947100 INFO  TcpConnection::dtor[KamaHttpServer-0.0.0.0:8080#22]at fd=30state=0 - TcpConnection.cc:58
2025/08/05 14:34:947135 INFO  fd total count:9 - EPollPoller.cc:34
2025/08/05 14:34:953428 INFO  events happend1 - EPollPoller.cc:51
2025/08/05 14:34:953437 INFO  channel handleEvent revents:1 - Channel.cc:96
2025/08/05 14:34:953451 INFO  使用一致性哈希选择线程，索引=0 - EventLoopThreadPool.cc:114
2025/08/05 14:34:953456 INFO  TcpServer::newConnection [KamaHttpServer]- new connection [KamaHttpServer-0.0.0.0:8080#23]from %s127.0.0.1:38262 - TcpServer.cc:96
2025/08/05 14:34:953466 INFO  TcpConnection::ctor:[KamaHttpServer-0.0.0.0:8080#23]at fd=30 - TcpConnection.cc:52
2025/08/05 14:34:953487 INFO  fd total count:2 - EPollPoller.cc:34
2025/08/05 14:34:953499 INFO  events happend1 - EPollPoller.cc:51
2025/08/05 14:34:953512 INFO  channel handleEvent revents:1 - Channel.cc:96
2025/08/05 14:34:953521 INFO  func =>fd30events=3index=-1 - EPollPoller.cc:91
2025/08/05 14:34:953534 INFO  New HTTP connection from: 127.0.0.1:38262 - HttpServer.cc:70
2025/08/05 14:34:953540 INFO  fd total count:10 - EPollPoller.cc:34
2025/08/05 14:34:953543 INFO  events happend1 - EPollPoller.cc:51
2025/08/05 14:34:953546 INFO  channel handleEvent revents:1 - Channel.cc:96
2025/08/05 14:34:953572 INFO  HTTP GET /api/status 从  - Middleware.cc:57
2025/08/05 14:34:953589 INFO  HTTP GET /api/status 响应 200 (0ms) - Middleware.cc:68
2025/08/05 14:34:953621 INFO  fd total count:10 - EPollPoller.cc:34
2025/08/05 14:34:953872 INFO  events happend1 - EPollPoller.cc:51
2025/08/05 14:34:953876 INFO  channel handleEvent revents:1 - Channel.cc:96
2025/08/05 14:34:953882 INFO  TcpConnection::handleClose fd=30state=2 - TcpConnection.cc:258
2025/08/05 14:34:953885 INFO  func =>fd30events=0index=1 - EPollPoller.cc:91
2025/08/05 14:34:953892 INFO  HTTP connection closed: 127.0.0.1:38262 - HttpServer.cc:75
2025/08/05 14:34:953907 INFO  fd total count:10 - EPollPoller.cc:34
2025/08/05 14:34:953916 INFO  events happend1 - EPollPoller.cc:51
2025/08/05 14:34:953920 INFO  channel handleEvent revents:1 - Channel.cc:96
2025/08/05 14:34:953925 INFO  TcpServer::removeConnectionInLoop [KamaHttpServer] - connection %sKamaHttpServer-0.0.0.0:8080#23 - TcpServer.cc:143
2025/08/05 14:34:953940 INFO  fd total count:2 - EPollPoller.cc:34
2025/08/05 14:34:953945 INFO  events happend1 - EPollPoller.cc:51
2025/08/05 14:34:953948 INFO  channel handleEvent revents:1 - Channel.cc:96
2025/08/05 14:34:953953 INFO  removeChannel fd=30 - EPollPoller.cc:132
2025/08/05 14:34:953956 INFO  TcpConnection::dtor[KamaHttpServer-0.0.0.0:8080#23]at fd=30state=0 - TcpConnection.cc:58
2025/08/05 14:34:953982 INFO  fd total count:9 - EPollPoller.cc:34
2025/08/05 14:34:395792 DEBUG timeout! - EPollPoller.cc:62
2025/08/05 14:34:395824 INFO  fd total count:1 - EPollPoller.cc:34
2025/08/05 14:34:404860 DEBUG timeout! - EPollPoller.cc:62
2025/08/05 14:34:404884 INFO  fd total count:1 - EPollPoller.cc:34
2025/08/05 14:34:412464 DEBUG timeout! - EPollPoller.cc:62
2025/08/05 14:34:412484 INFO  fd total count:1 - EPollPoller.cc:34
2025/08/05 14:34:963969 DEBUG timeout! - EPollPoller.cc:62
2025/08/05 14:34:964002 INFO  fd total count:2 - EPollPoller.cc:34
2025/08/05 14:34:964018 DEBUG timeout! - EPollPoller.cc:62
2025/08/05 14:34:964040 INFO  fd total count:9 - EPollPoller.cc:34
2025/08/05 14:34:196077 INFO  events happend1 - EPollPoller.cc:51
2025/08/05 14:34:196109 INFO  channel handleEvent revents:1 - Channel.cc:96
2025/08/05 14:34:196173 INFO  HTTP GET /api/status 从  - Middleware.cc:57
2025/08/05 14:34:196194 INFO  HTTP GET /api/status 响应 200 (0ms) - Middleware.cc:68
2025/08/05 14:34:196251 INFO  fd total count:9 - EPollPoller.cc:34
2025/08/05 14:34:405920 DEBUG timeout! - EPollPoller.cc:62
2025/08/05 14:34:405952 INFO  fd total count:1 - EPollPoller.cc:34
2025/08/05 14:34:414938 DEBUG timeout! - EPollPoller.cc:62
2025/08/05 14:34:414962 INFO  fd total count:1 - EPollPoller.cc:34
2025/08/05 14:34:422532 DEBUG timeout! - EPollPoller.cc:62
2025/08/05 14:34:422554 INFO  fd total count:1 - EPollPoller.cc:34
2025/08/05 14:34:974109 DEBUG timeout! - EPollPoller.cc:62
2025/08/05 14:34:974172 INFO  fd total count:2 - EPollPoller.cc:34
2025/08/05 14:34:206296 DEBUG timeout! - EPollPoller.cc:62
2025/08/05 14:34:206330 INFO  fd total count:9 - EPollPoller.cc:34
2025/08/05 14:34:416014 DEBUG timeout! - EPollPoller.cc:62
2025/08/05 14:34:416050 INFO  fd total count:1 - EPollPoller.cc:34
2025/08/05 14:34:424998 DEBUG timeout! - EPollPoller.cc:62
2025/08/05 14:34:425021 INFO  fd total count:1 - EPollPoller.cc:34
2025/08/05 14:34:432582 DEBUG timeout! - EPollPoller.cc:62
2025/08/05 14:34:432603 INFO  fd total count:1 - EPollPoller.cc:34
2025/08/05 14:34:984220 DEBUG timeout! - EPollPoller.cc:62
2025/08/05 14:34:984255 INFO  fd total count:2 - EPollPoller.cc:34
2025/08/05 14:34:216376 DEBUG timeout! - EPollPoller.cc:62
2025/08/05 14:34:216407 INFO  fd total count:9 - EPollPoller.cc:34
2025/08/05 14:34:426142 DEBUG timeout! - EPollPoller.cc:62
2025/08/05 14:34:426201 INFO  fd total count:1 - EPollPoller.cc:34
2025/08/05 14:34:435075 DEBUG timeout! - EPollPoller.cc:62
2025/08/05 14:34:435107 INFO  fd total count:1 - EPollPoller.cc:34
2025/08/05 14:34:442654 DEBUG timeout! - EPollPoller.cc:62
2025/08/05 14:34:442672 INFO  fd total count:1 - EPollPoller.cc:34
2025/08/05 14:34:994287 DEBUG timeout! - EPollPoller.cc:62
2025/08/05 14:34:994317 INFO  fd total count:2 - EPollPoller.cc:34
2025/08/05 14:34:193057 INFO  events happend1 - EPollPoller.cc:51
2025/08/05 14:34:193088 INFO  channel handleEvent revents:1 - Channel.cc:96
2025/08/05 14:34:193152 INFO  HTTP GET /api/status 从  - Middleware.cc:57
2025/08/05 14:34:193173 INFO  HTTP GET /api/status 响应 200 (0ms) - Middleware.cc:68
2025/08/05 14:34:193227 INFO  fd total count:9 - EPollPoller.cc:34
2025/08/05 14:34:426327 DEBUG timeout! - EPollPoller.cc:62
2025/08/05 14:34:426360 INFO  fd total count:1 - EPollPoller.cc:34
2025/08/05 14:34:445167 DEBUG timeout! - EPollPoller.cc:62
2025/08/05 14:34:445190 INFO  fd total count:1 - EPollPoller.cc:34
2025/08/05 14:34:452746 DEBUG timeout! - EPollPoller.cc:62
2025/08/05 14:34:452768 INFO  fd total count:1 - EPollPoller.cc:34
2025/08/05 14:35:004361 DEBUG timeout! - EPollPoller.cc:62
2025/08/05 14:35:004400 INFO  fd total count:2 - EPollPoller.cc:34
2025/08/05 14:35:203265 DEBUG timeout! - EPollPoller.cc:62
2025/08/05 14:35:203296 INFO  fd total count:9 - EPollPoller.cc:34
2025/08/05 14:35:381332 INFO  events happend1 - EPollPoller.cc:51
2025/08/05 14:35:381361 INFO  channel handleEvent revents:1 - Channel.cc:96
2025/08/05 14:35:381427 INFO  HTTP GET /admin.html 从  - Middleware.cc:57
2025/08/05 14:35:383074 INFO  HTTP GET /admin.html 响应 200 (1ms) - Middleware.cc:68
2025/08/05 14:35:383168 INFO  fd total count:9 - EPollPoller.cc:34
2025/08/05 14:35:401604 INFO  events happend1 - EPollPoller.cc:51
2025/08/05 14:35:401619 INFO  channel handleEvent revents:1 - Channel.cc:96
2025/08/05 14:35:401663 INFO  HTTP GET /css/openwebui-style.css 从  - Middleware.cc:57
2025/08/05 14:35:403109 INFO  HTTP GET /css/openwebui-style.css 响应 200 (1ms) - Middleware.cc:68
2025/08/05 14:35:403157 INFO  fd total count:9 - EPollPoller.cc:34
2025/08/05 14:35:420839 INFO  events happend1 - EPollPoller.cc:51
2025/08/05 14:35:420847 INFO  channel handleEvent revents:1 - Channel.cc:96
2025/08/05 14:35:420882 INFO  HTTP GET /api/status 从  - Middleware.cc:57
2025/08/05 14:35:420901 INFO  HTTP GET /api/status 响应 200 (0ms) - Middleware.cc:68
2025/08/05 14:35:420941 INFO  fd total count:9 - EPollPoller.cc:34
2025/08/05 14:35:436405 DEBUG timeout! - EPollPoller.cc:62
2025/08/05 14:35:436437 INFO  fd total count:1 - EPollPoller.cc:34
2025/08/05 14:35:455233 DEBUG timeout! - EPollPoller.cc:62
2025/08/05 14:35:455258 INFO  fd total count:1 - EPollPoller.cc:34
2025/08/05 14:35:462834 DEBUG timeout! - EPollPoller.cc:62
2025/08/05 14:35:462883 INFO  fd total count:1 - EPollPoller.cc:34
2025/08/05 14:35:014442 DEBUG timeout! - EPollPoller.cc:62
2025/08/05 14:35:014478 INFO  fd total count:2 - EPollPoller.cc:34
2025/08/05 14:35:430977 DEBUG timeout! - EPollPoller.cc:62
2025/08/05 14:35:431010 INFO  fd total count:9 - EPollPoller.cc:34
2025/08/05 14:35:446486 DEBUG timeout! - EPollPoller.cc:62
2025/08/05 14:35:446522 INFO  fd total count:1 - EPollPoller.cc:34
2025/08/05 14:35:465378 DEBUG timeout! - EPollPoller.cc:62
2025/08/05 14:35:465433 INFO  fd total count:1 - EPollPoller.cc:34
2025/08/05 14:35:472923 DEBUG timeout! - EPollPoller.cc:62
2025/08/05 14:35:472944 INFO  fd total count:1 - EPollPoller.cc:34
2025/08/05 14:35:024529 DEBUG timeout! - EPollPoller.cc:62
2025/08/05 14:35:024562 INFO  fd total count:2 - EPollPoller.cc:34
2025/08/05 14:35:439591 DEBUG timeout! - EPollPoller.cc:62
2025/08/05 14:35:439621 INFO  fd total count:9 - EPollPoller.cc:34
2025/08/05 14:35:456584 DEBUG timeout! - EPollPoller.cc:62
2025/08/05 14:35:456618 INFO  fd total count:1 - EPollPoller.cc:34
2025/08/05 14:35:475557 DEBUG timeout! - EPollPoller.cc:62
2025/08/05 14:35:475609 INFO  fd total count:1 - EPollPoller.cc:34
2025/08/05 14:35:482322 DEBUG timeout! - EPollPoller.cc:62
2025/08/05 14:35:482366 INFO  fd total count:1 - EPollPoller.cc:34
2025/08/05 14:35:034596 DEBUG timeout! - EPollPoller.cc:62
2025/08/05 14:35:034624 INFO  fd total count:2 - EPollPoller.cc:34
2025/08/05 14:35:449662 DEBUG timeout! - EPollPoller.cc:62
2025/08/05 14:35:449697 INFO  fd total count:9 - EPollPoller.cc:34
2025/08/05 14:35:197302 INFO  events happend1 - EPollPoller.cc:51
2025/08/05 14:35:197330 INFO  channel handleEvent revents:1 - Channel.cc:96
2025/08/05 14:35:197394 INFO  HTTP GET /api/status 从  - Middleware.cc:57
2025/08/05 14:35:197415 INFO  HTTP GET /api/status 响应 200 (0ms) - Middleware.cc:68
2025/08/05 14:35:197462 INFO  fd total count:9 - EPollPoller.cc:34
2025/08/05 14:35:140769 INFO  events happend1 - EPollPoller.cc:51
2025/08/05 14:35:140795 INFO  channel handleEvent revents:1 - Channel.cc:96
2025/08/05 14:35:140819 INFO  使用一致性哈希选择线程，索引=0 - EventLoopThreadPool.cc:114
2025/08/05 14:35:140826 INFO  TcpServer::newConnection [KamaHttpServer]- new connection [KamaHttpServer-0.0.0.0:8080#24]from %s127.0.0.1:38264 - TcpServer.cc:96
2025/08/05 14:35:140842 INFO  TcpConnection::ctor:[KamaHttpServer-0.0.0.0:8080#24]at fd=30 - TcpConnection.cc:52
2025/08/05 14:35:140871 INFO  fd total count:2 - EPollPoller.cc:34
2025/08/05 14:35:140889 INFO  events happend1 - EPollPoller.cc:51
2025/08/05 14:35:140909 INFO  channel handleEvent revents:1 - Channel.cc:96
2025/08/05 14:35:140920 INFO  func =>fd30events=3index=-1 - EPollPoller.cc:91
2025/08/05 14:35:140939 INFO  New HTTP connection from: 127.0.0.1:38264 - HttpServer.cc:70
2025/08/05 14:35:140947 INFO  fd total count:10 - EPollPoller.cc:34
2025/08/05 14:35:140951 INFO  events happend1 - EPollPoller.cc:51
2025/08/05 14:35:140954 INFO  channel handleEvent revents:1 - Channel.cc:96
2025/08/05 14:35:140990 INFO  HTTP GET /api/status 从  - Middleware.cc:57
2025/08/05 14:35:141010 INFO  HTTP GET /api/status 响应 200 (0ms) - Middleware.cc:68
2025/08/05 14:35:141054 INFO  fd total count:10 - EPollPoller.cc:34
2025/08/05 14:35:141119 INFO  events happend1 - EPollPoller.cc:51
2025/08/05 14:35:141123 INFO  channel handleEvent revents:1 - Channel.cc:96
2025/08/05 14:35:141129 INFO  TcpConnection::handleClose fd=30state=2 - TcpConnection.cc:258
2025/08/05 14:35:141133 INFO  func =>fd30events=0index=1 - EPollPoller.cc:91
2025/08/05 14:35:141140 INFO  HTTP connection closed: 127.0.0.1:38264 - HttpServer.cc:75
2025/08/05 14:35:141157 INFO  fd total count:10 - EPollPoller.cc:34
2025/08/05 14:35:141196 INFO  events happend1 - EPollPoller.cc:51
2025/08/05 14:35:141200 INFO  channel handleEvent revents:1 - Channel.cc:96
2025/08/05 14:35:141206 INFO  TcpServer::removeConnectionInLoop [KamaHttpServer] - connection %sKamaHttpServer-0.0.0.0:8080#24 - TcpServer.cc:143
2025/08/05 14:35:141219 INFO  fd total count:2 - EPollPoller.cc:34
2025/08/05 14:35:141224 INFO  events happend1 - EPollPoller.cc:51
2025/08/05 14:35:141227 INFO  channel handleEvent revents:1 - Channel.cc:96
2025/08/05 14:35:141233 INFO  removeChannel fd=30 - EPollPoller.cc:132
2025/08/05 14:35:141236 INFO  TcpConnection::dtor[KamaHttpServer-0.0.0.0:8080#24]at fd=30state=0 - TcpConnection.cc:58
2025/08/05 14:35:141267 INFO  fd total count:9 - EPollPoller.cc:34
2025/08/05 14:35:466665 DEBUG timeout! - EPollPoller.cc:62
2025/08/05 14:35:466696 INFO  fd total count:1 - EPollPoller.cc:34
2025/08/05 14:35:485667 DEBUG timeout! - EPollPoller.cc:62
2025/08/05 14:35:485689 INFO  fd total count:1 - EPollPoller.cc:34
2025/08/05 14:35:492409 DEBUG timeout! - EPollPoller.cc:62
2025/08/05 14:35:492427 INFO  fd total count:1 - EPollPoller.cc:34
2025/08/05 14:35:176312 INFO  events happend1 - EPollPoller.cc:51
2025/08/05 14:35:176338 INFO  channel handleEvent revents:1 - Channel.cc:96
2025/08/05 14:35:176364 INFO  使用一致性哈希选择线程，索引=0 - EventLoopThreadPool.cc:114
2025/08/05 14:35:176372 INFO  TcpServer::newConnection [KamaHttpServer]- new connection [KamaHttpServer-0.0.0.0:8080#25]from %s127.0.0.1:38266 - TcpServer.cc:96
2025/08/05 14:35:176386 INFO  TcpConnection::ctor:[KamaHttpServer-0.0.0.0:8080#25]at fd=30 - TcpConnection.cc:52
2025/08/05 14:35:176415 INFO  fd total count:2 - EPollPoller.cc:34
2025/08/05 14:35:176436 INFO  events happend1 - EPollPoller.cc:51
2025/08/05 14:35:176458 INFO  channel handleEvent revents:1 - Channel.cc:96
2025/08/05 14:35:176469 INFO  func =>fd30events=3index=-1 - EPollPoller.cc:91
2025/08/05 14:35:176490 INFO  New HTTP connection from: 127.0.0.1:38266 - HttpServer.cc:70
2025/08/05 14:35:176498 INFO  fd total count:10 - EPollPoller.cc:34
2025/08/05 14:35:176501 INFO  events happend1 - EPollPoller.cc:51
2025/08/05 14:35:176504 INFO  channel handleEvent revents:1 - Channel.cc:96
2025/08/05 14:35:176542 INFO  HTTP GET /api/status 从  - Middleware.cc:57
2025/08/05 14:35:176563 INFO  HTTP GET /api/status 响应 200 (0ms) - Middleware.cc:68
2025/08/05 14:35:176622 INFO  fd total count:10 - EPollPoller.cc:34
2025/08/05 14:35:176682 INFO  events happend1 - EPollPoller.cc:51
2025/08/05 14:35:176686 INFO  channel handleEvent revents:1 - Channel.cc:96
2025/08/05 14:35:176693 INFO  TcpConnection::handleClose fd=30state=2 - TcpConnection.cc:258
2025/08/05 14:35:176696 INFO  func =>fd30events=0index=1 - EPollPoller.cc:91
2025/08/05 14:35:176703 INFO  HTTP connection closed: 127.0.0.1:38266 - HttpServer.cc:75
2025/08/05 14:35:176721 INFO  fd total count:10 - EPollPoller.cc:34
2025/08/05 14:35:176728 INFO  events happend1 - EPollPoller.cc:51
2025/08/05 14:35:176732 INFO  channel handleEvent revents:1 - Channel.cc:96
2025/08/05 14:35:176737 INFO  TcpServer::removeConnectionInLoop [KamaHttpServer] - connection %sKamaHttpServer-0.0.0.0:8080#25 - TcpServer.cc:143
2025/08/05 14:35:176749 INFO  fd total count:2 - EPollPoller.cc:34
2025/08/05 14:35:176754 INFO  events happend1 - EPollPoller.cc:51
2025/08/05 14:35:176757 INFO  channel handleEvent revents:1 - Channel.cc:96
2025/08/05 14:35:176763 INFO  removeChannel fd=30 - EPollPoller.cc:132
2025/08/05 14:35:176766 INFO  TcpConnection::dtor[KamaHttpServer-0.0.0.0:8080#25]at fd=30state=0 - TcpConnection.cc:58
2025/08/05 14:35:176797 INFO  fd total count:9 - EPollPoller.cc:34
2025/08/05 14:35:211268 INFO  events happend1 - EPollPoller.cc:51
2025/08/05 14:35:211297 INFO  channel handleEvent revents:1 - Channel.cc:96
2025/08/05 14:35:211327 INFO  使用一致性哈希选择线程，索引=0 - EventLoopThreadPool.cc:114
2025/08/05 14:35:211337 INFO  TcpServer::newConnection [KamaHttpServer]- new connection [KamaHttpServer-0.0.0.0:8080#26]from %s127.0.0.1:38268 - TcpServer.cc:96
2025/08/05 14:35:211353 INFO  TcpConnection::ctor:[KamaHttpServer-0.0.0.0:8080#26]at fd=30 - TcpConnection.cc:52
2025/08/05 14:35:211385 INFO  fd total count:2 - EPollPoller.cc:34
2025/08/05 14:35:211406 INFO  events happend1 - EPollPoller.cc:51
2025/08/05 14:35:211429 INFO  channel handleEvent revents:1 - Channel.cc:96
2025/08/05 14:35:211440 INFO  func =>fd30events=3index=-1 - EPollPoller.cc:91
2025/08/05 14:35:211461 INFO  New HTTP connection from: 127.0.0.1:38268 - HttpServer.cc:70
2025/08/05 14:35:211469 INFO  fd total count:10 - EPollPoller.cc:34
2025/08/05 14:35:211473 INFO  events happend1 - EPollPoller.cc:51
2025/08/05 14:35:211476 INFO  channel handleEvent revents:1 - Channel.cc:96
2025/08/05 14:35:211513 INFO  HTTP GET /api/status 从  - Middleware.cc:57
2025/08/05 14:35:211534 INFO  HTTP GET /api/status 响应 200 (0ms) - Middleware.cc:68
2025/08/05 14:35:211585 INFO  fd total count:10 - EPollPoller.cc:34
2025/08/05 14:35:211655 INFO  events happend1 - EPollPoller.cc:51
2025/08/05 14:35:211659 INFO  channel handleEvent revents:1 - Channel.cc:96
2025/08/05 14:35:211665 INFO  TcpConnection::handleClose fd=30state=2 - TcpConnection.cc:258
2025/08/05 14:35:211669 INFO  func =>fd30events=0index=1 - EPollPoller.cc:91
2025/08/05 14:35:211677 INFO  HTTP connection closed: 127.0.0.1:38268 - HttpServer.cc:75
2025/08/05 14:35:211694 INFO  fd total count:10 - EPollPoller.cc:34
2025/08/05 14:35:211703 INFO  events happend1 - EPollPoller.cc:51
2025/08/05 14:35:211708 INFO  channel handleEvent revents:1 - Channel.cc:96
2025/08/05 14:35:211714 INFO  TcpServer::removeConnectionInLoop [KamaHttpServer] - connection %sKamaHttpServer-0.0.0.0:8080#26 - TcpServer.cc:143
2025/08/05 14:35:211727 INFO  fd total count:2 - EPollPoller.cc:34
2025/08/05 14:35:211731 INFO  events happend1 - EPollPoller.cc:51
2025/08/05 14:35:211735 INFO  channel handleEvent revents:1 - Channel.cc:96
2025/08/05 14:35:211740 INFO  removeChannel fd=30 - EPollPoller.cc:132
2025/08/05 14:35:211744 INFO  TcpConnection::dtor[KamaHttpServer-0.0.0.0:8080#26]at fd=30state=0 - TcpConnection.cc:58
2025/08/05 14:35:211776 INFO  fd total count:9 - EPollPoller.cc:34
2025/08/05 14:35:476744 DEBUG timeout! - EPollPoller.cc:62
2025/08/05 14:35:476778 INFO  fd total count:1 - EPollPoller.cc:34
2025/08/05 14:35:495753 DEBUG timeout! - EPollPoller.cc:62
2025/08/05 14:35:495777 INFO  fd total count:1 - EPollPoller.cc:34
2025/08/05 14:35:502460 DEBUG timeout! - EPollPoller.cc:62
2025/08/05 14:35:502477 INFO  fd total count:1 - EPollPoller.cc:34
2025/08/05 14:35:221782 DEBUG timeout! - EPollPoller.cc:62
2025/08/05 14:35:221820 INFO  fd total count:2 - EPollPoller.cc:34
2025/08/05 14:35:221858 DEBUG timeout! - EPollPoller.cc:62
2025/08/05 14:35:221909 INFO  fd total count:9 - EPollPoller.cc:34
2025/08/05 14:35:486820 DEBUG timeout! - EPollPoller.cc:62
2025/08/05 14:35:486851 INFO  fd total count:1 - EPollPoller.cc:34
2025/08/05 14:35:505827 DEBUG timeout! - EPollPoller.cc:62
2025/08/05 14:35:505847 INFO  fd total count:1 - EPollPoller.cc:34
2025/08/05 14:35:512511 DEBUG timeout! - EPollPoller.cc:62
2025/08/05 14:35:512531 INFO  fd total count:1 - EPollPoller.cc:34
2025/08/05 14:36:231854 DEBUG timeout! - EPollPoller.cc:62
2025/08/05 14:36:231882 INFO  fd total count:2 - EPollPoller.cc:34
2025/08/05 14:36:231943 DEBUG timeout! - EPollPoller.cc:62
2025/08/05 14:36:231968 INFO  fd total count:9 - EPollPoller.cc:34
2025/08/05 14:36:199488 INFO  events happend1 - EPollPoller.cc:51
2025/08/05 14:36:199518 INFO  channel handleEvent revents:1 - Channel.cc:96
2025/08/05 14:36:199580 INFO  HTTP GET /api/status 从  - Middleware.cc:57
2025/08/05 14:36:199600 INFO  HTTP GET /api/status 响应 200 (0ms) - Middleware.cc:68
2025/08/05 14:36:199649 INFO  fd total count:9 - EPollPoller.cc:34
2025/08/05 14:36:496964 DEBUG timeout! - EPollPoller.cc:62
2025/08/05 14:36:497039 INFO  fd total count:1 - EPollPoller.cc:34
2025/08/05 14:36:515924 DEBUG timeout! - EPollPoller.cc:62
2025/08/05 14:36:515991 INFO  fd total count:1 - EPollPoller.cc:34
2025/08/05 14:36:522564 DEBUG timeout! - EPollPoller.cc:62
2025/08/05 14:36:522582 INFO  fd total count:1 - EPollPoller.cc:34
2025/08/05 14:36:241918 DEBUG timeout! - EPollPoller.cc:62
2025/08/05 14:36:241951 INFO  fd total count:2 - EPollPoller.cc:34
2025/08/05 14:36:209689 DEBUG timeout! - EPollPoller.cc:62
2025/08/05 14:36:209721 INFO  fd total count:9 - EPollPoller.cc:34
2025/08/05 14:36:507078 DEBUG timeout! - EPollPoller.cc:62
2025/08/05 14:36:507107 INFO  fd total count:1 - EPollPoller.cc:34
2025/08/05 14:36:526064 DEBUG timeout! - EPollPoller.cc:62
2025/08/05 14:36:526089 INFO  fd total count:1 - EPollPoller.cc:34
2025/08/05 14:36:532612 DEBUG timeout! - EPollPoller.cc:62
2025/08/05 14:36:532631 INFO  fd total count:1 - EPollPoller.cc:34
2025/08/05 14:36:251987 DEBUG timeout! - EPollPoller.cc:62
2025/08/05 14:36:252018 INFO  fd total count:2 - EPollPoller.cc:34
2025/08/05 14:36:219771 DEBUG timeout! - EPollPoller.cc:62
2025/08/05 14:36:219803 INFO  fd total count:9 - EPollPoller.cc:34
2025/08/05 14:36:517166 DEBUG timeout! - EPollPoller.cc:62
2025/08/05 14:36:517198 INFO  fd total count:1 - EPollPoller.cc:34
2025/08/05 14:36:536127 DEBUG timeout! - EPollPoller.cc:62
2025/08/05 14:36:536148 INFO  fd total count:1 - EPollPoller.cc:34
2025/08/05 14:36:542282 DEBUG timeout! - EPollPoller.cc:62
2025/08/05 14:36:542302 INFO  fd total count:1 - EPollPoller.cc:34
2025/08/05 14:36:262087 DEBUG timeout! - EPollPoller.cc:62
2025/08/05 14:36:262150 INFO  fd total count:2 - EPollPoller.cc:34
2025/08/05 14:36:198302 INFO  events happend1 - EPollPoller.cc:51
2025/08/05 14:36:198332 INFO  channel handleEvent revents:1 - Channel.cc:96
2025/08/05 14:36:198395 INFO  HTTP GET /api/status 从  - Middleware.cc:57
2025/08/05 14:36:198416 INFO  HTTP GET /api/status 响应 200 (0ms) - Middleware.cc:68
2025/08/05 14:36:198462 INFO  fd total count:9 - EPollPoller.cc:34
2025/08/05 14:36:527233 DEBUG timeout! - EPollPoller.cc:62
2025/08/05 14:36:527266 INFO  fd total count:1 - EPollPoller.cc:34
2025/08/05 14:36:546204 DEBUG timeout! - EPollPoller.cc:62
2025/08/05 14:36:546227 INFO  fd total count:1 - EPollPoller.cc:34
2025/08/05 14:36:552332 DEBUG timeout! - EPollPoller.cc:62
2025/08/05 14:36:552351 INFO  fd total count:1 - EPollPoller.cc:34
2025/08/05 14:36:272201 DEBUG timeout! - EPollPoller.cc:62
2025/08/05 14:36:272237 INFO  fd total count:2 - EPollPoller.cc:34
2025/08/05 14:36:208502 DEBUG timeout! - EPollPoller.cc:62
2025/08/05 14:36:208535 INFO  fd total count:9 - EPollPoller.cc:34
2025/08/05 14:36:537299 DEBUG timeout! - EPollPoller.cc:62
2025/08/05 14:36:537330 INFO  fd total count:1 - EPollPoller.cc:34
2025/08/05 14:36:556362 DEBUG timeout! - EPollPoller.cc:62
2025/08/05 14:36:556415 INFO  fd total count:1 - EPollPoller.cc:34
2025/08/05 14:36:562377 DEBUG timeout! - EPollPoller.cc:62
2025/08/05 14:36:562396 INFO  fd total count:1 - EPollPoller.cc:34
2025/08/05 14:36:282274 DEBUG timeout! - EPollPoller.cc:62
2025/08/05 14:36:282308 INFO  fd total count:2 - EPollPoller.cc:34
2025/08/05 14:36:218608 DEBUG timeout! - EPollPoller.cc:62
2025/08/05 14:36:218669 INFO  fd total count:9 - EPollPoller.cc:34
2025/08/05 14:36:547384 DEBUG timeout! - EPollPoller.cc:62
2025/08/05 14:36:547443 INFO  fd total count:1 - EPollPoller.cc:34
2025/08/05 14:36:566544 DEBUG timeout! - EPollPoller.cc:62
2025/08/05 14:36:566600 INFO  fd total count:1 - EPollPoller.cc:34
2025/08/05 14:36:572431 DEBUG timeout! - EPollPoller.cc:62
2025/08/05 14:36:572451 INFO  fd total count:1 - EPollPoller.cc:34
2025/08/05 14:37:292340 DEBUG timeout! - EPollPoller.cc:62
2025/08/05 14:37:292373 INFO  fd total count:2 - EPollPoller.cc:34
2025/08/05 14:37:189257 INFO  events happend1 - EPollPoller.cc:51
2025/08/05 14:37:189287 INFO  channel handleEvent revents:1 - Channel.cc:96
2025/08/05 14:37:189348 INFO  HTTP GET /api/status 从  - Middleware.cc:57
2025/08/05 14:37:189369 INFO  HTTP GET /api/status 响应 200 (0ms) - Middleware.cc:68
2025/08/05 14:37:189415 INFO  fd total count:9 - EPollPoller.cc:34
2025/08/05 14:37:557490 DEBUG timeout! - EPollPoller.cc:62
2025/08/05 14:37:557525 INFO  fd total count:1 - EPollPoller.cc:34
2025/08/05 14:37:576666 DEBUG timeout! - EPollPoller.cc:62
2025/08/05 14:37:576689 INFO  fd total count:1 - EPollPoller.cc:34
2025/08/05 14:37:582490 DEBUG timeout! - EPollPoller.cc:62
2025/08/05 14:37:582510 INFO  fd total count:1 - EPollPoller.cc:34
2025/08/05 14:37:302440 DEBUG timeout! - EPollPoller.cc:62
2025/08/05 14:37:302481 INFO  fd total count:2 - EPollPoller.cc:34
2025/08/05 14:37:199450 DEBUG timeout! - EPollPoller.cc:62
2025/08/05 14:37:199478 INFO  fd total count:9 - EPollPoller.cc:34
2025/08/05 14:37:567558 DEBUG timeout! - EPollPoller.cc:62
2025/08/05 14:37:567589 INFO  fd total count:1 - EPollPoller.cc:34
2025/08/05 14:37:586748 DEBUG timeout! - EPollPoller.cc:62
2025/08/05 14:37:586774 INFO  fd total count:1 - EPollPoller.cc:34
2025/08/05 14:37:592622 DEBUG timeout! - EPollPoller.cc:62
2025/08/05 14:37:592666 INFO  fd total count:1 - EPollPoller.cc:34
2025/08/05 14:37:312554 DEBUG timeout! - EPollPoller.cc:62
2025/08/05 14:37:312586 INFO  fd total count:2 - EPollPoller.cc:34
2025/08/05 14:37:209530 DEBUG timeout! - EPollPoller.cc:62
2025/08/05 14:37:209558 INFO  fd total count:9 - EPollPoller.cc:34
2025/08/05 14:37:577647 DEBUG timeout! - EPollPoller.cc:62
2025/08/05 14:37:577680 INFO  fd total count:1 - EPollPoller.cc:34
2025/08/05 14:37:590349 DEBUG timeout! - EPollPoller.cc:62
2025/08/05 14:37:590372 INFO  fd total count:1 - EPollPoller.cc:34
2025/08/05 14:37:602703 DEBUG timeout! - EPollPoller.cc:62
2025/08/05 14:37:602721 INFO  fd total count:1 - EPollPoller.cc:34
2025/08/05 14:37:322626 DEBUG timeout! - EPollPoller.cc:62
2025/08/05 14:37:322659 INFO  fd total count:2 - EPollPoller.cc:34
2025/08/05 14:37:199879 INFO  events happend1 - EPollPoller.cc:51
2025/08/05 14:37:199909 INFO  channel handleEvent revents:1 - Channel.cc:96
2025/08/05 14:37:199969 INFO  HTTP GET /api/status 从  - Middleware.cc:57
2025/08/05 14:37:199990 INFO  HTTP GET /api/status 响应 200 (0ms) - Middleware.cc:68
2025/08/05 14:37:200033 INFO  fd total count:9 - EPollPoller.cc:34
2025/08/05 14:37:587737 DEBUG timeout! - EPollPoller.cc:62
2025/08/05 14:37:587768 INFO  fd total count:1 - EPollPoller.cc:34
2025/08/05 14:37:600405 DEBUG timeout! - EPollPoller.cc:62
2025/08/05 14:37:600428 INFO  fd total count:1 - EPollPoller.cc:34
2025/08/05 14:37:612779 DEBUG timeout! - EPollPoller.cc:62
2025/08/05 14:37:612799 INFO  fd total count:1 - EPollPoller.cc:34
2025/08/05 14:37:332703 DEBUG timeout! - EPollPoller.cc:62
2025/08/05 14:37:332735 INFO  fd total count:2 - EPollPoller.cc:34
2025/08/05 14:37:210126 DEBUG timeout! - EPollPoller.cc:62
2025/08/05 14:37:210190 INFO  fd total count:9 - EPollPoller.cc:34
2025/08/05 14:37:590314 DEBUG timeout! - EPollPoller.cc:62
2025/08/05 14:37:590342 INFO  fd total count:1 - EPollPoller.cc:34
2025/08/05 14:37:610464 DEBUG timeout! - EPollPoller.cc:62
2025/08/05 14:37:610477 INFO  fd total count:1 - EPollPoller.cc:34
2025/08/05 14:37:622898 DEBUG timeout! - EPollPoller.cc:62
2025/08/05 14:37:622946 INFO  fd total count:1 - EPollPoller.cc:34
2025/08/05 14:37:342774 DEBUG timeout! - EPollPoller.cc:62
2025/08/05 14:37:342803 INFO  fd total count:2 - EPollPoller.cc:34
2025/08/05 14:37:220274 DEBUG timeout! - EPollPoller.cc:62
2025/08/05 14:37:220308 INFO  fd total count:9 - EPollPoller.cc:34
2025/08/05 14:37:600389 DEBUG timeout! - EPollPoller.cc:62
2025/08/05 14:37:600418 INFO  fd total count:1 - EPollPoller.cc:34
2025/08/05 14:37:620516 DEBUG timeout! - EPollPoller.cc:62
2025/08/05 14:37:620535 INFO  fd total count:1 - EPollPoller.cc:34
2025/08/05 14:37:632993 DEBUG timeout! - EPollPoller.cc:62
2025/08/05 14:37:633015 INFO  fd total count:1 - EPollPoller.cc:34
2025/08/05 14:38:352854 DEBUG timeout! - EPollPoller.cc:62
2025/08/05 14:38:352887 INFO  fd total count:2 - EPollPoller.cc:34
2025/08/05 14:38:198393 INFO  events happend1 - EPollPoller.cc:51
2025/08/05 14:38:198427 INFO  channel handleEvent revents:1 - Channel.cc:96
2025/08/05 14:38:198488 INFO  HTTP GET /api/status 从  - Middleware.cc:57
2025/08/05 14:38:198509 INFO  HTTP GET /api/status 响应 200 (0ms) - Middleware.cc:68
2025/08/05 14:38:198555 INFO  fd total count:9 - EPollPoller.cc:34
2025/08/05 14:38:610458 DEBUG timeout! - EPollPoller.cc:62
2025/08/05 14:38:610489 INFO  fd total count:1 - EPollPoller.cc:34
2025/08/05 14:38:630567 DEBUG timeout! - EPollPoller.cc:62
2025/08/05 14:38:630579 INFO  fd total count:1 - EPollPoller.cc:34
2025/08/05 14:38:643044 DEBUG timeout! - EPollPoller.cc:62
2025/08/05 14:38:643066 INFO  fd total count:1 - EPollPoller.cc:34
2025/08/05 14:38:362947 DEBUG timeout! - EPollPoller.cc:62
2025/08/05 14:38:363003 INFO  fd total count:2 - EPollPoller.cc:34
2025/08/05 14:38:208632 DEBUG timeout! - EPollPoller.cc:62
2025/08/05 14:38:208665 INFO  fd total count:9 - EPollPoller.cc:34
2025/08/05 14:38:620664 DEBUG timeout! - EPollPoller.cc:62
2025/08/05 14:38:620704 INFO  fd total count:1 - EPollPoller.cc:34
2025/08/05 14:38:640627 DEBUG timeout! - EPollPoller.cc:62
2025/08/05 14:38:640658 INFO  fd total count:1 - EPollPoller.cc:34
2025/08/05 14:38:653187 DEBUG timeout! - EPollPoller.cc:62
2025/08/05 14:38:653242 INFO  fd total count:1 - EPollPoller.cc:34
2025/08/05 14:38:373100 DEBUG timeout! - EPollPoller.cc:62
2025/08/05 14:38:373162 INFO  fd total count:2 - EPollPoller.cc:34
2025/08/05 14:38:214283 DEBUG timeout! - EPollPoller.cc:62
2025/08/05 14:38:214314 INFO  fd total count:9 - EPollPoller.cc:34
2025/08/05 14:38:630738 DEBUG timeout! - EPollPoller.cc:62
2025/08/05 14:38:630771 INFO  fd total count:1 - EPollPoller.cc:34
2025/08/05 14:38:650688 DEBUG timeout! - EPollPoller.cc:62
2025/08/05 14:38:650701 INFO  fd total count:1 - EPollPoller.cc:34
2025/08/05 14:38:663293 DEBUG timeout! - EPollPoller.cc:62
2025/08/05 14:38:663314 INFO  fd total count:1 - EPollPoller.cc:34
2025/08/05 14:38:383216 DEBUG timeout! - EPollPoller.cc:62
2025/08/05 14:38:383253 INFO  fd total count:2 - EPollPoller.cc:34
2025/08/05 14:38:193738 INFO  events happend1 - EPollPoller.cc:51
2025/08/05 14:38:193769 INFO  channel handleEvent revents:1 - Channel.cc:96
2025/08/05 14:38:193830 INFO  HTTP GET /api/status 从  - Middleware.cc:57
2025/08/05 14:38:193850 INFO  HTTP GET /api/status 响应 200 (0ms) - Middleware.cc:68
2025/08/05 14:38:193894 INFO  fd total count:9 - EPollPoller.cc:34
2025/08/05 14:38:640811 DEBUG timeout! - EPollPoller.cc:62
2025/08/05 14:38:640843 INFO  fd total count:1 - EPollPoller.cc:34
2025/08/05 14:38:660736 DEBUG timeout! - EPollPoller.cc:62
2025/08/05 14:38:660755 INFO  fd total count:1 - EPollPoller.cc:34
2025/08/05 14:38:673381 DEBUG timeout! - EPollPoller.cc:62
2025/08/05 14:38:673408 INFO  fd total count:1 - EPollPoller.cc:34
2025/08/05 14:38:393352 DEBUG timeout! - EPollPoller.cc:62
2025/08/05 14:38:393414 INFO  fd total count:2 - EPollPoller.cc:34
2025/08/05 14:38:203970 DEBUG timeout! - EPollPoller.cc:62
2025/08/05 14:38:204002 INFO  fd total count:9 - EPollPoller.cc:34
2025/08/05 14:38:650875 DEBUG timeout! - EPollPoller.cc:62
2025/08/05 14:38:650908 INFO  fd total count:1 - EPollPoller.cc:34
2025/08/05 14:38:670785 DEBUG timeout! - EPollPoller.cc:62
2025/08/05 14:38:670800 INFO  fd total count:1 - EPollPoller.cc:34
2025/08/05 14:38:683461 DEBUG timeout! - EPollPoller.cc:62
2025/08/05 14:38:683485 INFO  fd total count:1 - EPollPoller.cc:34
2025/08/05 14:38:403546 DEBUG timeout! - EPollPoller.cc:62
2025/08/05 14:38:403607 INFO  fd total count:2 - EPollPoller.cc:34
2025/08/05 14:38:214060 DEBUG timeout! - EPollPoller.cc:62
2025/08/05 14:38:214091 INFO  fd total count:9 - EPollPoller.cc:34
2025/08/05 14:38:660949 DEBUG timeout! - EPollPoller.cc:62
2025/08/05 14:38:660981 INFO  fd total count:1 - EPollPoller.cc:34
2025/08/05 14:38:680839 DEBUG timeout! - EPollPoller.cc:62
2025/08/05 14:38:680864 INFO  fd total count:1 - EPollPoller.cc:34
2025/08/05 14:38:693541 DEBUG timeout! - EPollPoller.cc:62
2025/08/05 14:38:693564 INFO  fd total count:1 - EPollPoller.cc:34
2025/08/05 14:39:413675 DEBUG timeout! - EPollPoller.cc:62
2025/08/05 14:39:413710 INFO  fd total count:2 - EPollPoller.cc:34
2025/08/05 14:39:222343 DEBUG timeout! - EPollPoller.cc:62
2025/08/05 14:39:222404 INFO  fd total count:9 - EPollPoller.cc:34
2025/08/05 14:39:671135 DEBUG timeout! - EPollPoller.cc:62
2025/08/05 14:39:671170 INFO  fd total count:1 - EPollPoller.cc:34
2025/08/05 14:39:690901 DEBUG timeout! - EPollPoller.cc:62
2025/08/05 14:39:690920 INFO  fd total count:1 - EPollPoller.cc:34
2025/08/05 14:39:703652 DEBUG timeout! - EPollPoller.cc:62
2025/08/05 14:39:703700 INFO  fd total count:1 - EPollPoller.cc:34
2025/08/05 14:39:423778 DEBUG timeout! - EPollPoller.cc:62
2025/08/05 14:39:423811 INFO  fd total count:2 - EPollPoller.cc:34
2025/08/05 14:39:232514 DEBUG timeout! - EPollPoller.cc:62
2025/08/05 14:39:232577 INFO  fd total count:9 - EPollPoller.cc:34
2025/08/05 14:39:681234 DEBUG timeout! - EPollPoller.cc:62
2025/08/05 14:39:681300 INFO  fd total count:1 - EPollPoller.cc:34
2025/08/05 14:39:700978 DEBUG timeout! - EPollPoller.cc:62
2025/08/05 14:39:701004 INFO  fd total count:1 - EPollPoller.cc:34
2025/08/05 14:39:710282 DEBUG timeout! - EPollPoller.cc:62
2025/08/05 14:39:710310 INFO  fd total count:1 - EPollPoller.cc:34
2025/08/05 14:39:433850 DEBUG timeout! - EPollPoller.cc:62
2025/08/05 14:39:433883 INFO  fd total count:2 - EPollPoller.cc:34
2025/08/05 14:39:242758 DEBUG timeout! - EPollPoller.cc:62
2025/08/05 14:39:242794 INFO  fd total count:9 - EPollPoller.cc:34
2025/08/05 14:39:691338 DEBUG timeout! - EPollPoller.cc:62
2025/08/05 14:39:691371 INFO  fd total count:1 - EPollPoller.cc:34
2025/08/05 14:39:711039 DEBUG timeout! - EPollPoller.cc:62
2025/08/05 14:39:711047 INFO  fd total count:1 - EPollPoller.cc:34
2025/08/05 14:39:720351 DEBUG timeout! - EPollPoller.cc:62
2025/08/05 14:39:720375 INFO  fd total count:1 - EPollPoller.cc:34
2025/08/05 14:39:443972 DEBUG timeout! - EPollPoller.cc:62
2025/08/05 14:39:444012 INFO  fd total count:2 - EPollPoller.cc:34
2025/08/05 14:39:252877 DEBUG timeout! - EPollPoller.cc:62
2025/08/05 14:39:252909 INFO  fd total count:9 - EPollPoller.cc:34
2025/08/05 14:39:200888 INFO  events happend1 - EPollPoller.cc:51
2025/08/05 14:39:200920 INFO  channel handleEvent revents:1 - Channel.cc:96
2025/08/05 14:39:200983 INFO  HTTP GET /api/status 从  - Middleware.cc:57
2025/08/05 14:39:201003 INFO  HTTP GET /api/status 响应 200 (0ms) - Middleware.cc:68
2025/08/05 14:39:201049 INFO  fd total count:9 - EPollPoller.cc:34
2025/08/05 14:39:701407 DEBUG timeout! - EPollPoller.cc:62
2025/08/05 14:39:701439 INFO  fd total count:1 - EPollPoller.cc:34
2025/08/05 14:39:721076 DEBUG timeout! - EPollPoller.cc:62
2025/08/05 14:39:721088 INFO  fd total count:1 - EPollPoller.cc:34
2025/08/05 14:39:730448 DEBUG timeout! - EPollPoller.cc:62
2025/08/05 14:39:730474 INFO  fd total count:1 - EPollPoller.cc:34
2025/08/05 14:39:454078 DEBUG timeout! - EPollPoller.cc:62
2025/08/05 14:39:454112 INFO  fd total count:2 - EPollPoller.cc:34
2025/08/05 14:39:211172 DEBUG timeout! - EPollPoller.cc:62
2025/08/05 14:39:211233 INFO  fd total count:9 - EPollPoller.cc:34
2025/08/05 14:39:710275 DEBUG timeout! - EPollPoller.cc:62
2025/08/05 14:39:710311 INFO  fd total count:1 - EPollPoller.cc:34
2025/08/05 14:39:730276 DEBUG timeout! - EPollPoller.cc:62
2025/08/05 14:39:730307 INFO  fd total count:1 - EPollPoller.cc:34
2025/08/05 14:39:738276 DEBUG timeout! - EPollPoller.cc:62
2025/08/05 14:39:738303 INFO  fd total count:1 - EPollPoller.cc:34
2025/08/05 14:39:464151 DEBUG timeout! - EPollPoller.cc:62
2025/08/05 14:39:464184 INFO  fd total count:2 - EPollPoller.cc:34
2025/08/05 14:39:221298 DEBUG timeout! - EPollPoller.cc:62
2025/08/05 14:39:221331 INFO  fd total count:9 - EPollPoller.cc:34
2025/08/05 14:39:720398 DEBUG timeout! - EPollPoller.cc:62
2025/08/05 14:39:720458 INFO  fd total count:1 - EPollPoller.cc:34
2025/08/05 14:39:740371 DEBUG timeout! - EPollPoller.cc:62
2025/08/05 14:39:740393 INFO  fd total count:1 - EPollPoller.cc:34
2025/08/05 14:39:748349 DEBUG timeout! - EPollPoller.cc:62
2025/08/05 14:39:748382 INFO  fd total count:1 - EPollPoller.cc:34
2025/08/05 14:40:474234 DEBUG timeout! - EPollPoller.cc:62
2025/08/05 14:40:474279 INFO  fd total count:2 - EPollPoller.cc:34
2025/08/05 14:40:231389 DEBUG timeout! - EPollPoller.cc:62
2025/08/05 14:40:231419 INFO  fd total count:9 - EPollPoller.cc:34
2025/08/05 14:40:730502 DEBUG timeout! - EPollPoller.cc:62
2025/08/05 14:40:730535 INFO  fd total count:1 - EPollPoller.cc:34
2025/08/05 14:40:750433 DEBUG timeout! - EPollPoller.cc:62
2025/08/05 14:40:750451 INFO  fd total count:1 - EPollPoller.cc:34
2025/08/05 14:40:758420 DEBUG timeout! - EPollPoller.cc:62
2025/08/05 14:40:758445 INFO  fd total count:1 - EPollPoller.cc:34
2025/08/05 14:40:484336 DEBUG timeout! - EPollPoller.cc:62
2025/08/05 14:40:484370 INFO  fd total count:2 - EPollPoller.cc:34
2025/08/05 14:40:241529 DEBUG timeout! - EPollPoller.cc:62
2025/08/05 14:40:241562 INFO  fd total count:9 - EPollPoller.cc:34
2025/08/05 14:40:740630 DEBUG timeout! - EPollPoller.cc:62
2025/08/05 14:40:740666 INFO  fd total count:1 - EPollPoller.cc:34
2025/08/05 14:40:760476 DEBUG timeout! - EPollPoller.cc:62
2025/08/05 14:40:760485 INFO  fd total count:1 - EPollPoller.cc:34
2025/08/05 14:40:768490 DEBUG timeout! - EPollPoller.cc:62
2025/08/05 14:40:768517 INFO  fd total count:1 - EPollPoller.cc:34
2025/08/05 14:40:494410 DEBUG timeout! - EPollPoller.cc:62
2025/08/05 14:40:494442 INFO  fd total count:2 - EPollPoller.cc:34
2025/08/05 14:40:251621 DEBUG timeout! - EPollPoller.cc:62
2025/08/05 14:40:251653 INFO  fd total count:9 - EPollPoller.cc:34
2025/08/05 14:40:750882 DEBUG timeout! - EPollPoller.cc:62
2025/08/05 14:40:750917 INFO  fd total count:1 - EPollPoller.cc:34
2025/08/05 14:40:770518 DEBUG timeout! - EPollPoller.cc:62
2025/08/05 14:40:770533 INFO  fd total count:1 - EPollPoller.cc:34
2025/08/05 14:40:778286 DEBUG timeout! - EPollPoller.cc:62
2025/08/05 14:40:778312 INFO  fd total count:1 - EPollPoller.cc:34
2025/08/05 14:40:504491 DEBUG timeout! - EPollPoller.cc:62
2025/08/05 14:40:504523 INFO  fd total count:2 - EPollPoller.cc:34
2025/08/05 14:40:261697 DEBUG timeout! - EPollPoller.cc:62
2025/08/05 14:40:261730 INFO  fd total count:9 - EPollPoller.cc:34
2025/08/05 14:40:195642 INFO  events happend1 - EPollPoller.cc:51
2025/08/05 14:40:195674 INFO  channel handleEvent revents:1 - Channel.cc:96
2025/08/05 14:40:195736 INFO  HTTP GET /api/status 从  - Middleware.cc:57
2025/08/05 14:40:195757 INFO  HTTP GET /api/status 响应 200 (0ms) - Middleware.cc:68
2025/08/05 14:40:195804 INFO  fd total count:9 - EPollPoller.cc:34
2025/08/05 14:40:761036 DEBUG timeout! - EPollPoller.cc:62
2025/08/05 14:40:761069 INFO  fd total count:1 - EPollPoller.cc:34
2025/08/05 14:40:780568 DEBUG timeout! - EPollPoller.cc:62
2025/08/05 14:40:780582 INFO  fd total count:1 - EPollPoller.cc:34
2025/08/05 14:40:788388 DEBUG timeout! - EPollPoller.cc:62
2025/08/05 14:40:788412 INFO  fd total count:1 - EPollPoller.cc:34
2025/08/05 14:40:514563 DEBUG timeout! - EPollPoller.cc:62
2025/08/05 14:40:514603 INFO  fd total count:2 - EPollPoller.cc:34
2025/08/05 14:40:205939 DEBUG timeout! - EPollPoller.cc:62
2025/08/05 14:40:205998 INFO  fd total count:9 - EPollPoller.cc:34
2025/08/05 14:40:771112 DEBUG timeout! - EPollPoller.cc:62
2025/08/05 14:40:771147 INFO  fd total count:1 - EPollPoller.cc:34
2025/08/05 14:40:790605 DEBUG timeout! - EPollPoller.cc:62
2025/08/05 14:40:790613 INFO  fd total count:1 - EPollPoller.cc:34
2025/08/05 14:40:798468 DEBUG timeout! - EPollPoller.cc:62
2025/08/05 14:40:798493 INFO  fd total count:1 - EPollPoller.cc:34
2025/08/05 14:40:277043 INFO  events happend1 - EPollPoller.cc:51
2025/08/05 14:40:277067 INFO  channel handleEvent revents:1 - Channel.cc:96
2025/08/05 14:40:277091 INFO  使用一致性哈希选择线程，索引=0 - EventLoopThreadPool.cc:114
2025/08/05 14:40:277099 INFO  TcpServer::newConnection [KamaHttpServer]- new connection [KamaHttpServer-0.0.0.0:8080#27]from %s127.0.0.1:38270 - TcpServer.cc:96
2025/08/05 14:40:277114 INFO  TcpConnection::ctor:[KamaHttpServer-0.0.0.0:8080#27]at fd=30 - TcpConnection.cc:52
2025/08/05 14:40:277143 INFO  fd total count:2 - EPollPoller.cc:34
2025/08/05 14:40:277157 INFO  events happend1 - EPollPoller.cc:51
2025/08/05 14:40:277176 INFO  channel handleEvent revents:1 - Channel.cc:96
2025/08/05 14:40:277187 INFO  func =>fd30events=3index=-1 - EPollPoller.cc:91
2025/08/05 14:40:277206 INFO  New HTTP connection from: 127.0.0.1:38270 - HttpServer.cc:70
2025/08/05 14:40:277213 INFO  fd total count:10 - EPollPoller.cc:34
2025/08/05 14:40:277218 INFO  events happend1 - EPollPoller.cc:51
2025/08/05 14:40:277221 INFO  channel handleEvent revents:1 - Channel.cc:96
2025/08/05 14:40:277256 INFO  HTTP GET /admin.html 从  - Middleware.cc:57
2025/08/05 14:40:279641 INFO  HTTP GET /admin.html 响应 200 (2ms) - Middleware.cc:68
2025/08/05 14:40:279721 INFO  fd total count:10 - EPollPoller.cc:34
2025/08/05 14:40:279783 INFO  events happend1 - EPollPoller.cc:51
2025/08/05 14:40:279787 INFO  channel handleEvent revents:1 - Channel.cc:96
2025/08/05 14:40:279796 INFO  TcpConnection::handleClose fd=30state=2 - TcpConnection.cc:258
2025/08/05 14:40:279799 INFO  func =>fd30events=0index=1 - EPollPoller.cc:91
2025/08/05 14:40:279807 INFO  HTTP connection closed: 127.0.0.1:38270 - HttpServer.cc:75
2025/08/05 14:40:279826 INFO  fd total count:10 - EPollPoller.cc:34
2025/08/05 14:40:279841 INFO  events happend1 - EPollPoller.cc:51
2025/08/05 14:40:279850 INFO  channel handleEvent revents:1 - Channel.cc:96
2025/08/05 14:40:279857 INFO  TcpServer::removeConnectionInLoop [KamaHttpServer] - connection %sKamaHttpServer-0.0.0.0:8080#27 - TcpServer.cc:143
2025/08/05 14:40:279873 INFO  fd total count:2 - EPollPoller.cc:34
2025/08/05 14:40:279878 INFO  events happend1 - EPollPoller.cc:51
2025/08/05 14:40:279881 INFO  channel handleEvent revents:1 - Channel.cc:96
2025/08/05 14:40:279887 INFO  removeChannel fd=30 - EPollPoller.cc:132
2025/08/05 14:40:279890 INFO  TcpConnection::dtor[KamaHttpServer-0.0.0.0:8080#27]at fd=30state=0 - TcpConnection.cc:58
2025/08/05 14:40:279922 INFO  fd total count:9 - EPollPoller.cc:34
2025/08/05 14:40:792392 INFO  events happend1 - EPollPoller.cc:51
2025/08/05 14:40:792417 INFO  channel handleEvent revents:1 - Channel.cc:96
2025/08/05 14:40:792440 INFO  使用一致性哈希选择线程，索引=0 - EventLoopThreadPool.cc:114
2025/08/05 14:40:792448 INFO  TcpServer::newConnection [KamaHttpServer]- new connection [KamaHttpServer-0.0.0.0:8080#28]from %s127.0.0.1:38272 - TcpServer.cc:96
2025/08/05 14:40:792462 INFO  TcpConnection::ctor:[KamaHttpServer-0.0.0.0:8080#28]at fd=30 - TcpConnection.cc:52
2025/08/05 14:40:792491 INFO  fd total count:2 - EPollPoller.cc:34
2025/08/05 14:40:792504 INFO  events happend1 - EPollPoller.cc:51
2025/08/05 14:40:792525 INFO  channel handleEvent revents:1 - Channel.cc:96
2025/08/05 14:40:792537 INFO  func =>fd30events=3index=-1 - EPollPoller.cc:91
2025/08/05 14:40:792559 INFO  New HTTP connection from: 127.0.0.1:38272 - HttpServer.cc:70
2025/08/05 14:40:792568 INFO  fd total count:10 - EPollPoller.cc:34
2025/08/05 14:40:797027 INFO  events happend1 - EPollPoller.cc:51
2025/08/05 14:40:797032 INFO  channel handleEvent revents:1 - Channel.cc:96
2025/08/05 14:40:797040 INFO  使用一致性哈希选择线程，索引=0 - EventLoopThreadPool.cc:114
2025/08/05 14:40:797044 INFO  TcpServer::newConnection [KamaHttpServer]- new connection [KamaHttpServer-0.0.0.0:8080#29]from %s127.0.0.1:38274 - TcpServer.cc:96
2025/08/05 14:40:797052 INFO  TcpConnection::ctor:[KamaHttpServer-0.0.0.0:8080#29]at fd=31 - TcpConnection.cc:52
2025/08/05 14:40:797068 INFO  fd total count:2 - EPollPoller.cc:34
2025/08/05 14:40:797077 INFO  events happend1 - EPollPoller.cc:51
2025/08/05 14:40:797084 INFO  channel handleEvent revents:1 - Channel.cc:96
2025/08/05 14:40:797090 INFO  func =>fd31events=3index=-1 - EPollPoller.cc:91
2025/08/05 14:40:797101 INFO  New HTTP connection from: 127.0.0.1:38274 - HttpServer.cc:70
2025/08/05 14:40:797107 INFO  fd total count:11 - EPollPoller.cc:34
2025/08/05 14:40:797111 INFO  events happend1 - EPollPoller.cc:51
2025/08/05 14:40:797114 INFO  channel handleEvent revents:1 - Channel.cc:96
2025/08/05 14:40:797175 INFO  HTTP GET / 从  - Middleware.cc:57
2025/08/05 14:40:797923 INFO  HTTP GET / 响应 200 (0ms) - Middleware.cc:68
2025/08/05 14:40:797971 INFO  fd total count:11 - EPollPoller.cc:34
2025/08/05 14:40:816029 INFO  events happend1 - EPollPoller.cc:51
2025/08/05 14:40:816046 INFO  channel handleEvent revents:1 - Channel.cc:96
2025/08/05 14:40:816099 INFO  HTTP GET /css/openwebui-style.css 从  - Middleware.cc:57
2025/08/05 14:40:817530 INFO  HTTP GET /css/openwebui-style.css 响应 200 (1ms) - Middleware.cc:68
2025/08/05 14:40:817579 INFO  fd total count:11 - EPollPoller.cc:34
2025/08/05 14:40:817585 INFO  events happend1 - EPollPoller.cc:51
2025/08/05 14:40:817589 INFO  channel handleEvent revents:1 - Channel.cc:96
2025/08/05 14:40:817621 INFO  HTTP GET /js/openwebui-app.js 从  - Middleware.cc:57
2025/08/05 14:40:819788 INFO  HTTP GET /js/openwebui-app.js 响应 200 (2ms) - Middleware.cc:68
2025/08/05 14:40:819829 INFO  fd total count:11 - EPollPoller.cc:34
2025/08/05 14:40:881619 INFO  events happend1 - EPollPoller.cc:51
2025/08/05 14:40:881641 INFO  channel handleEvent revents:1 - Channel.cc:96
2025/08/05 14:40:881738 INFO  HTTP GET /api/status 从  - Middleware.cc:57
2025/08/05 14:40:881782 INFO  HTTP GET /api/status 响应 200 (0ms) - Middleware.cc:68
2025/08/05 14:40:881863 INFO  fd total count:11 - EPollPoller.cc:34
2025/08/05 14:40:881878 INFO  events happend1 - EPollPoller.cc:51
2025/08/05 14:40:881888 INFO  channel handleEvent revents:1 - Channel.cc:96
2025/08/05 14:40:881959 INFO  HTTP GET /api/models 从  - Middleware.cc:57
2025/08/05 14:40:882014 INFO  HTTP GET /api/models 响应 200 (0ms) - Middleware.cc:68
2025/08/05 14:40:882081 INFO  fd total count:11 - EPollPoller.cc:34
2025/08/05 14:40:054757 INFO  events happend1 - EPollPoller.cc:51
2025/08/05 14:40:054775 INFO  channel handleEvent revents:1 - Channel.cc:96
2025/08/05 14:40:054796 INFO  使用一致性哈希选择线程，索引=0 - EventLoopThreadPool.cc:114
2025/08/05 14:40:054802 INFO  TcpServer::newConnection [KamaHttpServer]- new connection [KamaHttpServer-0.0.0.0:8080#30]from %s127.0.0.1:38276 - TcpServer.cc:96
2025/08/05 14:40:054814 INFO  TcpConnection::ctor:[KamaHttpServer-0.0.0.0:8080#30]at fd=32 - TcpConnection.cc:52
2025/08/05 14:40:054839 INFO  fd total count:2 - EPollPoller.cc:34
2025/08/05 14:40:054849 INFO  events happend1 - EPollPoller.cc:51
2025/08/05 14:40:054861 INFO  channel handleEvent revents:1 - Channel.cc:96
2025/08/05 14:40:054870 INFO  func =>fd32events=3index=-1 - EPollPoller.cc:91
2025/08/05 14:40:054884 INFO  New HTTP connection from: 127.0.0.1:38276 - HttpServer.cc:70
2025/08/05 14:40:054891 INFO  fd total count:12 - EPollPoller.cc:34
2025/08/05 14:40:544176 INFO  events happend1 - EPollPoller.cc:51
2025/08/05 14:40:544206 INFO  channel handleEvent revents:1 - Channel.cc:96
2025/08/05 14:40:544281 INFO  HTTP GET /admin.html 从  - Middleware.cc:57
2025/08/05 14:40:546699 INFO  HTTP GET /admin.html 响应 200 (2ms) - Middleware.cc:68
2025/08/05 14:40:546777 INFO  fd total count:12 - EPollPoller.cc:34
2025/08/05 14:40:567395 INFO  events happend1 - EPollPoller.cc:51
2025/08/05 14:40:567407 INFO  channel handleEvent revents:1 - Channel.cc:96
2025/08/05 14:40:567454 INFO  HTTP GET /css/openwebui-style.css 从  - Middleware.cc:57
2025/08/05 14:40:568857 INFO  HTTP GET /css/openwebui-style.css 响应 200 (1ms) - Middleware.cc:68
2025/08/05 14:40:568903 INFO  fd total count:12 - EPollPoller.cc:34
2025/08/05 14:40:579471 INFO  events happend1 - EPollPoller.cc:51
2025/08/05 14:40:579483 INFO  channel handleEvent revents:1 - Channel.cc:96
2025/08/05 14:40:579526 INFO  HTTP GET /api/status 从  - Middleware.cc:57
2025/08/05 14:40:579543 INFO  HTTP GET /api/status 响应 200 (0ms) - Middleware.cc:68
2025/08/05 14:40:579575 INFO  fd total count:12 - EPollPoller.cc:34
2025/08/05 14:40:781198 DEBUG timeout! - EPollPoller.cc:62
2025/08/05 14:40:781228 INFO  fd total count:1 - EPollPoller.cc:34
2025/08/05 14:40:800645 DEBUG timeout! - EPollPoller.cc:62
2025/08/05 14:40:800659 INFO  fd total count:1 - EPollPoller.cc:34
2025/08/05 14:40:808565 DEBUG timeout! - EPollPoller.cc:62
2025/08/05 14:40:808587 INFO  fd total count:1 - EPollPoller.cc:34
2025/08/05 14:40:870034 INFO  events happend1 - EPollPoller.cc:51
2025/08/05 14:40:870055 INFO  channel handleEvent revents:1 - Channel.cc:96
2025/08/05 14:40:870124 INFO  HTTP GET /api/status 从  - Middleware.cc:57
2025/08/05 14:40:870148 INFO  HTTP GET /api/status 响应 200 (0ms) - Middleware.cc:68
2025/08/05 14:40:870204 INFO  fd total count:12 - EPollPoller.cc:34
2025/08/05 14:41:654301 INFO  events happend1 - EPollPoller.cc:51
2025/08/05 14:41:654360 INFO  channel handleEvent revents:1 - Channel.cc:96
2025/08/05 14:41:654524 INFO  HTTP POST /api/admin/clear-cache 从  - Middleware.cc:57
2025/08/05 14:41:654560 INFO  清除所有响应缓存... - DatabaseService.cc:87
2025/08/05 14:41:656193 INFO  尝试连接MySQL - Host: 127.0.0.1, Port: 3306, DB: kama_llm, User: root - DatabaseManager.cpp:86
2025/08/05 14:41:722498 INFO  MySQL连接成功: 127.0.0.1:3306/kama_llm - DatabaseManager.cpp:120
2025/08/05 14:41:723426 ERROR SQL执行失败: Table 'kama_llm.llm_cache' doesn't exist, SQL: DELETE FROM llm_cache WHERE last_accessed < 1754376062 - DatabaseManager.cpp:241
2025/08/05 14:41:724175 INFO  尝试连接MySQL - Host: 127.0.0.1, Port: 3306, DB: kama_llm, User: root - DatabaseManager.cpp:86
2025/08/05 14:41:783411 INFO  MySQL连接成功: 127.0.0.1:3306/kama_llm - DatabaseManager.cpp:120
2025/08/05 14:41:784265 ERROR SQL执行失败: Table 'kama_llm.llm_cache' doesn't exist, SQL: SELECT COUNT(*) FROM llm_cache - DatabaseManager.cpp:241
2025/08/05 14:41:784272 INFO  缓存已清空 - DatabaseService.cc:94
2025/08/05 14:41:784314 INFO  缓存清理完成，共清理 1 项 - main_http_modular.cc:376
2025/08/05 14:41:784324 INFO  HTTP POST /api/admin/clear-cache 响应 200 (129ms) - Middleware.cc:68
2025/08/05 14:41:784372 INFO  fd total count:12 - EPollPoller.cc:34
2025/08/05 14:41:064882 DEBUG timeout! - EPollPoller.cc:62
2025/08/05 14:41:064916 INFO  fd total count:2 - EPollPoller.cc:34
2025/08/05 14:41:366365 INFO  events happend1 - EPollPoller.cc:51
2025/08/05 14:41:366417 INFO  channel handleEvent revents:1 - Channel.cc:96
2025/08/05 14:41:366468 INFO  使用一致性哈希选择线程，索引=0 - EventLoopThreadPool.cc:114
2025/08/05 14:41:366485 INFO  TcpServer::newConnection [KamaHttpServer]- new connection [KamaHttpServer-0.0.0.0:8080#31]from %s127.0.0.1:38278 - TcpServer.cc:96
2025/08/05 14:41:366522 INFO  TcpConnection::ctor:[KamaHttpServer-0.0.0.0:8080#31]at fd=33 - TcpConnection.cc:52
2025/08/05 14:41:366597 INFO  fd total count:2 - EPollPoller.cc:34
2025/08/05 14:41:366603 INFO  events happend1 - EPollPoller.cc:51
2025/08/05 14:41:366641 INFO  channel handleEvent revents:1 - Channel.cc:96
2025/08/05 14:41:366655 INFO  func =>fd33events=3index=-1 - EPollPoller.cc:91
2025/08/05 14:41:366677 INFO  New HTTP connection from: 127.0.0.1:38278 - HttpServer.cc:70
2025/08/05 14:41:366686 INFO  fd total count:13 - EPollPoller.cc:34
2025/08/05 14:41:366691 INFO  events happend1 - EPollPoller.cc:51
2025/08/05 14:41:366694 INFO  channel handleEvent revents:1 - Channel.cc:96
2025/08/05 14:41:366730 INFO  HTTP GET /api/status 从  - Middleware.cc:57
2025/08/05 14:41:366752 INFO  HTTP GET /api/status 响应 200 (0ms) - Middleware.cc:68
2025/08/05 14:41:366793 INFO  fd total count:13 - EPollPoller.cc:34
2025/08/05 14:41:366872 INFO  events happend1 - EPollPoller.cc:51
2025/08/05 14:41:366876 INFO  channel handleEvent revents:1 - Channel.cc:96
2025/08/05 14:41:366882 INFO  TcpConnection::handleClose fd=33state=2 - TcpConnection.cc:258
2025/08/05 14:41:366885 INFO  func =>fd33events=0index=1 - EPollPoller.cc:91
2025/08/05 14:41:366893 INFO  HTTP connection closed: 127.0.0.1:38278 - HttpServer.cc:75
2025/08/05 14:41:366911 INFO  fd total count:13 - EPollPoller.cc:34
2025/08/05 14:41:366936 INFO  events happend1 - EPollPoller.cc:51
2025/08/05 14:41:366948 INFO  channel handleEvent revents:1 - Channel.cc:96
2025/08/05 14:41:366963 INFO  TcpServer::removeConnectionInLoop [KamaHttpServer] - connection %sKamaHttpServer-0.0.0.0:8080#31 - TcpServer.cc:143
2025/08/05 14:41:366997 INFO  events happend1 - EPollPoller.cc:51
2025/08/05 14:41:366998 INFO  fd total count:2 - EPollPoller.cc:34
2025/08/05 14:41:367000 INFO  channel handleEvent revents:1 - Channel.cc:96
2025/08/05 14:41:367026 INFO  removeChannel fd=33 - EPollPoller.cc:132
2025/08/05 14:41:367029 INFO  TcpConnection::dtor[KamaHttpServer-0.0.0.0:8080#31]at fd=33state=0 - TcpConnection.cc:58
2025/08/05 14:41:367060 INFO  fd total count:12 - EPollPoller.cc:34
2025/08/05 14:41:791275 DEBUG timeout! - EPollPoller.cc:62
2025/08/05 14:41:791305 INFO  fd total count:1 - EPollPoller.cc:34
2025/08/05 14:41:810680 DEBUG timeout! - EPollPoller.cc:62
2025/08/05 14:41:810687 INFO  fd total count:1 - EPollPoller.cc:34
2025/08/05 14:41:818636 DEBUG timeout! - EPollPoller.cc:62
2025/08/05 14:41:818660 INFO  fd total count:1 - EPollPoller.cc:34
2025/08/05 14:41:673437 INFO  events happend1 - EPollPoller.cc:51
2025/08/05 14:41:673467 INFO  channel handleEvent revents:1 - Channel.cc:96
2025/08/05 14:41:673493 INFO  使用一致性哈希选择线程，索引=0 - EventLoopThreadPool.cc:114
2025/08/05 14:41:673500 INFO  TcpServer::newConnection [KamaHttpServer]- new connection [KamaHttpServer-0.0.0.0:8080#32]from %s127.0.0.1:38280 - TcpServer.cc:96
2025/08/05 14:41:673518 INFO  TcpConnection::ctor:[KamaHttpServer-0.0.0.0:8080#32]at fd=33 - TcpConnection.cc:52
2025/08/05 14:41:673550 INFO  fd total count:2 - EPollPoller.cc:34
2025/08/05 14:41:673569 INFO  events happend1 - EPollPoller.cc:51
2025/08/05 14:41:673590 INFO  channel handleEvent revents:1 - Channel.cc:96
2025/08/05 14:41:673602 INFO  func =>fd33events=3index=-1 - EPollPoller.cc:91
2025/08/05 14:41:673624 INFO  New HTTP connection from: 127.0.0.1:38280 - HttpServer.cc:70
2025/08/05 14:41:673633 INFO  fd total count:13 - EPollPoller.cc:34
2025/08/05 14:41:673637 INFO  events happend1 - EPollPoller.cc:51
2025/08/05 14:41:673640 INFO  channel handleEvent revents:1 - Channel.cc:96
2025/08/05 14:41:673687 INFO  HTTP GET /admin.html 从  - Middleware.cc:57
2025/08/05 14:41:676092 INFO  HTTP GET /admin.html 响应 200 (2ms) - Middleware.cc:68
2025/08/05 14:41:676178 INFO  fd total count:13 - EPollPoller.cc:34
2025/08/05 14:41:689428 INFO  events happend1 - EPollPoller.cc:51
2025/08/05 14:41:689441 INFO  channel handleEvent revents:1 - Channel.cc:96
2025/08/05 14:41:689492 INFO  HTTP GET /css/openwebui-style.css 从  - Middleware.cc:57
2025/08/05 14:41:690892 INFO  HTTP GET /css/openwebui-style.css 响应 200 (1ms) - Middleware.cc:68
2025/08/05 14:41:690933 INFO  fd total count:13 - EPollPoller.cc:34
2025/08/05 14:41:739914 INFO  events happend1 - EPollPoller.cc:51
2025/08/05 14:41:739933 INFO  channel handleEvent revents:1 - Channel.cc:96
2025/08/05 14:41:739979 INFO  HTTP GET /api/status 从  - Middleware.cc:57
2025/08/05 14:41:739997 INFO  HTTP GET /api/status 响应 200 (0ms) - Middleware.cc:68
2025/08/05 14:41:740031 INFO  fd total count:13 - EPollPoller.cc:34
2025/08/05 14:41:916500 INFO  events happend1 - EPollPoller.cc:51
2025/08/05 14:41:916519 INFO  channel handleEvent revents:1 - Channel.cc:96
2025/08/05 14:41:916541 INFO  使用一致性哈希选择线程，索引=0 - EventLoopThreadPool.cc:114
2025/08/05 14:41:916547 INFO  TcpServer::newConnection [KamaHttpServer]- new connection [KamaHttpServer-0.0.0.0:8080#33]from %s127.0.0.1:38282 - TcpServer.cc:96
2025/08/05 14:41:916561 INFO  TcpConnection::ctor:[KamaHttpServer-0.0.0.0:8080#33]at fd=34 - TcpConnection.cc:52
2025/08/05 14:41:916593 INFO  fd total count:2 - EPollPoller.cc:34
2025/08/05 14:41:916610 INFO  events happend1 - EPollPoller.cc:51
2025/08/05 14:41:916626 INFO  channel handleEvent revents:1 - Channel.cc:96
2025/08/05 14:41:916636 INFO  func =>fd34events=3index=-1 - EPollPoller.cc:91
2025/08/05 14:41:916656 INFO  New HTTP connection from: 127.0.0.1:38282 - HttpServer.cc:70
2025/08/05 14:41:916663 INFO  fd total count:14 - EPollPoller.cc:34
2025/08/05 14:41:801420 DEBUG timeout! - EPollPoller.cc:62
2025/08/05 14:41:801448 INFO  fd total count:1 - EPollPoller.cc:34
2025/08/05 14:41:820723 DEBUG timeout! - EPollPoller.cc:62
2025/08/05 14:41:820735 INFO  fd total count:1 - EPollPoller.cc:34
2025/08/05 14:41:828688 DEBUG timeout! - EPollPoller.cc:62
2025/08/05 14:41:828710 INFO  fd total count:1 - EPollPoller.cc:34
2025/08/05 14:41:926674 DEBUG timeout! - EPollPoller.cc:62
2025/08/05 14:41:926710 INFO  fd total count:2 - EPollPoller.cc:34
2025/08/05 14:41:926810 DEBUG timeout! - EPollPoller.cc:62
2025/08/05 14:41:926863 INFO  fd total count:14 - EPollPoller.cc:34
2025/08/05 14:41:212158 INFO  events happend1 - EPollPoller.cc:51
2025/08/05 14:41:212187 INFO  channel handleEvent revents:1 - Channel.cc:96
2025/08/05 14:41:212258 INFO  HTTP GET /api/status 从  - Middleware.cc:57
2025/08/05 14:41:212278 INFO  HTTP GET /api/status 响应 200 (0ms) - Middleware.cc:68
2025/08/05 14:41:212325 INFO  fd total count:14 - EPollPoller.cc:34
2025/08/05 14:41:811515 DEBUG timeout! - EPollPoller.cc:62
2025/08/05 14:41:811580 INFO  fd total count:1 - EPollPoller.cc:34
2025/08/05 14:41:830787 DEBUG timeout! - EPollPoller.cc:62
2025/08/05 14:41:830809 INFO  fd total count:1 - EPollPoller.cc:34
2025/08/05 14:41:838784 DEBUG timeout! - EPollPoller.cc:62
2025/08/05 14:41:838816 INFO  fd total count:1 - EPollPoller.cc:34
2025/08/05 14:41:936779 DEBUG timeout! - EPollPoller.cc:62
2025/08/05 14:41:936813 INFO  fd total count:2 - EPollPoller.cc:34
2025/08/05 14:41:675079 INFO  events happend1 - EPollPoller.cc:51
2025/08/05 14:41:675103 INFO  channel handleEvent revents:1 - Channel.cc:96
2025/08/05 14:41:675129 INFO  使用一致性哈希选择线程，索引=0 - EventLoopThreadPool.cc:114
2025/08/05 14:41:675137 INFO  TcpServer::newConnection [KamaHttpServer]- new connection [KamaHttpServer-0.0.0.0:8080#34]from %s127.0.0.1:38286 - TcpServer.cc:96
2025/08/05 14:41:675152 INFO  TcpConnection::ctor:[KamaHttpServer-0.0.0.0:8080#34]at fd=35 - TcpConnection.cc:52
2025/08/05 14:41:675184 INFO  fd total count:2 - EPollPoller.cc:34
2025/08/05 14:41:675201 INFO  events happend1 - EPollPoller.cc:51
2025/08/05 14:41:675221 INFO  channel handleEvent revents:1 - Channel.cc:96
2025/08/05 14:41:675232 INFO  func =>fd35events=3index=-1 - EPollPoller.cc:91
2025/08/05 14:41:675257 INFO  New HTTP connection from: 127.0.0.1:38286 - HttpServer.cc:70
2025/08/05 14:41:675265 INFO  fd total count:15 - EPollPoller.cc:34
2025/08/05 14:41:675269 INFO  events happend1 - EPollPoller.cc:51
2025/08/05 14:41:675272 INFO  channel handleEvent revents:1 - Channel.cc:96
2025/08/05 14:41:675306 INFO  HTTP GET /api/status 从  - Middleware.cc:57
2025/08/05 14:41:675327 INFO  HTTP GET /api/status 响应 200 (0ms) - Middleware.cc:68
2025/08/05 14:41:675364 INFO  fd total count:15 - EPollPoller.cc:34
2025/08/05 14:41:675429 INFO  events happend1 - EPollPoller.cc:51
2025/08/05 14:41:675432 INFO  channel handleEvent revents:1 - Channel.cc:96
2025/08/05 14:41:675439 INFO  TcpConnection::handleClose fd=35state=2 - TcpConnection.cc:258
2025/08/05 14:41:675442 INFO  func =>fd35events=0index=1 - EPollPoller.cc:91
2025/08/05 14:41:675449 INFO  HTTP connection closed: 127.0.0.1:38286 - HttpServer.cc:75
2025/08/05 14:41:675466 INFO  fd total count:15 - EPollPoller.cc:34
2025/08/05 14:41:675471 INFO  events happend1 - EPollPoller.cc:51
2025/08/05 14:41:675474 INFO  channel handleEvent revents:1 - Channel.cc:96
2025/08/05 14:41:675479 INFO  TcpServer::removeConnectionInLoop [KamaHttpServer] - connection %sKamaHttpServer-0.0.0.0:8080#34 - TcpServer.cc:143
2025/08/05 14:41:675491 INFO  fd total count:2 - EPollPoller.cc:34
2025/08/05 14:41:675495 INFO  events happend1 - EPollPoller.cc:51
2025/08/05 14:41:675499 INFO  channel handleEvent revents:1 - Channel.cc:96
2025/08/05 14:41:675504 INFO  removeChannel fd=35 - EPollPoller.cc:132
2025/08/05 14:41:675508 INFO  TcpConnection::dtor[KamaHttpServer-0.0.0.0:8080#34]at fd=35state=0 - TcpConnection.cc:58
2025/08/05 14:41:675539 INFO  fd total count:14 - EPollPoller.cc:34
2025/08/05 14:41:698741 INFO  events happend1 - EPollPoller.cc:51
2025/08/05 14:41:698764 INFO  channel handleEvent revents:1 - Channel.cc:96
2025/08/05 14:41:698787 INFO  使用一致性哈希选择线程，索引=0 - EventLoopThreadPool.cc:114
2025/08/05 14:41:698794 INFO  TcpServer::newConnection [KamaHttpServer]- new connection [KamaHttpServer-0.0.0.0:8080#35]from %s127.0.0.1:38288 - TcpServer.cc:96
2025/08/05 14:41:698810 INFO  TcpConnection::ctor:[KamaHttpServer-0.0.0.0:8080#35]at fd=35 - TcpConnection.cc:52
2025/08/05 14:41:698837 INFO  fd total count:2 - EPollPoller.cc:34
2025/08/05 14:41:698846 INFO  events happend1 - EPollPoller.cc:51
2025/08/05 14:41:698860 INFO  channel handleEvent revents:1 - Channel.cc:96
2025/08/05 14:41:698869 INFO  func =>fd35events=3index=-1 - EPollPoller.cc:91
2025/08/05 14:41:698883 INFO  New HTTP connection from: 127.0.0.1:38288 - HttpServer.cc:70
2025/08/05 14:41:698890 INFO  fd total count:15 - EPollPoller.cc:34
2025/08/05 14:41:698894 INFO  events happend1 - EPollPoller.cc:51
2025/08/05 14:41:698897 INFO  channel handleEvent revents:1 - Channel.cc:96
2025/08/05 14:41:698928 INFO  HTTP POST /api/admin/clear-cache 从  - Middleware.cc:57
2025/08/05 14:41:698941 INFO  清除所有响应缓存... - DatabaseService.cc:87
2025/08/05 14:41:699885 INFO  尝试连接MySQL - Host: 127.0.0.1, Port: 3306, DB: kama_llm, User: root - DatabaseManager.cpp:86
2025/08/05 14:41:758736 INFO  MySQL连接成功: 127.0.0.1:3306/kama_llm - DatabaseManager.cpp:120
2025/08/05 14:41:759632 ERROR SQL执行失败: Table 'kama_llm.llm_cache' doesn't exist, SQL: DELETE FROM llm_cache WHERE last_accessed < 1754376096 - DatabaseManager.cpp:241
2025/08/05 14:41:760335 INFO  尝试连接MySQL - Host: 127.0.0.1, Port: 3306, DB: kama_llm, User: root - DatabaseManager.cpp:86
2025/08/05 14:41:818776 INFO  MySQL连接成功: 127.0.0.1:3306/kama_llm - DatabaseManager.cpp:120
2025/08/05 14:41:819123 ERROR SQL执行失败: Table 'kama_llm.llm_cache' doesn't exist, SQL: SELECT COUNT(*) FROM llm_cache - DatabaseManager.cpp:241
2025/08/05 14:41:819129 INFO  缓存已清空 - DatabaseService.cc:94
2025/08/05 14:41:819170 INFO  缓存清理完成，共清理 1 项 - main_http_modular.cc:376
2025/08/05 14:41:819179 INFO  HTTP POST /api/admin/clear-cache 响应 200 (120ms) - Middleware.cc:68
2025/08/05 14:41:819218 INFO  fd total count:15 - EPollPoller.cc:34
2025/08/05 14:41:819328 INFO  events happend1 - EPollPoller.cc:51
2025/08/05 14:41:819332 INFO  channel handleEvent revents:1 - Channel.cc:96
2025/08/05 14:41:819342 INFO  TcpConnection::handleClose fd=35state=2 - TcpConnection.cc:258
2025/08/05 14:41:819345 INFO  func =>fd35events=0index=1 - EPollPoller.cc:91
2025/08/05 14:41:819355 INFO  HTTP connection closed: 127.0.0.1:38288 - HttpServer.cc:75
2025/08/05 14:41:819385 INFO  fd total count:15 - EPollPoller.cc:34
2025/08/05 14:41:819407 INFO  events happend1 - EPollPoller.cc:51
2025/08/05 14:41:819425 INFO  channel handleEvent revents:1 - Channel.cc:96
2025/08/05 14:41:819436 INFO  TcpServer::removeConnectionInLoop [KamaHttpServer] - connection %sKamaHttpServer-0.0.0.0:8080#35 - TcpServer.cc:143
2025/08/05 14:41:819458 INFO  fd total count:2 - EPollPoller.cc:34
2025/08/05 14:41:819463 INFO  events happend1 - EPollPoller.cc:51
2025/08/05 14:41:819466 INFO  channel handleEvent revents:1 - Channel.cc:96
2025/08/05 14:41:819472 INFO  removeChannel fd=35 - EPollPoller.cc:132
2025/08/05 14:41:819476 INFO  TcpConnection::dtor[KamaHttpServer-0.0.0.0:8080#35]at fd=35state=0 - TcpConnection.cc:58
2025/08/05 14:41:819504 INFO  fd total count:14 - EPollPoller.cc:34
2025/08/05 14:41:825927 INFO  events happend1 - EPollPoller.cc:51
2025/08/05 14:41:825934 INFO  channel handleEvent revents:1 - Channel.cc:96
2025/08/05 14:41:825954 INFO  使用一致性哈希选择线程，索引=0 - EventLoopThreadPool.cc:114
2025/08/05 14:41:825960 INFO  TcpServer::newConnection [KamaHttpServer]- new connection [KamaHttpServer-0.0.0.0:8080#36]from %s127.0.0.1:38290 - TcpServer.cc:96
2025/08/05 14:41:825976 INFO  TcpConnection::ctor:[KamaHttpServer-0.0.0.0:8080#36]at fd=35 - TcpConnection.cc:52
2025/08/05 14:41:825998 INFO  fd total count:2 - EPollPoller.cc:34
2025/08/05 14:41:826005 INFO  events happend1 - EPollPoller.cc:51
2025/08/05 14:41:826009 INFO  channel handleEvent revents:1 - Channel.cc:96
2025/08/05 14:41:826015 INFO  func =>fd35events=3index=-1 - EPollPoller.cc:91
2025/08/05 14:41:826026 INFO  New HTTP connection from: 127.0.0.1:38290 - HttpServer.cc:70
2025/08/05 14:41:826031 INFO  fd total count:15 - EPollPoller.cc:34
2025/08/05 14:41:826035 INFO  events happend1 - EPollPoller.cc:51
2025/08/05 14:41:826038 INFO  channel handleEvent revents:1 - Channel.cc:96
2025/08/05 14:41:826060 INFO  HTTP GET /api/admin/database-stats 从  - Middleware.cc:57
2025/08/05 14:41:826801 INFO  尝试连接MySQL - Host: 127.0.0.1, Port: 3306, DB: kama_llm, User: root - DatabaseManager.cpp:86
2025/08/05 14:41:889717 INFO  MySQL连接成功: 127.0.0.1:3306/kama_llm - DatabaseManager.cpp:120
2025/08/05 14:41:821704 DEBUG timeout! - EPollPoller.cc:62
2025/08/05 14:41:821735 INFO  fd total count:1 - EPollPoller.cc:34
2025/08/05 14:41:840837 DEBUG timeout! - EPollPoller.cc:62
2025/08/05 14:41:840842 INFO  fd total count:1 - EPollPoller.cc:34
2025/08/05 14:41:848885 DEBUG timeout! - EPollPoller.cc:62
2025/08/05 14:41:848910 INFO  fd total count:1 - EPollPoller.cc:34
2025/08/05 14:41:836052 DEBUG timeout! - EPollPoller.cc:62
2025/08/05 14:41:836092 INFO  fd total count:2 - EPollPoller.cc:34
2025/08/05 14:41:831765 DEBUG timeout! - EPollPoller.cc:62
2025/08/05 14:41:831798 INFO  fd total count:1 - EPollPoller.cc:34
2025/08/05 14:41:850863 DEBUG timeout! - EPollPoller.cc:62
2025/08/05 14:41:850871 INFO  fd total count:1 - EPollPoller.cc:34
2025/08/05 14:41:858977 DEBUG timeout! - EPollPoller.cc:62
2025/08/05 14:41:859000 INFO  fd total count:1 - EPollPoller.cc:34
2025/08/05 14:41:846215 DEBUG timeout! - EPollPoller.cc:62
2025/08/05 14:41:846300 INFO  fd total count:2 - EPollPoller.cc:34
2025/08/05 14:41:841849 DEBUG timeout! - EPollPoller.cc:62
2025/08/05 14:41:841881 INFO  fd total count:1 - EPollPoller.cc:34
2025/08/05 14:41:860906 DEBUG timeout! - EPollPoller.cc:62
2025/08/05 14:41:860921 INFO  fd total count:1 - EPollPoller.cc:34
2025/08/05 14:41:869083 DEBUG timeout! - EPollPoller.cc:62
2025/08/05 14:41:869106 INFO  fd total count:1 - EPollPoller.cc:34
2025/08/05 14:42:856373 DEBUG timeout! - EPollPoller.cc:62
2025/08/05 14:42:856405 INFO  fd total count:2 - EPollPoller.cc:34
2025/08/05 14:42:851927 DEBUG timeout! - EPollPoller.cc:62
2025/08/05 14:42:851959 INFO  fd total count:1 - EPollPoller.cc:34
2025/08/05 14:42:870943 DEBUG timeout! - EPollPoller.cc:62
2025/08/05 14:42:870952 INFO  fd total count:1 - EPollPoller.cc:34
2025/08/05 14:42:879170 DEBUG timeout! - EPollPoller.cc:62
2025/08/05 14:42:879195 INFO  fd total count:1 - EPollPoller.cc:34
2025/08/05 14:42:866475 DEBUG timeout! - EPollPoller.cc:62
2025/08/05 14:42:866508 INFO  fd total count:2 - EPollPoller.cc:34
2025/08/05 14:42:862007 DEBUG timeout! - EPollPoller.cc:62
2025/08/05 14:42:862039 INFO  fd total count:1 - EPollPoller.cc:34
2025/08/05 14:42:880986 DEBUG timeout! - EPollPoller.cc:62
2025/08/05 14:42:881002 INFO  fd total count:1 - EPollPoller.cc:34
2025/08/05 14:42:889267 DEBUG timeout! - EPollPoller.cc:62
2025/08/05 14:42:889292 INFO  fd total count:1 - EPollPoller.cc:34
2025/08/05 14:42:876689 DEBUG timeout! - EPollPoller.cc:62
2025/08/05 14:42:876751 INFO  fd total count:2 - EPollPoller.cc:34
2025/08/05 14:42:872105 DEBUG timeout! - EPollPoller.cc:62
2025/08/05 14:42:872166 INFO  fd total count:1 - EPollPoller.cc:34
2025/08/05 14:42:891056 DEBUG timeout! - EPollPoller.cc:62
2025/08/05 14:42:891076 INFO  fd total count:1 - EPollPoller.cc:34
2025/08/05 14:42:899329 DEBUG timeout! - EPollPoller.cc:62
2025/08/05 14:42:899352 INFO  fd total count:1 - EPollPoller.cc:34
2025/08/05 14:42:106071 INFO  events happend1 - EPollPoller.cc:51
2025/08/05 14:42:106099 INFO  channel handleEvent revents:1 - Channel.cc:96
2025/08/05 14:42:106130 INFO  使用一致性哈希选择线程，索引=0 - EventLoopThreadPool.cc:114
2025/08/05 14:42:106137 INFO  TcpServer::newConnection [KamaHttpServer]- new connection [KamaHttpServer-0.0.0.0:8080#37]from %s127.0.0.1:38292 - TcpServer.cc:96
2025/08/05 14:42:106153 INFO  TcpConnection::ctor:[KamaHttpServer-0.0.0.0:8080#37]at fd=36 - TcpConnection.cc:52
2025/08/05 14:42:106174 INFO  fd total count:2 - EPollPoller.cc:34
2025/08/05 14:42:882230 DEBUG timeout! - EPollPoller.cc:62
2025/08/05 14:42:882278 INFO  fd total count:1 - EPollPoller.cc:34
2025/08/05 14:42:901112 DEBUG timeout! - EPollPoller.cc:62
2025/08/05 14:42:901127 INFO  fd total count:1 - EPollPoller.cc:34
2025/08/05 14:42:909409 DEBUG timeout! - EPollPoller.cc:62
2025/08/05 14:42:909430 INFO  fd total count:1 - EPollPoller.cc:34
2025/08/05 14:42:116236 DEBUG timeout! - EPollPoller.cc:62
2025/08/05 14:42:116270 INFO  fd total count:2 - EPollPoller.cc:34
2025/08/05 14:42:892345 DEBUG timeout! - EPollPoller.cc:62
2025/08/05 14:42:892378 INFO  fd total count:1 - EPollPoller.cc:34
2025/08/05 14:42:911166 DEBUG timeout! - EPollPoller.cc:62
2025/08/05 14:42:911182 INFO  fd total count:1 - EPollPoller.cc:34
2025/08/05 14:42:919478 DEBUG timeout! - EPollPoller.cc:62
2025/08/05 14:42:919499 INFO  fd total count:1 - EPollPoller.cc:34
2025/08/05 14:42:126310 DEBUG timeout! - EPollPoller.cc:62
2025/08/05 14:42:126340 INFO  fd total count:2 - EPollPoller.cc:34
2025/08/05 14:42:356258 INFO  events happend1 - EPollPoller.cc:51
2025/08/05 14:42:356287 INFO  channel handleEvent revents:1 - Channel.cc:96
2025/08/05 14:42:356316 INFO  使用一致性哈希选择线程，索引=0 - EventLoopThreadPool.cc:114
2025/08/05 14:42:356323 INFO  TcpServer::newConnection [KamaHttpServer]- new connection [KamaHttpServer-0.0.0.0:8080#38]from %s127.0.0.1:38294 - TcpServer.cc:96
2025/08/05 14:42:356338 INFO  TcpConnection::ctor:[KamaHttpServer-0.0.0.0:8080#38]at fd=37 - TcpConnection.cc:52
2025/08/05 14:42:356359 INFO  fd total count:2 - EPollPoller.cc:34
2025/08/05 14:42:902422 DEBUG timeout! - EPollPoller.cc:62
2025/08/05 14:42:902455 INFO  fd total count:1 - EPollPoller.cc:34
2025/08/05 14:42:921208 DEBUG timeout! - EPollPoller.cc:62
2025/08/05 14:42:921215 INFO  fd total count:1 - EPollPoller.cc:34
2025/08/05 14:42:929579 DEBUG timeout! - EPollPoller.cc:62
2025/08/05 14:42:929605 INFO  fd total count:1 - EPollPoller.cc:34
2025/08/05 14:43:100315 INFO  events happend1 - EPollPoller.cc:51
2025/08/05 14:43:100342 INFO  channel handleEvent revents:1 - Channel.cc:96
2025/08/05 14:43:100367 INFO  使用一致性哈希选择线程，索引=0 - EventLoopThreadPool.cc:114
2025/08/05 14:43:100374 INFO  TcpServer::newConnection [KamaHttpServer]- new connection [KamaHttpServer-0.0.0.0:8080#39]from %s127.0.0.1:38298 - TcpServer.cc:96
2025/08/05 14:43:100390 INFO  TcpConnection::ctor:[KamaHttpServer-0.0.0.0:8080#39]at fd=38 - TcpConnection.cc:52
2025/08/05 14:43:100411 INFO  fd total count:2 - EPollPoller.cc:34
2025/08/05 14:43:912509 DEBUG timeout! - EPollPoller.cc:62
2025/08/05 14:43:912540 INFO  fd total count:1 - EPollPoller.cc:34
2025/08/05 14:43:931249 DEBUG timeout! - EPollPoller.cc:62
2025/08/05 14:43:931260 INFO  fd total count:1 - EPollPoller.cc:34
2025/08/05 14:43:939669 DEBUG timeout! - EPollPoller.cc:62
2025/08/05 14:43:939692 INFO  fd total count:1 - EPollPoller.cc:34
2025/08/05 14:43:218045 INFO  events happend1 - EPollPoller.cc:51
2025/08/05 14:43:218067 INFO  channel handleEvent revents:1 - Channel.cc:96
2025/08/05 14:43:218090 INFO  使用一致性哈希选择线程，索引=0 - EventLoopThreadPool.cc:114
2025/08/05 14:43:218098 INFO  TcpServer::newConnection [KamaHttpServer]- new connection [KamaHttpServer-0.0.0.0:8080#40]from %s127.0.0.1:38300 - TcpServer.cc:96
2025/08/05 14:43:218113 INFO  TcpConnection::ctor:[KamaHttpServer-0.0.0.0:8080#40]at fd=39 - TcpConnection.cc:52
2025/08/05 14:43:218134 INFO  fd total count:2 - EPollPoller.cc:34
2025/08/05 14:43:556686 INFO  events happend1 - EPollPoller.cc:51
2025/08/05 14:43:556713 INFO  channel handleEvent revents:1 - Channel.cc:96
2025/08/05 14:43:556739 INFO  使用一致性哈希选择线程，索引=0 - EventLoopThreadPool.cc:114
2025/08/05 14:43:556747 INFO  TcpServer::newConnection [KamaHttpServer]- new connection [KamaHttpServer-0.0.0.0:8080#41]from %s127.0.0.1:38302 - TcpServer.cc:96
2025/08/05 14:43:556763 INFO  TcpConnection::ctor:[KamaHttpServer-0.0.0.0:8080#41]at fd=40 - TcpConnection.cc:52
2025/08/05 14:43:556784 INFO  fd total count:2 - EPollPoller.cc:34
2025/08/05 14:43:922586 DEBUG timeout! - EPollPoller.cc:62
2025/08/05 14:43:922618 INFO  fd total count:1 - EPollPoller.cc:34
2025/08/05 14:43:941311 DEBUG timeout! - EPollPoller.cc:62
2025/08/05 14:43:941328 INFO  fd total count:1 - EPollPoller.cc:34
2025/08/05 14:43:948594 DEBUG timeout! - EPollPoller.cc:62
2025/08/05 14:43:948602 INFO  fd total count:1 - EPollPoller.cc:34
2025/08/05 14:43:627404 INFO  events happend1 - EPollPoller.cc:51
2025/08/05 14:43:627431 INFO  channel handleEvent revents:1 - Channel.cc:96
2025/08/05 14:43:627456 INFO  使用一致性哈希选择线程，索引=0 - EventLoopThreadPool.cc:114
2025/08/05 14:43:627463 INFO  TcpServer::newConnection [KamaHttpServer]- new connection [KamaHttpServer-0.0.0.0:8080#42]from %s127.0.0.1:38304 - TcpServer.cc:96
2025/08/05 14:43:627478 INFO  TcpConnection::ctor:[KamaHttpServer-0.0.0.0:8080#42]at fd=41 - TcpConnection.cc:52
2025/08/05 14:43:627498 INFO  fd total count:2 - EPollPoller.cc:34
2025/08/05 14:43:875488 INFO  events happend1 - EPollPoller.cc:51
2025/08/05 14:43:875517 INFO  channel handleEvent revents:1 - Channel.cc:96
2025/08/05 14:43:875545 INFO  使用一致性哈希选择线程，索引=0 - EventLoopThreadPool.cc:114
2025/08/05 14:43:875552 INFO  TcpServer::newConnection [KamaHttpServer]- new connection [KamaHttpServer-0.0.0.0:8080#43]from %s127.0.0.1:38306 - TcpServer.cc:96
2025/08/05 14:43:875567 INFO  TcpConnection::ctor:[KamaHttpServer-0.0.0.0:8080#43]at fd=42 - TcpConnection.cc:52
2025/08/05 14:43:875588 INFO  fd total count:2 - EPollPoller.cc:34
2025/08/05 14:43:932694 DEBUG timeout! - EPollPoller.cc:62
2025/08/05 14:43:932754 INFO  fd total count:1 - EPollPoller.cc:34
2025/08/05 14:43:951366 DEBUG timeout! - EPollPoller.cc:62
2025/08/05 14:43:951384 INFO  fd total count:1 - EPollPoller.cc:34
2025/08/05 14:43:951400 DEBUG timeout! - EPollPoller.cc:62
2025/08/05 14:43:951452 INFO  fd total count:1 - EPollPoller.cc:34
2025/08/05 14:43:019484 INFO  events happend1 - EPollPoller.cc:51
2025/08/05 14:43:019513 INFO  channel handleEvent revents:1 - Channel.cc:96
2025/08/05 14:43:019539 INFO  使用一致性哈希选择线程，索引=0 - EventLoopThreadPool.cc:114
2025/08/05 14:43:019546 INFO  TcpServer::newConnection [KamaHttpServer]- new connection [KamaHttpServer-0.0.0.0:8080#44]from %s127.0.0.1:38308 - TcpServer.cc:96
2025/08/05 14:43:019561 INFO  TcpConnection::ctor:[KamaHttpServer-0.0.0.0:8080#44]at fd=43 - TcpConnection.cc:52
2025/08/05 14:43:019582 INFO  fd total count:2 - EPollPoller.cc:34
2025/08/05 14:43:085595 INFO  events happend1 - EPollPoller.cc:51
2025/08/05 14:43:085622 INFO  channel handleEvent revents:1 - Channel.cc:96
2025/08/05 14:43:085647 INFO  使用一致性哈希选择线程，索引=0 - EventLoopThreadPool.cc:114
2025/08/05 14:43:085654 INFO  TcpServer::newConnection [KamaHttpServer]- new connection [KamaHttpServer-0.0.0.0:8080#45]from %s127.0.0.1:38310 - TcpServer.cc:96
2025/08/05 14:43:085669 INFO  TcpConnection::ctor:[KamaHttpServer-0.0.0.0:8080#45]at fd=44 - TcpConnection.cc:52
2025/08/05 14:43:085692 INFO  fd total count:2 - EPollPoller.cc:34
2025/08/05 14:43:942800 DEBUG timeout! - EPollPoller.cc:62
2025/08/05 14:43:942831 INFO  fd total count:1 - EPollPoller.cc:34
2025/08/05 14:43:953399 DEBUG timeout! - EPollPoller.cc:62
2025/08/05 14:43:953412 INFO  fd total count:1 - EPollPoller.cc:34
2025/08/05 14:43:961413 DEBUG timeout! - EPollPoller.cc:62
2025/08/05 14:43:961422 INFO  fd total count:1 - EPollPoller.cc:34
2025/08/05 14:43:095797 DEBUG timeout! - EPollPoller.cc:62
2025/08/05 14:43:095866 INFO  fd total count:2 - EPollPoller.cc:34
2025/08/05 14:43:952881 DEBUG timeout! - EPollPoller.cc:62
2025/08/05 14:43:952914 INFO  fd total count:1 - EPollPoller.cc:34
2025/08/05 14:43:963459 DEBUG timeout! - EPollPoller.cc:62
2025/08/05 14:43:963468 INFO  fd total count:1 - EPollPoller.cc:34
2025/08/05 14:43:963508 DEBUG timeout! - EPollPoller.cc:62
2025/08/05 14:43:963559 INFO  fd total count:1 - EPollPoller.cc:34
2025/08/05 14:43:105905 DEBUG timeout! - EPollPoller.cc:62
2025/08/05 14:43:105939 INFO  fd total count:2 - EPollPoller.cc:34
2025/08/05 14:43:239770 INFO  events happend1 - EPollPoller.cc:51
2025/08/05 14:43:239800 INFO  channel handleEvent revents:1 - Channel.cc:96
2025/08/05 14:43:239827 INFO  使用一致性哈希选择线程，索引=0 - EventLoopThreadPool.cc:114
2025/08/05 14:43:239834 INFO  TcpServer::newConnection [KamaHttpServer]- new connection [KamaHttpServer-0.0.0.0:8080#46]from %s127.0.0.1:38312 - TcpServer.cc:96
2025/08/05 14:43:239849 INFO  TcpConnection::ctor:[KamaHttpServer-0.0.0.0:8080#46]at fd=45 - TcpConnection.cc:52
2025/08/05 14:43:239870 INFO  fd total count:2 - EPollPoller.cc:34
2025/08/05 14:43:962951 DEBUG timeout! - EPollPoller.cc:62
2025/08/05 14:43:962984 INFO  fd total count:1 - EPollPoller.cc:34
2025/08/05 14:43:973492 DEBUG timeout! - EPollPoller.cc:62
2025/08/05 14:43:973501 INFO  fd total count:1 - EPollPoller.cc:34
2025/08/05 14:43:973635 DEBUG timeout! - EPollPoller.cc:62
2025/08/05 14:43:973660 INFO  fd total count:1 - EPollPoller.cc:34
2025/08/05 14:44:091183 INFO  events happend1 - EPollPoller.cc:51
2025/08/05 14:44:091212 INFO  channel handleEvent revents:1 - Channel.cc:96
2025/08/05 14:44:091238 INFO  使用一致性哈希选择线程，索引=0 - EventLoopThreadPool.cc:114
2025/08/05 14:44:091246 INFO  TcpServer::newConnection [KamaHttpServer]- new connection [KamaHttpServer-0.0.0.0:8080#47]from %s127.0.0.1:38314 - TcpServer.cc:96
2025/08/05 14:44:091261 INFO  TcpConnection::ctor:[KamaHttpServer-0.0.0.0:8080#47]at fd=46 - TcpConnection.cc:52
2025/08/05 14:44:091282 INFO  fd total count:2 - EPollPoller.cc:34
2025/08/05 14:44:973020 DEBUG timeout! - EPollPoller.cc:62
2025/08/05 14:44:973052 INFO  fd total count:1 - EPollPoller.cc:34
2025/08/05 14:44:983528 DEBUG timeout! - EPollPoller.cc:62
2025/08/05 14:44:983537 INFO  fd total count:1 - EPollPoller.cc:34
2025/08/05 14:44:983748 DEBUG timeout! - EPollPoller.cc:62
2025/08/05 14:44:983798 INFO  fd total count:1 - EPollPoller.cc:34
2025/08/05 14:44:101355 DEBUG timeout! - EPollPoller.cc:62
2025/08/05 14:44:101383 INFO  fd total count:2 - EPollPoller.cc:34
2025/08/05 14:44:983139 DEBUG timeout! - EPollPoller.cc:62
2025/08/05 14:44:983203 INFO  fd total count:1 - EPollPoller.cc:34
2025/08/05 14:44:993579 DEBUG timeout! - EPollPoller.cc:62
2025/08/05 14:44:993594 INFO  fd total count:1 - EPollPoller.cc:34
2025/08/05 14:44:993844 DEBUG timeout! - EPollPoller.cc:62
2025/08/05 14:44:993877 INFO  fd total count:1 - EPollPoller.cc:34
2025/08/05 14:44:111426 DEBUG timeout! - EPollPoller.cc:62
2025/08/05 14:44:111459 INFO  fd total count:2 - EPollPoller.cc:34
2025/08/05 14:44:993289 DEBUG timeout! - EPollPoller.cc:62
2025/08/05 14:44:993351 INFO  fd total count:1 - EPollPoller.cc:34
2025/08/05 14:44:003676 DEBUG timeout! - EPollPoller.cc:62
2025/08/05 14:44:003718 INFO  fd total count:1 - EPollPoller.cc:34
2025/08/05 14:44:003920 DEBUG timeout! - EPollPoller.cc:62
2025/08/05 14:44:003953 INFO  fd total count:1 - EPollPoller.cc:34
2025/08/05 14:44:082928 INFO  events happend1 - EPollPoller.cc:51
2025/08/05 14:44:082959 INFO  channel handleEvent revents:1 - Channel.cc:96
2025/08/05 14:44:082988 INFO  使用一致性哈希选择线程，索引=0 - EventLoopThreadPool.cc:114
2025/08/05 14:44:082995 INFO  TcpServer::newConnection [KamaHttpServer]- new connection [KamaHttpServer-0.0.0.0:8080#48]from %s127.0.0.1:38316 - TcpServer.cc:96
2025/08/05 14:44:083010 INFO  TcpConnection::ctor:[KamaHttpServer-0.0.0.0:8080#48]at fd=47 - TcpConnection.cc:52
2025/08/05 14:44:083032 INFO  fd total count:2 - EPollPoller.cc:34
2025/08/05 14:44:003396 DEBUG timeout! - EPollPoller.cc:62
2025/08/05 14:44:003429 INFO  fd total count:1 - EPollPoller.cc:34
2025/08/05 14:44:013780 DEBUG timeout! - EPollPoller.cc:62
2025/08/05 14:44:013796 INFO  fd total count:1 - EPollPoller.cc:34
2025/08/05 14:44:014025 DEBUG timeout! - EPollPoller.cc:62
2025/08/05 14:44:014082 INFO  fd total count:1 - EPollPoller.cc:34
2025/08/05 14:44:093113 DEBUG timeout! - EPollPoller.cc:62
2025/08/05 14:44:093146 INFO  fd total count:2 - EPollPoller.cc:34
2025/08/05 14:44:013471 DEBUG timeout! - EPollPoller.cc:62
2025/08/05 14:44:013506 INFO  fd total count:1 - EPollPoller.cc:34
2025/08/05 14:44:023831 DEBUG timeout! - EPollPoller.cc:62
2025/08/05 14:44:023843 INFO  fd total count:1 - EPollPoller.cc:34
2025/08/05 14:44:024158 DEBUG timeout! - EPollPoller.cc:62
2025/08/05 14:44:024183 INFO  fd total count:1 - EPollPoller.cc:34
2025/08/05 14:44:103220 DEBUG timeout! - EPollPoller.cc:62
2025/08/05 14:44:103253 INFO  fd total count:2 - EPollPoller.cc:34
2025/08/05 14:44:247758 INFO  events happend1 - EPollPoller.cc:51
2025/08/05 14:44:247783 INFO  channel handleEvent revents:1 - Channel.cc:96
2025/08/05 14:44:247809 INFO  使用一致性哈希选择线程，索引=0 - EventLoopThreadPool.cc:114
2025/08/05 14:44:247816 INFO  TcpServer::newConnection [KamaHttpServer]- new connection [KamaHttpServer-0.0.0.0:8080#49]from %s127.0.0.1:38318 - TcpServer.cc:96
2025/08/05 14:44:247831 INFO  TcpConnection::ctor:[KamaHttpServer-0.0.0.0:8080#49]at fd=48 - TcpConnection.cc:52
2025/08/05 14:44:247852 INFO  fd total count:2 - EPollPoller.cc:34
2025/08/05 14:45:023556 DEBUG timeout! - EPollPoller.cc:62
2025/08/05 14:45:023590 INFO  fd total count:1 - EPollPoller.cc:34
2025/08/05 14:45:033866 DEBUG timeout! - EPollPoller.cc:62
2025/08/05 14:45:033874 INFO  fd total count:1 - EPollPoller.cc:34
2025/08/05 14:45:034210 DEBUG timeout! - EPollPoller.cc:62
2025/08/05 14:45:034236 INFO  fd total count:1 - EPollPoller.cc:34
2025/08/05 14:45:257915 DEBUG timeout! - EPollPoller.cc:62
2025/08/05 14:45:257947 INFO  fd total count:2 - EPollPoller.cc:34
2025/08/05 14:45:033632 DEBUG timeout! - EPollPoller.cc:62
2025/08/05 14:45:033663 INFO  fd total count:1 - EPollPoller.cc:34
2025/08/05 14:45:043897 DEBUG timeout! - EPollPoller.cc:62
2025/08/05 14:45:043906 INFO  fd total count:1 - EPollPoller.cc:34
2025/08/05 14:45:044297 DEBUG timeout! - EPollPoller.cc:62
2025/08/05 14:45:044349 INFO  fd total count:1 - EPollPoller.cc:34
2025/08/05 14:45:268055 DEBUG timeout! - EPollPoller.cc:62
2025/08/05 14:45:268090 INFO  fd total count:2 - EPollPoller.cc:34
2025/08/05 14:45:043738 DEBUG timeout! - EPollPoller.cc:62
2025/08/05 14:45:043773 INFO  fd total count:1 - EPollPoller.cc:34
2025/08/05 14:45:053935 DEBUG timeout! - EPollPoller.cc:62
2025/08/05 14:45:053954 INFO  fd total count:1 - EPollPoller.cc:34
2025/08/05 14:45:054407 DEBUG timeout! - EPollPoller.cc:62
2025/08/05 14:45:054432 INFO  fd total count:1 - EPollPoller.cc:34
2025/08/05 14:45:278132 DEBUG timeout! - EPollPoller.cc:62
2025/08/05 14:45:278166 INFO  fd total count:2 - EPollPoller.cc:34
2025/08/05 14:45:053805 DEBUG timeout! - EPollPoller.cc:62
2025/08/05 14:45:053836 INFO  fd total count:1 - EPollPoller.cc:34
2025/08/05 14:45:063982 DEBUG timeout! - EPollPoller.cc:62
2025/08/05 14:45:063990 INFO  fd total count:1 - EPollPoller.cc:34
2025/08/05 14:45:064486 DEBUG timeout! - EPollPoller.cc:62
2025/08/05 14:45:064517 INFO  fd total count:1 - EPollPoller.cc:34
2025/08/05 14:45:288211 DEBUG timeout! - EPollPoller.cc:62
2025/08/05 14:45:288241 INFO  fd total count:2 - EPollPoller.cc:34
2025/08/05 14:45:063872 DEBUG timeout! - EPollPoller.cc:62
2025/08/05 14:45:063905 INFO  fd total count:1 - EPollPoller.cc:34
2025/08/05 14:45:074010 DEBUG timeout! - EPollPoller.cc:62
2025/08/05 14:45:074016 INFO  fd total count:1 - EPollPoller.cc:34
2025/08/05 14:45:074567 DEBUG timeout! - EPollPoller.cc:62
2025/08/05 14:45:074592 INFO  fd total count:1 - EPollPoller.cc:34
2025/08/05 14:45:298360 DEBUG timeout! - EPollPoller.cc:62
2025/08/05 14:45:298422 INFO  fd total count:2 - EPollPoller.cc:34
2025/08/05 14:45:073943 DEBUG timeout! - EPollPoller.cc:62
2025/08/05 14:45:073978 INFO  fd total count:1 - EPollPoller.cc:34
2025/08/05 14:45:084042 DEBUG timeout! - EPollPoller.cc:62
2025/08/05 14:45:084052 INFO  fd total count:1 - EPollPoller.cc:34
2025/08/05 14:45:084690 DEBUG timeout! - EPollPoller.cc:62
2025/08/05 14:45:084716 INFO  fd total count:1 - EPollPoller.cc:34
2025/08/05 14:45:259000 INFO  events happend1 - EPollPoller.cc:51
2025/08/05 14:45:259030 INFO  channel handleEvent revents:1 - Channel.cc:96
2025/08/05 14:45:259058 INFO  使用一致性哈希选择线程，索引=0 - EventLoopThreadPool.cc:114
2025/08/05 14:45:259067 INFO  TcpServer::newConnection [KamaHttpServer]- new connection [KamaHttpServer-0.0.0.0:8080#50]from %s127.0.0.1:38320 - TcpServer.cc:96
2025/08/05 14:45:259083 INFO  TcpConnection::ctor:[KamaHttpServer-0.0.0.0:8080#50]at fd=49 - TcpConnection.cc:52
2025/08/05 14:45:259103 INFO  fd total count:2 - EPollPoller.cc:34
2025/08/05 14:46:084017 DEBUG timeout! - EPollPoller.cc:62
2025/08/05 14:46:084051 INFO  fd total count:1 - EPollPoller.cc:34
2025/08/05 14:46:094078 DEBUG timeout! - EPollPoller.cc:62
2025/08/05 14:46:094085 INFO  fd total count:1 - EPollPoller.cc:34
2025/08/05 14:46:094755 DEBUG timeout! - EPollPoller.cc:62
2025/08/05 14:46:094780 INFO  fd total count:1 - EPollPoller.cc:34
2025/08/05 14:46:269136 DEBUG timeout! - EPollPoller.cc:62
2025/08/05 14:46:269168 INFO  fd total count:2 - EPollPoller.cc:34
2025/08/05 14:46:094087 DEBUG timeout! - EPollPoller.cc:62
2025/08/05 14:46:094119 INFO  fd total count:1 - EPollPoller.cc:34
2025/08/05 14:46:104113 DEBUG timeout! - EPollPoller.cc:62
2025/08/05 14:46:104125 INFO  fd total count:1 - EPollPoller.cc:34
2025/08/05 14:46:104818 DEBUG timeout! - EPollPoller.cc:62
2025/08/05 14:46:104843 INFO  fd total count:1 - EPollPoller.cc:34
2025/08/05 14:46:279254 DEBUG timeout! - EPollPoller.cc:62
2025/08/05 14:46:279313 INFO  fd total count:2 - EPollPoller.cc:34
2025/08/05 14:46:104226 DEBUG timeout! - EPollPoller.cc:62
2025/08/05 14:46:104242 DEBUG timeout! - EPollPoller.cc:62
2025/08/05 14:46:104264 INFO  fd total count:1 - EPollPoller.cc:34
2025/08/05 14:46:104283 INFO  fd total count:1 - EPollPoller.cc:34
2025/08/05 14:46:114917 DEBUG timeout! - EPollPoller.cc:62
2025/08/05 14:46:114940 INFO  fd total count:1 - EPollPoller.cc:34
2025/08/05 14:46:289364 DEBUG timeout! - EPollPoller.cc:62
2025/08/05 14:46:289398 INFO  fd total count:2 - EPollPoller.cc:34
2025/08/05 14:46:520131 INFO  events happend1 - EPollPoller.cc:51
2025/08/05 14:46:520155 INFO  channel handleEvent revents:1 - Channel.cc:96
2025/08/05 14:46:520180 INFO  使用一致性哈希选择线程，索引=0 - EventLoopThreadPool.cc:114
2025/08/05 14:46:520188 INFO  TcpServer::newConnection [KamaHttpServer]- new connection [KamaHttpServer-0.0.0.0:8080#51]from %s127.0.0.1:38322 - TcpServer.cc:96
2025/08/05 14:46:520204 INFO  TcpConnection::ctor:[KamaHttpServer-0.0.0.0:8080#51]at fd=50 - TcpConnection.cc:52
2025/08/05 14:46:520225 INFO  fd total count:2 - EPollPoller.cc:34
2025/08/05 14:46:114325 DEBUG timeout! - EPollPoller.cc:62
2025/08/05 14:46:114325 DEBUG timeout! - EPollPoller.cc:62
2025/08/05 14:46:114366 INFO  fd total count:1 - EPollPoller.cc:34
2025/08/05 14:46:114391 INFO  fd total count:1 - EPollPoller.cc:34
2025/08/05 14:46:125012 DEBUG timeout! - EPollPoller.cc:62
2025/08/05 14:46:125060 INFO  fd total count:1 - EPollPoller.cc:34
2025/08/05 14:46:530253 DEBUG timeout! - EPollPoller.cc:62
2025/08/05 14:46:530292 INFO  fd total count:2 - EPollPoller.cc:34
2025/08/05 14:46:124437 DEBUG timeout! - EPollPoller.cc:62
2025/08/05 14:46:124469 INFO  fd total count:1 - EPollPoller.cc:34
2025/08/05 14:46:124475 DEBUG timeout! - EPollPoller.cc:62
2025/08/05 14:46:124500 INFO  fd total count:1 - EPollPoller.cc:34
2025/08/05 14:46:135096 DEBUG timeout! - EPollPoller.cc:62
2025/08/05 14:46:135115 INFO  fd total count:1 - EPollPoller.cc:34
2025/08/05 14:46:540327 DEBUG timeout! - EPollPoller.cc:62
2025/08/05 14:46:540358 INFO  fd total count:2 - EPollPoller.cc:34
2025/08/05 14:46:134494 DEBUG timeout! - EPollPoller.cc:62
2025/08/05 14:46:134528 INFO  fd total count:1 - EPollPoller.cc:34
2025/08/05 14:46:134636 DEBUG timeout! - EPollPoller.cc:62
2025/08/05 14:46:134692 INFO  fd total count:1 - EPollPoller.cc:34
2025/08/05 14:46:145187 DEBUG timeout! - EPollPoller.cc:62
2025/08/05 14:46:145212 INFO  fd total count:1 - EPollPoller.cc:34
2025/08/05 14:46:550440 DEBUG timeout! - EPollPoller.cc:62
2025/08/05 14:46:550473 INFO  fd total count:2 - EPollPoller.cc:34
2025/08/05 14:47:144576 DEBUG timeout! - EPollPoller.cc:62
2025/08/05 14:47:144607 INFO  fd total count:1 - EPollPoller.cc:34
2025/08/05 14:47:144733 DEBUG timeout! - EPollPoller.cc:62
2025/08/05 14:47:144763 INFO  fd total count:1 - EPollPoller.cc:34
2025/08/05 14:47:155287 DEBUG timeout! - EPollPoller.cc:62
2025/08/05 14:47:155334 INFO  fd total count:1 - EPollPoller.cc:34
2025/08/05 14:47:560532 DEBUG timeout! - EPollPoller.cc:62
2025/08/05 14:47:560562 INFO  fd total count:2 - EPollPoller.cc:34
2025/08/05 14:47:154651 DEBUG timeout! - EPollPoller.cc:62
2025/08/05 14:47:154684 INFO  fd total count:1 - EPollPoller.cc:34
2025/08/05 14:47:154837 DEBUG timeout! - EPollPoller.cc:62
2025/08/05 14:47:154862 INFO  fd total count:1 - EPollPoller.cc:34
2025/08/05 14:47:165368 DEBUG timeout! - EPollPoller.cc:62
2025/08/05 14:47:165389 INFO  fd total count:1 - EPollPoller.cc:34
