2025/08/05 15:36:333023 DEBUG EventLoop createdtruein thread684030 - EventLoop.cc:53
2025/08/05 15:36:333081 INFO  func =>fd5events=3index=-1 - EPollPoller.cc:91
2025/08/05 15:36:333333 INFO  成功加载配置文件: config/config.json - ConfigManager.cc:28
2025/08/05 15:36:333681 INFO  成功加载配置文件: config/config.json - ConfigManager.cc:28
2025/08/05 15:36:334118 INFO  配置加载完成: 端口=8080, 线程数=4, LLaMA服务类型=tcp, 数据库类型=mysql, 开发模式=true - main_http_modular.cc:126
2025/08/05 15:36:334136 INFO  添加中间件: LoggingMiddleware - Middleware.cc:17
2025/08/05 15:36:334145 INFO  添加中间件: CorsMiddleware - Middleware.cc:17
2025/08/05 15:36:335735 INFO  尝试连接MySQL - Host: 127.0.0.1, Port: 3306, DB: kama_llm, User: root - DatabaseManager.cpp:86
2025/08/05 15:36:396634 INFO  MySQL连接成功: 127.0.0.1:3306/kama_llm - DatabaseManager.cpp:120
2025/08/05 15:36:420352 INFO  数据库表初始化完成 - DatabaseManager.cpp:230
2025/08/05 15:36:420365 INFO  MySQL数据库初始化成功 - DatabaseManager.cpp:52
2025/08/05 15:36:420369 INFO  数据库服务初始化成功: 127.0.0.1:3306/kama_llm - DatabaseService.cc:58
2025/08/05 15:36:420502 INFO  LLaMA 服务连接成功：127.0.0.1:8899 - LlamaService.cc:29
2025/08/05 15:36:420515 INFO  LLaMA服务连接成功 - main_http_modular.cc:253
2025/08/05 15:36:420531 INFO  Added route: GET /basic - HttpServer.cc:60
2025/08/05 15:36:420535 INFO  Added route: GET /api/models - HttpServer.cc:60
2025/08/05 15:36:420540 INFO  Added route: POST /api/llama/query - HttpServer.cc:60
2025/08/05 15:36:420544 INFO  Added route: GET /api/status - HttpServer.cc:60
2025/08/05 15:36:420549 INFO  Added route: POST /api/admin/clear-cache - HttpServer.cc:60
2025/08/05 15:36:420553 INFO  Added route: POST /api/admin/clear-database - HttpServer.cc:60
2025/08/05 15:36:420557 INFO  Added route: GET /api/admin/database-stats - HttpServer.cc:60
2025/08/05 15:36:420561 INFO  Added route: GET /api/admin/users - HttpServer.cc:60
2025/08/05 15:36:420564 INFO  Added route: POST /api/admin/clear-users - HttpServer.cc:60
2025/08/05 15:36:420568 INFO  Added route: GET /api/conversations - HttpServer.cc:60
2025/08/05 15:36:420578 INFO  启动Kama HTTP服务器, 端口: 8080 - main_http_modular.cc:75
2025/08/05 15:36:420581 INFO  HTTP Server [KamaHttpServer] started on 0.0.0.0:8080 - HttpServer.cc:41
2025/08/05 15:36:420778 DEBUG EventLoop createdtruein thread684033 - EventLoop.cc:53
2025/08/05 15:36:420823 INFO  func =>fd9events=3index=-1 - EPollPoller.cc:91
2025/08/05 15:36:420874 INFO  EventLoop start looping - EventLoop.cc:82
2025/08/05 15:36:420885 INFO  fd total count:1 - EPollPoller.cc:34
2025/08/05 15:36:421017 DEBUG EventLoop createdtruein thread684034 - EventLoop.cc:53
2025/08/05 15:36:421036 INFO  func =>fd11events=3index=-1 - EPollPoller.cc:91
2025/08/05 15:36:421055 INFO  EventLoop start looping - EventLoop.cc:82
2025/08/05 15:36:421059 INFO  fd total count:1 - EPollPoller.cc:34
2025/08/05 15:36:421154 DEBUG EventLoop createdtruein thread684035 - EventLoop.cc:53
2025/08/05 15:36:421171 INFO  func =>fd13events=3index=-1 - EPollPoller.cc:91
2025/08/05 15:36:421187 INFO  EventLoop start looping - EventLoop.cc:82
2025/08/05 15:36:421191 INFO  fd total count:1 - EPollPoller.cc:34
2025/08/05 15:36:421408 DEBUG EventLoop createdtruein thread684036 - EventLoop.cc:53
2025/08/05 15:36:421453 INFO  func =>fd15events=3index=-1 - EPollPoller.cc:91
2025/08/05 15:36:421498 INFO  EventLoop start looping - EventLoop.cc:82
2025/08/05 15:36:421509 INFO  fd total count:1 - EPollPoller.cc:34
2025/08/05 15:36:421510 INFO  func =>fd6events=3index=-1 - EPollPoller.cc:91
2025/08/05 15:36:421597 INFO  EventLoop start looping - EventLoop.cc:82
2025/08/05 15:36:421602 INFO  fd total count:2 - EPollPoller.cc:34
2025/08/05 15:36:422065 INFO  events happend1 - EPollPoller.cc:51
2025/08/05 15:36:422099 INFO  channel handleEvent revents:1 - Channel.cc:96
2025/08/05 15:36:422132 INFO  使用一致性哈希选择线程，索引=0 - EventLoopThreadPool.cc:114
2025/08/05 15:36:422142 INFO  TcpServer::newConnection [KamaHttpServer]- new connection [KamaHttpServer-0.0.0.0:8080#1]from %s127.0.0.1:38482 - TcpServer.cc:96
2025/08/05 15:36:422159 INFO  TcpConnection::ctor:[KamaHttpServer-0.0.0.0:8080#1]at fd=16 - TcpConnection.cc:52
2025/08/05 15:36:422213 INFO  fd total count:2 - EPollPoller.cc:34
2025/08/05 15:36:422232 INFO  events happend1 - EPollPoller.cc:51
2025/08/05 15:36:422254 INFO  channel handleEvent revents:1 - Channel.cc:96
2025/08/05 15:36:422282 INFO  func =>fd16events=3index=-1 - EPollPoller.cc:91
2025/08/05 15:36:422305 INFO  New HTTP connection from: 127.0.0.1:38482 - HttpServer.cc:70
2025/08/05 15:36:422312 INFO  fd total count:2 - EPollPoller.cc:34
2025/08/05 15:36:422316 INFO  events happend1 - EPollPoller.cc:51
2025/08/05 15:36:422319 INFO  channel handleEvent revents:1 - Channel.cc:96
2025/08/05 15:36:422355 INFO  TcpConnection::handleClose fd=16state=2 - TcpConnection.cc:258
2025/08/05 15:36:422359 INFO  func =>fd16events=0index=1 - EPollPoller.cc:91
2025/08/05 15:36:422365 INFO  HTTP connection closed: 127.0.0.1:38482 - HttpServer.cc:75
2025/08/05 15:36:422383 INFO  fd total count:2 - EPollPoller.cc:34
2025/08/05 15:36:422391 INFO  events happend1 - EPollPoller.cc:51
2025/08/05 15:36:422395 INFO  channel handleEvent revents:1 - Channel.cc:96
2025/08/05 15:36:422400 INFO  TcpServer::removeConnectionInLoop [KamaHttpServer] - connection %sKamaHttpServer-0.0.0.0:8080#1 - TcpServer.cc:143
2025/08/05 15:36:422413 INFO  fd total count:2 - EPollPoller.cc:34
2025/08/05 15:36:422419 INFO  events happend1 - EPollPoller.cc:51
2025/08/05 15:36:422423 INFO  channel handleEvent revents:1 - Channel.cc:96
2025/08/05 15:36:422428 INFO  removeChannel fd=16 - EPollPoller.cc:132
2025/08/05 15:36:422431 INFO  TcpConnection::dtor[KamaHttpServer-0.0.0.0:8080#1]at fd=16state=0 - TcpConnection.cc:58
2025/08/05 15:36:422489 INFO  fd total count:1 - EPollPoller.cc:34
2025/08/05 15:36:533409 INFO  events happend1 - EPollPoller.cc:51
2025/08/05 15:36:533438 INFO  channel handleEvent revents:1 - Channel.cc:96
2025/08/05 15:36:533465 INFO  使用一致性哈希选择线程，索引=0 - EventLoopThreadPool.cc:114
2025/08/05 15:36:533472 INFO  TcpServer::newConnection [KamaHttpServer]- new connection [KamaHttpServer-0.0.0.0:8080#2]from %s127.0.0.1:38484 - TcpServer.cc:96
2025/08/05 15:36:533487 INFO  TcpConnection::ctor:[KamaHttpServer-0.0.0.0:8080#2]at fd=16 - TcpConnection.cc:52
2025/08/05 15:36:533519 INFO  fd total count:2 - EPollPoller.cc:34
2025/08/05 15:36:533537 INFO  events happend1 - EPollPoller.cc:51
2025/08/05 15:36:533560 INFO  channel handleEvent revents:1 - Channel.cc:96
2025/08/05 15:36:533572 INFO  func =>fd16events=3index=-1 - EPollPoller.cc:91
2025/08/05 15:36:533590 INFO  New HTTP connection from: 127.0.0.1:38484 - HttpServer.cc:70
2025/08/05 15:36:533598 INFO  fd total count:2 - EPollPoller.cc:34
2025/08/05 15:36:535693 INFO  events happend1 - EPollPoller.cc:51
2025/08/05 15:36:535711 INFO  channel handleEvent revents:1 - Channel.cc:96
2025/08/05 15:36:535731 INFO  使用一致性哈希选择线程，索引=0 - EventLoopThreadPool.cc:114
2025/08/05 15:36:535736 INFO  TcpServer::newConnection [KamaHttpServer]- new connection [KamaHttpServer-0.0.0.0:8080#3]from %s127.0.0.1:38486 - TcpServer.cc:96
2025/08/05 15:36:535749 INFO  TcpConnection::ctor:[KamaHttpServer-0.0.0.0:8080#3]at fd=17 - TcpConnection.cc:52
2025/08/05 15:36:535774 INFO  fd total count:2 - EPollPoller.cc:34
2025/08/05 15:36:535783 INFO  events happend1 - EPollPoller.cc:51
2025/08/05 15:36:535788 INFO  channel handleEvent revents:1 - Channel.cc:96
2025/08/05 15:36:535793 INFO  func =>fd17events=3index=-1 - EPollPoller.cc:91
2025/08/05 15:36:535803 INFO  New HTTP connection from: 127.0.0.1:38486 - HttpServer.cc:70
2025/08/05 15:36:535808 INFO  fd total count:3 - EPollPoller.cc:34
2025/08/05 15:36:535812 INFO  events happend1 - EPollPoller.cc:51
2025/08/05 15:36:535815 INFO  channel handleEvent revents:1 - Channel.cc:96
2025/08/05 15:36:535893 INFO  HTTP GET / 从  - Middleware.cc:57
2025/08/05 15:36:537380 INFO  HTTP GET / 响应 200 (1ms) - Middleware.cc:68
2025/08/05 15:36:537452 INFO  fd total count:3 - EPollPoller.cc:34
2025/08/05 15:36:558537 INFO  events happend1 - EPollPoller.cc:51
2025/08/05 15:36:558545 INFO  channel handleEvent revents:1 - Channel.cc:96
2025/08/05 15:36:558589 INFO  HTTP GET /css/openwebui-style.css 从  - Middleware.cc:57
2025/08/05 15:36:559980 INFO  HTTP GET /css/openwebui-style.css 响应 200 (1ms) - Middleware.cc:68
2025/08/05 15:36:560024 INFO  fd total count:3 - EPollPoller.cc:34
2025/08/05 15:36:560030 INFO  events happend1 - EPollPoller.cc:51
2025/08/05 15:36:560033 INFO  channel handleEvent revents:1 - Channel.cc:96
2025/08/05 15:36:560064 INFO  HTTP GET /css/admin-modal.css 从  - Middleware.cc:57
2025/08/05 15:36:560840 INFO  HTTP GET /css/admin-modal.css 响应 200 (0ms) - Middleware.cc:68
2025/08/05 15:36:560880 INFO  fd total count:3 - EPollPoller.cc:34
2025/08/05 15:36:572097 INFO  events happend1 - EPollPoller.cc:51
2025/08/05 15:36:572104 INFO  channel handleEvent revents:1 - Channel.cc:96
2025/08/05 15:36:572140 INFO  HTTP GET /js/openwebui-app.js 从  - Middleware.cc:57
2025/08/05 15:36:574335 INFO  HTTP GET /js/openwebui-app.js 响应 200 (2ms) - Middleware.cc:68
2025/08/05 15:36:574389 INFO  fd total count:3 - EPollPoller.cc:34
2025/08/05 15:36:574395 INFO  events happend1 - EPollPoller.cc:51
2025/08/05 15:36:574398 INFO  channel handleEvent revents:1 - Channel.cc:96
2025/08/05 15:36:574429 INFO  HTTP GET /js/admin-console.js 从  - Middleware.cc:57
2025/08/05 15:36:575543 INFO  HTTP GET /js/admin-console.js 响应 200 (1ms) - Middleware.cc:68
2025/08/05 15:36:575583 INFO  fd total count:3 - EPollPoller.cc:34
2025/08/05 15:36:620181 INFO  events happend1 - EPollPoller.cc:51
2025/08/05 15:36:620191 INFO  channel handleEvent revents:1 - Channel.cc:96
2025/08/05 15:36:620229 INFO  HTTP GET /api/models 从  - Middleware.cc:57
2025/08/05 15:36:620244 INFO  HTTP GET /api/models 响应 200 (0ms) - Middleware.cc:68
2025/08/05 15:36:620274 INFO  fd total count:3 - EPollPoller.cc:34
2025/08/05 15:36:620411 INFO  events happend1 - EPollPoller.cc:51
2025/08/05 15:36:620415 INFO  channel handleEvent revents:1 - Channel.cc:96
2025/08/05 15:36:620441 INFO  HTTP GET /api/status 从  - Middleware.cc:57
2025/08/05 15:36:620454 INFO  HTTP GET /api/status 响应 200 (0ms) - Middleware.cc:68
2025/08/05 15:36:620478 INFO  fd total count:3 - EPollPoller.cc:34
2025/08/05 15:36:796488 INFO  events happend1 - EPollPoller.cc:51
2025/08/05 15:36:796514 INFO  channel handleEvent revents:1 - Channel.cc:96
2025/08/05 15:36:796539 INFO  使用一致性哈希选择线程，索引=0 - EventLoopThreadPool.cc:114
2025/08/05 15:36:796546 INFO  TcpServer::newConnection [KamaHttpServer]- new connection [KamaHttpServer-0.0.0.0:8080#4]from %s127.0.0.1:38488 - TcpServer.cc:96
2025/08/05 15:36:796587 INFO  TcpConnection::ctor:[KamaHttpServer-0.0.0.0:8080#4]at fd=18 - TcpConnection.cc:52
2025/08/05 15:36:796645 INFO  fd total count:2 - EPollPoller.cc:34
2025/08/05 15:36:796656 INFO  events happend1 - EPollPoller.cc:51
2025/08/05 15:36:796671 INFO  channel handleEvent revents:1 - Channel.cc:96
2025/08/05 15:36:796681 INFO  func =>fd18events=3index=-1 - EPollPoller.cc:91
2025/08/05 15:36:796697 INFO  New HTTP connection from: 127.0.0.1:38488 - HttpServer.cc:70
2025/08/05 15:36:796705 INFO  fd total count:4 - EPollPoller.cc:34
2025/08/05 15:36:888630 INFO  events happend1 - EPollPoller.cc:51
2025/08/05 15:36:888655 INFO  channel handleEvent revents:1 - Channel.cc:96
2025/08/05 15:36:888679 INFO  使用一致性哈希选择线程，索引=0 - EventLoopThreadPool.cc:114
2025/08/05 15:36:888686 INFO  TcpServer::newConnection [KamaHttpServer]- new connection [KamaHttpServer-0.0.0.0:8080#5]from %s127.0.0.1:38490 - TcpServer.cc:96
2025/08/05 15:36:888699 INFO  TcpConnection::ctor:[KamaHttpServer-0.0.0.0:8080#5]at fd=19 - TcpConnection.cc:52
2025/08/05 15:36:888742 INFO  fd total count:2 - EPollPoller.cc:34
2025/08/05 15:36:888761 INFO  events happend1 - EPollPoller.cc:51
2025/08/05 15:36:888779 INFO  channel handleEvent revents:1 - Channel.cc:96
2025/08/05 15:36:888790 INFO  func =>fd19events=3index=-1 - EPollPoller.cc:91
2025/08/05 15:36:888806 INFO  New HTTP connection from: 127.0.0.1:38490 - HttpServer.cc:70
2025/08/05 15:36:888814 INFO  fd total count:5 - EPollPoller.cc:34
2025/08/05 15:36:726846 INFO  events happend1 - EPollPoller.cc:51
2025/08/05 15:36:726901 INFO  channel handleEvent revents:1 - Channel.cc:96
2025/08/05 15:36:727062 INFO  HTTP GET /admin.html 从  - Middleware.cc:57
2025/08/05 15:36:733904 INFO  HTTP GET /admin.html 响应 200 (6ms) - Middleware.cc:68
2025/08/05 15:36:734033 INFO  fd total count:5 - EPollPoller.cc:34
2025/08/05 15:36:734045 INFO  events happend1 - EPollPoller.cc:51
2025/08/05 15:36:734048 INFO  channel handleEvent revents:1 - Channel.cc:96
2025/08/05 15:36:734084 INFO  HTTP GET /api/status 从  - Middleware.cc:57
2025/08/05 15:36:734101 INFO  HTTP GET /api/status 响应 200 (0ms) - Middleware.cc:68
2025/08/05 15:36:734133 INFO  fd total count:5 - EPollPoller.cc:34
2025/08/05 15:36:742951 INFO  events happend1 - EPollPoller.cc:51
2025/08/05 15:36:742959 INFO  channel handleEvent revents:1 - Channel.cc:96
2025/08/05 15:36:743001 INFO  HTTP GET /api/status 从  - Middleware.cc:57
2025/08/05 15:36:743015 INFO  HTTP GET /api/status 响应 200 (0ms) - Middleware.cc:68
2025/08/05 15:36:743051 INFO  fd total count:5 - EPollPoller.cc:34
2025/08/05 15:36:755292 INFO  events happend1 - EPollPoller.cc:51
2025/08/05 15:36:755306 INFO  channel handleEvent revents:1 - Channel.cc:96
2025/08/05 15:36:755351 INFO  HTTP GET /css/openwebui-style.css 从  - Middleware.cc:57
2025/08/05 15:36:756732 INFO  HTTP GET /css/openwebui-style.css 响应 200 (1ms) - Middleware.cc:68
2025/08/05 15:36:756779 INFO  fd total count:5 - EPollPoller.cc:34
2025/08/05 15:36:771433 INFO  events happend1 - EPollPoller.cc:51
2025/08/05 15:36:771445 INFO  channel handleEvent revents:1 - Channel.cc:96
2025/08/05 15:36:771487 INFO  HTTP GET /api/status 从  - Middleware.cc:57
2025/08/05 15:36:771501 INFO  HTTP GET /api/status 响应 200 (0ms) - Middleware.cc:68
2025/08/05 15:36:771538 INFO  fd total count:5 - EPollPoller.cc:34
2025/08/05 15:36:431114 DEBUG timeout! - EPollPoller.cc:62
2025/08/05 15:36:431146 INFO  fd total count:1 - EPollPoller.cc:34
2025/08/05 15:36:431243 DEBUG timeout! - EPollPoller.cc:62
2025/08/05 15:36:431270 INFO  fd total count:1 - EPollPoller.cc:34
2025/08/05 15:36:431589 DEBUG timeout! - EPollPoller.cc:62
2025/08/05 15:36:431608 INFO  fd total count:1 - EPollPoller.cc:34
2025/08/05 15:36:681855 INFO  events happend1 - EPollPoller.cc:51
2025/08/05 15:36:681891 INFO  channel handleEvent revents:1 - Channel.cc:96
2025/08/05 15:36:681976 INFO  HTTP GET / 从  - Middleware.cc:57
2025/08/05 15:36:683563 INFO  HTTP GET / 响应 200 (1ms) - Middleware.cc:68
2025/08/05 15:36:683638 INFO  fd total count:5 - EPollPoller.cc:34
2025/08/05 15:36:707986 INFO  events happend1 - EPollPoller.cc:51
2025/08/05 15:36:707996 INFO  channel handleEvent revents:1 - Channel.cc:96
2025/08/05 15:36:708046 INFO  HTTP GET /js/admin-console.js 从  - Middleware.cc:57
2025/08/05 15:36:709254 INFO  HTTP GET /js/admin-console.js 响应 200 (1ms) - Middleware.cc:68
2025/08/05 15:36:709299 INFO  fd total count:5 - EPollPoller.cc:34
2025/08/05 15:36:709307 INFO  events happend3 - EPollPoller.cc:51
2025/08/05 15:36:709313 INFO  channel handleEvent revents:1 - Channel.cc:96
2025/08/05 15:36:709347 INFO  HTTP GET /css/admin-modal.css 从  - Middleware.cc:57
2025/08/05 15:36:710182 INFO  HTTP GET /css/admin-modal.css 响应 200 (0ms) - Middleware.cc:68
2025/08/05 15:36:710220 INFO  channel handleEvent revents:1 - Channel.cc:96
2025/08/05 15:36:710252 INFO  HTTP GET /js/openwebui-app.js 从  - Middleware.cc:57
2025/08/05 15:36:712614 INFO  HTTP GET /js/openwebui-app.js 响应 200 (2ms) - Middleware.cc:68
2025/08/05 15:36:712662 INFO  channel handleEvent revents:1 - Channel.cc:96
2025/08/05 15:36:712695 INFO  HTTP GET /css/openwebui-style.css 从  - Middleware.cc:57
2025/08/05 15:36:714174 INFO  HTTP GET /css/openwebui-style.css 响应 200 (1ms) - Middleware.cc:68
2025/08/05 15:36:714217 INFO  fd total count:5 - EPollPoller.cc:34
2025/08/05 15:36:759216 INFO  events happend1 - EPollPoller.cc:51
2025/08/05 15:36:759226 INFO  channel handleEvent revents:1 - Channel.cc:96
2025/08/05 15:36:759267 INFO  HTTP GET /api/status 从  - Middleware.cc:57
2025/08/05 15:36:759285 INFO  HTTP GET /api/status 响应 200 (0ms) - Middleware.cc:68
2025/08/05 15:36:759322 INFO  fd total count:5 - EPollPoller.cc:34
2025/08/05 15:36:759328 INFO  events happend1 - EPollPoller.cc:51
2025/08/05 15:36:759332 INFO  channel handleEvent revents:1 - Channel.cc:96
2025/08/05 15:36:759360 INFO  HTTP GET /api/models 从  - Middleware.cc:57
2025/08/05 15:36:759377 INFO  HTTP GET /api/models 响应 200 (0ms) - Middleware.cc:68
2025/08/05 15:36:759404 INFO  fd total count:5 - EPollPoller.cc:34
2025/08/05 15:36:218523 INFO  events happend1 - EPollPoller.cc:51
2025/08/05 15:36:218555 INFO  channel handleEvent revents:1 - Channel.cc:96
2025/08/05 15:36:218631 INFO  HTTP GET /api/status 从  - Middleware.cc:57
2025/08/05 15:36:218653 INFO  HTTP GET /api/status 响应 200 (0ms) - Middleware.cc:68
2025/08/05 15:36:218712 INFO  fd total count:5 - EPollPoller.cc:34
2025/08/05 15:37:898803 DEBUG timeout! - EPollPoller.cc:62
2025/08/05 15:37:898837 INFO  fd total count:2 - EPollPoller.cc:34
2025/08/05 15:37:032700 INFO  events happend1 - EPollPoller.cc:51
2025/08/05 15:37:032729 INFO  channel handleEvent revents:1 - Channel.cc:96
2025/08/05 15:37:032806 INFO  HTTP GET /admin.html 从  - Middleware.cc:57
2025/08/05 15:37:035350 INFO  HTTP GET /admin.html 响应 200 (2ms) - Middleware.cc:68
2025/08/05 15:37:035447 INFO  fd total count:5 - EPollPoller.cc:34
2025/08/05 15:37:035457 INFO  events happend1 - EPollPoller.cc:51
2025/08/05 15:37:035460 INFO  channel handleEvent revents:1 - Channel.cc:96
2025/08/05 15:37:035494 INFO  HTTP GET /api/status 从  - Middleware.cc:57
2025/08/05 15:37:035510 INFO  HTTP GET /api/status 响应 200 (0ms) - Middleware.cc:68
2025/08/05 15:37:035534 INFO  fd total count:5 - EPollPoller.cc:34
2025/08/05 15:37:041075 INFO  events happend1 - EPollPoller.cc:51
2025/08/05 15:37:041082 INFO  channel handleEvent revents:1 - Channel.cc:96
2025/08/05 15:37:041118 INFO  HTTP GET /api/status 从  - Middleware.cc:57
2025/08/05 15:37:041132 INFO  HTTP GET /api/status 响应 200 (0ms) - Middleware.cc:68
2025/08/05 15:37:041166 INFO  fd total count:5 - EPollPoller.cc:34
2025/08/05 15:37:054733 INFO  events happend1 - EPollPoller.cc:51
2025/08/05 15:37:054738 INFO  channel handleEvent revents:1 - Channel.cc:96
2025/08/05 15:37:054772 INFO  HTTP GET /css/openwebui-style.css 从  - Middleware.cc:57
2025/08/05 15:37:056155 INFO  HTTP GET /css/openwebui-style.css 响应 200 (1ms) - Middleware.cc:68
2025/08/05 15:37:056190 INFO  fd total count:5 - EPollPoller.cc:34
2025/08/05 15:37:065325 INFO  events happend1 - EPollPoller.cc:51
2025/08/05 15:37:065332 INFO  channel handleEvent revents:1 - Channel.cc:96
2025/08/05 15:37:065368 INFO  HTTP GET /api/status 从  - Middleware.cc:57
2025/08/05 15:37:065380 INFO  HTTP GET /api/status 响应 200 (0ms) - Middleware.cc:68
2025/08/05 15:37:065411 INFO  fd total count:5 - EPollPoller.cc:34
2025/08/05 15:37:212168 INFO  events happend1 - EPollPoller.cc:51
2025/08/05 15:37:212199 INFO  channel handleEvent revents:1 - Channel.cc:96
2025/08/05 15:37:212264 INFO  HTTP GET /api/status 从  - Middleware.cc:57
2025/08/05 15:37:212285 INFO  HTTP GET /api/status 响应 200 (0ms) - Middleware.cc:68
2025/08/05 15:37:212337 INFO  fd total count:5 - EPollPoller.cc:34
2025/08/05 15:37:441215 DEBUG timeout! - EPollPoller.cc:62
2025/08/05 15:37:441250 INFO  fd total count:1 - EPollPoller.cc:34
2025/08/05 15:37:441329 DEBUG timeout! - EPollPoller.cc:62
2025/08/05 15:37:441354 INFO  fd total count:1 - EPollPoller.cc:34
2025/08/05 15:37:441661 DEBUG timeout! - EPollPoller.cc:62
2025/08/05 15:37:441679 INFO  fd total count:1 - EPollPoller.cc:34
2025/08/05 15:37:601402 INFO  events happend1 - EPollPoller.cc:51
2025/08/05 15:37:601429 INFO  channel handleEvent revents:1 - Channel.cc:96
2025/08/05 15:37:601501 INFO  HTTP GET / 从  - Middleware.cc:57
2025/08/05 15:37:602964 INFO  HTTP GET / 响应 200 (1ms) - Middleware.cc:68
2025/08/05 15:37:603031 INFO  fd total count:5 - EPollPoller.cc:34
2025/08/05 15:37:631207 INFO  events happend1 - EPollPoller.cc:51
2025/08/05 15:37:631221 INFO  channel handleEvent revents:1 - Channel.cc:96
2025/08/05 15:37:631270 INFO  HTTP GET /css/openwebui-style.css 从  - Middleware.cc:57
2025/08/05 15:37:632656 INFO  HTTP GET /css/openwebui-style.css 响应 200 (1ms) - Middleware.cc:68
2025/08/05 15:37:632702 INFO  fd total count:5 - EPollPoller.cc:34
2025/08/05 15:37:632709 INFO  events happend3 - EPollPoller.cc:51
2025/08/05 15:37:632712 INFO  channel handleEvent revents:1 - Channel.cc:96
2025/08/05 15:37:632741 INFO  HTTP GET /js/admin-console.js 从  - Middleware.cc:57
2025/08/05 15:37:633843 INFO  HTTP GET /js/admin-console.js 响应 200 (1ms) - Middleware.cc:68
2025/08/05 15:37:633878 INFO  channel handleEvent revents:1 - Channel.cc:96
2025/08/05 15:37:633903 INFO  HTTP GET /css/admin-modal.css 从  - Middleware.cc:57
2025/08/05 15:37:634686 INFO  HTTP GET /css/admin-modal.css 响应 200 (0ms) - Middleware.cc:68
2025/08/05 15:37:634719 INFO  channel handleEvent revents:1 - Channel.cc:96
2025/08/05 15:37:634745 INFO  HTTP GET /js/openwebui-app.js 从  - Middleware.cc:57
2025/08/05 15:37:636891 INFO  HTTP GET /js/openwebui-app.js 响应 200 (2ms) - Middleware.cc:68
2025/08/05 15:37:636928 INFO  fd total count:5 - EPollPoller.cc:34
2025/08/05 15:37:645674 INFO  events happend1 - EPollPoller.cc:51
2025/08/05 15:37:645684 INFO  channel handleEvent revents:1 - Channel.cc:96
2025/08/05 15:37:645723 INFO  HTTP GET /api/models 从  - Middleware.cc:57
2025/08/05 15:37:645738 INFO  HTTP GET /api/models 响应 200 (0ms) - Middleware.cc:68
2025/08/05 15:37:645776 INFO  fd total count:5 - EPollPoller.cc:34
2025/08/05 15:37:645911 INFO  events happend1 - EPollPoller.cc:51
2025/08/05 15:37:645915 INFO  channel handleEvent revents:1 - Channel.cc:96
2025/08/05 15:37:645944 INFO  HTTP GET /api/status 从  - Middleware.cc:57
2025/08/05 15:37:645958 INFO  HTTP GET /api/status 响应 200 (0ms) - Middleware.cc:68
2025/08/05 15:37:645983 INFO  fd total count:5 - EPollPoller.cc:34
2025/08/05 15:37:213805 INFO  events happend1 - EPollPoller.cc:51
2025/08/05 15:37:213833 INFO  channel handleEvent revents:1 - Channel.cc:96
2025/08/05 15:37:213901 INFO  HTTP GET /api/status 从  - Middleware.cc:57
2025/08/05 15:37:213921 INFO  HTTP GET /api/status 响应 200 (0ms) - Middleware.cc:68
2025/08/05 15:37:213976 INFO  fd total count:5 - EPollPoller.cc:34
2025/08/05 15:37:215051 INFO  events happend1 - EPollPoller.cc:51
2025/08/05 15:37:215081 INFO  channel handleEvent revents:1 - Channel.cc:96
2025/08/05 15:37:215147 INFO  HTTP GET /api/status 从  - Middleware.cc:57
2025/08/05 15:37:215167 INFO  HTTP GET /api/status 响应 200 (0ms) - Middleware.cc:68
2025/08/05 15:37:215222 INFO  fd total count:5 - EPollPoller.cc:34
2025/08/05 15:37:908889 DEBUG timeout! - EPollPoller.cc:62
2025/08/05 15:37:908924 INFO  fd total count:2 - EPollPoller.cc:34
2025/08/05 15:37:219314 INFO  events happend1 - EPollPoller.cc:51
2025/08/05 15:37:219375 INFO  channel handleEvent revents:1 - Channel.cc:96
2025/08/05 15:37:219526 INFO  HTTP GET /api/status 从  - Middleware.cc:57
2025/08/05 15:37:219578 INFO  HTTP GET /api/status 响应 200 (0ms) - Middleware.cc:68
2025/08/05 15:37:219716 INFO  fd total count:5 - EPollPoller.cc:34
2025/08/05 15:37:227913 INFO  events happend1 - EPollPoller.cc:51
2025/08/05 15:37:227940 INFO  channel handleEvent revents:1 - Channel.cc:96
2025/08/05 15:37:228005 INFO  HTTP GET /api/status 从  - Middleware.cc:57
2025/08/05 15:37:228024 INFO  HTTP GET /api/status 响应 200 (0ms) - Middleware.cc:68
2025/08/05 15:37:228073 INFO  fd total count:5 - EPollPoller.cc:34
2025/08/05 15:37:451368 DEBUG timeout! - EPollPoller.cc:62
2025/08/05 15:37:451393 DEBUG timeout! - EPollPoller.cc:62
2025/08/05 15:37:451444 INFO  fd total count:1 - EPollPoller.cc:34
2025/08/05 15:37:451456 INFO  fd total count:1 - EPollPoller.cc:34
2025/08/05 15:37:451725 DEBUG timeout! - EPollPoller.cc:62
2025/08/05 15:37:451745 INFO  fd total count:1 - EPollPoller.cc:34
2025/08/05 15:37:220122 INFO  events happend1 - EPollPoller.cc:51
2025/08/05 15:37:220183 INFO  channel handleEvent revents:1 - Channel.cc:96
2025/08/05 15:37:220327 INFO  HTTP GET /api/status 从  - Middleware.cc:57
2025/08/05 15:37:220379 INFO  HTTP GET /api/status 响应 200 (0ms) - Middleware.cc:68
2025/08/05 15:37:220522 INFO  fd total count:5 - EPollPoller.cc:34
2025/08/05 15:37:221198 INFO  events happend1 - EPollPoller.cc:51
2025/08/05 15:37:221255 INFO  channel handleEvent revents:1 - Channel.cc:96
2025/08/05 15:37:221401 INFO  HTTP GET /api/status 从  - Middleware.cc:57
2025/08/05 15:37:221452 INFO  HTTP GET /api/status 响应 200 (0ms) - Middleware.cc:68
2025/08/05 15:37:221592 INFO  fd total count:5 - EPollPoller.cc:34
2025/08/05 15:37:918963 DEBUG timeout! - EPollPoller.cc:62
2025/08/05 15:37:918994 INFO  fd total count:2 - EPollPoller.cc:34
2025/08/05 15:37:218777 INFO  events happend1 - EPollPoller.cc:51
2025/08/05 15:37:218807 INFO  channel handleEvent revents:1 - Channel.cc:96
2025/08/05 15:37:218877 INFO  HTTP GET /api/status 从  - Middleware.cc:57
2025/08/05 15:37:218898 INFO  HTTP GET /api/status 响应 200 (0ms) - Middleware.cc:68
2025/08/05 15:37:218952 INFO  fd total count:5 - EPollPoller.cc:34
2025/08/05 15:37:224307 INFO  events happend1 - EPollPoller.cc:51
2025/08/05 15:37:224335 INFO  channel handleEvent revents:1 - Channel.cc:96
2025/08/05 15:37:224404 INFO  HTTP GET /api/status 从  - Middleware.cc:57
2025/08/05 15:37:224423 INFO  HTTP GET /api/status 响应 200 (0ms) - Middleware.cc:68
2025/08/05 15:37:224478 INFO  fd total count:5 - EPollPoller.cc:34
2025/08/05 15:37:461495 DEBUG timeout! - EPollPoller.cc:62
2025/08/05 15:37:461507 DEBUG timeout! - EPollPoller.cc:62
2025/08/05 15:37:461526 INFO  fd total count:1 - EPollPoller.cc:34
2025/08/05 15:37:461541 INFO  fd total count:1 - EPollPoller.cc:34
2025/08/05 15:37:461781 DEBUG timeout! - EPollPoller.cc:62
2025/08/05 15:37:461800 INFO  fd total count:1 - EPollPoller.cc:34
2025/08/05 15:37:612318 INFO  events happend1 - EPollPoller.cc:51
2025/08/05 15:37:612352 INFO  channel handleEvent revents:1 - Channel.cc:96
2025/08/05 15:37:612423 INFO  HTTP GET /admin.html 从  - Middleware.cc:57
2025/08/05 15:37:614991 INFO  HTTP GET /admin.html 响应 200 (2ms) - Middleware.cc:68
2025/08/05 15:37:615095 INFO  fd total count:5 - EPollPoller.cc:34
2025/08/05 15:37:615106 INFO  events happend1 - EPollPoller.cc:51
2025/08/05 15:37:615110 INFO  channel handleEvent revents:1 - Channel.cc:96
2025/08/05 15:37:615144 INFO  HTTP GET /api/status 从  - Middleware.cc:57
2025/08/05 15:37:615161 INFO  HTTP GET /api/status 响应 200 (0ms) - Middleware.cc:68
2025/08/05 15:37:615192 INFO  fd total count:5 - EPollPoller.cc:34
2025/08/05 15:37:624218 INFO  events happend1 - EPollPoller.cc:51
2025/08/05 15:37:624238 INFO  channel handleEvent revents:1 - Channel.cc:96
2025/08/05 15:37:624294 INFO  HTTP GET /api/status 从  - Middleware.cc:57
2025/08/05 15:37:624315 INFO  HTTP GET /api/status 响应 200 (0ms) - Middleware.cc:68
2025/08/05 15:37:624369 INFO  fd total count:5 - EPollPoller.cc:34
2025/08/05 15:37:637922 INFO  events happend1 - EPollPoller.cc:51
2025/08/05 15:37:637940 INFO  channel handleEvent revents:1 - Channel.cc:96
2025/08/05 15:37:638003 INFO  HTTP GET /css/openwebui-style.css 从  - Middleware.cc:57
2025/08/05 15:37:639790 INFO  HTTP GET /css/openwebui-style.css 响应 200 (1ms) - Middleware.cc:68
2025/08/05 15:37:639854 INFO  fd total count:5 - EPollPoller.cc:34
2025/08/05 15:37:657812 INFO  events happend1 - EPollPoller.cc:51
2025/08/05 15:37:657826 INFO  channel handleEvent revents:1 - Channel.cc:96
2025/08/05 15:37:657871 INFO  HTTP GET /api/status 从  - Middleware.cc:57
2025/08/05 15:37:657886 INFO  HTTP GET /api/status 响应 200 (0ms) - Middleware.cc:68
2025/08/05 15:37:657923 INFO  fd total count:5 - EPollPoller.cc:34
2025/08/05 15:37:212340 INFO  events happend1 - EPollPoller.cc:51
2025/08/05 15:37:212417 INFO  channel handleEvent revents:1 - Channel.cc:96
2025/08/05 15:37:212569 INFO  HTTP GET /api/status 从  - Middleware.cc:57
2025/08/05 15:37:212623 INFO  HTTP GET /api/status 响应 200 (0ms) - Middleware.cc:68
2025/08/05 15:37:212813 INFO  fd total count:5 - EPollPoller.cc:34
2025/08/05 15:37:214862 INFO  events happend1 - EPollPoller.cc:51
2025/08/05 15:37:214920 INFO  channel handleEvent revents:1 - Channel.cc:96
2025/08/05 15:37:215067 INFO  HTTP GET /api/status 从  - Middleware.cc:57
2025/08/05 15:37:215120 INFO  HTTP GET /api/status 响应 200 (0ms) - Middleware.cc:68
2025/08/05 15:37:215296 INFO  fd total count:5 - EPollPoller.cc:34
2025/08/05 15:37:218687 INFO  events happend1 - EPollPoller.cc:51
2025/08/05 15:37:218720 INFO  channel handleEvent revents:1 - Channel.cc:96
2025/08/05 15:37:218787 INFO  HTTP GET /api/status 从  - Middleware.cc:57
2025/08/05 15:37:218808 INFO  HTTP GET /api/status 响应 200 (0ms) - Middleware.cc:68
2025/08/05 15:37:218862 INFO  fd total count:5 - EPollPoller.cc:34
2025/08/05 15:37:929065 DEBUG timeout! - EPollPoller.cc:62
2025/08/05 15:37:929125 INFO  fd total count:2 - EPollPoller.cc:34
2025/08/05 15:37:251278 INFO  events happend1 - EPollPoller.cc:51
2025/08/05 15:37:251308 INFO  channel handleEvent revents:1 - Channel.cc:96
2025/08/05 15:37:251375 INFO  HTTP GET /api/status 从  - Middleware.cc:57
2025/08/05 15:37:251394 INFO  HTTP GET /api/status 响应 200 (0ms) - Middleware.cc:68
2025/08/05 15:37:251445 INFO  fd total count:5 - EPollPoller.cc:34
2025/08/05 15:37:223767 INFO  events happend1 - EPollPoller.cc:51
2025/08/05 15:37:223803 INFO  channel handleEvent revents:1 - Channel.cc:96
2025/08/05 15:37:223900 INFO  HTTP GET /api/status 从  - Middleware.cc:57
2025/08/05 15:37:223931 INFO  HTTP GET /api/status 响应 200 (0ms) - Middleware.cc:68
2025/08/05 15:37:223998 INFO  fd total count:5 - EPollPoller.cc:34
2025/08/05 15:37:471585 DEBUG timeout! - EPollPoller.cc:62
2025/08/05 15:37:471612 INFO  fd total count:1 - EPollPoller.cc:34
2025/08/05 15:37:471623 DEBUG timeout! - EPollPoller.cc:62
2025/08/05 15:37:471680 INFO  fd total count:1 - EPollPoller.cc:34
2025/08/05 15:37:471832 DEBUG timeout! - EPollPoller.cc:62
2025/08/05 15:37:471851 INFO  fd total count:1 - EPollPoller.cc:34
2025/08/05 15:37:219800 INFO  events happend1 - EPollPoller.cc:51
2025/08/05 15:37:219846 INFO  channel handleEvent revents:1 - Channel.cc:96
2025/08/05 15:37:219916 INFO  HTTP GET /api/status 从  - Middleware.cc:57
2025/08/05 15:37:219936 INFO  HTTP GET /api/status 响应 200 (0ms) - Middleware.cc:68
2025/08/05 15:37:219993 INFO  fd total count:5 - EPollPoller.cc:34
2025/08/05 15:37:222590 INFO  events happend1 - EPollPoller.cc:51
2025/08/05 15:37:222621 INFO  channel handleEvent revents:1 - Channel.cc:96
2025/08/05 15:37:222688 INFO  HTTP GET /api/status 从  - Middleware.cc:57
2025/08/05 15:37:222709 INFO  HTTP GET /api/status 响应 200 (0ms) - Middleware.cc:68
2025/08/05 15:37:222767 INFO  fd total count:5 - EPollPoller.cc:34
2025/08/05 15:37:218623 INFO  events happend1 - EPollPoller.cc:51
2025/08/05 15:37:218653 INFO  channel handleEvent revents:1 - Channel.cc:96
2025/08/05 15:37:218719 INFO  HTTP GET /api/status 从  - Middleware.cc:57
2025/08/05 15:37:218738 INFO  HTTP GET /api/status 响应 200 (0ms) - Middleware.cc:68
2025/08/05 15:37:218791 INFO  fd total count:5 - EPollPoller.cc:34
2025/08/05 15:37:214816 INFO  events happend1 - EPollPoller.cc:51
2025/08/05 15:37:214875 INFO  channel handleEvent revents:1 - Channel.cc:96
2025/08/05 15:37:215023 INFO  HTTP GET /api/status 从  - Middleware.cc:57
2025/08/05 15:37:215075 INFO  HTTP GET /api/status 响应 200 (0ms) - Middleware.cc:68
2025/08/05 15:37:215218 INFO  fd total count:5 - EPollPoller.cc:34
2025/08/05 15:37:939171 DEBUG timeout! - EPollPoller.cc:62
2025/08/05 15:37:939202 INFO  fd total count:2 - EPollPoller.cc:34
2025/08/05 15:37:219810 INFO  events happend1 - EPollPoller.cc:51
2025/08/05 15:37:219839 INFO  channel handleEvent revents:1 - Channel.cc:96
2025/08/05 15:37:219904 INFO  HTTP GET /api/status 从  - Middleware.cc:57
2025/08/05 15:37:219925 INFO  HTTP GET /api/status 响应 200 (0ms) - Middleware.cc:68
2025/08/05 15:37:219980 INFO  fd total count:5 - EPollPoller.cc:34
2025/08/05 15:37:213803 INFO  events happend1 - EPollPoller.cc:51
2025/08/05 15:37:213831 INFO  channel handleEvent revents:1 - Channel.cc:96
2025/08/05 15:37:213899 INFO  HTTP GET /api/status 从  - Middleware.cc:57
2025/08/05 15:37:213920 INFO  HTTP GET /api/status 响应 200 (0ms) - Middleware.cc:68
2025/08/05 15:37:213969 INFO  fd total count:5 - EPollPoller.cc:34
2025/08/05 15:37:481641 DEBUG timeout! - EPollPoller.cc:62
2025/08/05 15:37:481668 INFO  fd total count:1 - EPollPoller.cc:34
2025/08/05 15:37:481723 DEBUG timeout! - EPollPoller.cc:62
2025/08/05 15:37:481746 INFO  fd total count:1 - EPollPoller.cc:34
2025/08/05 15:37:481901 DEBUG timeout! - EPollPoller.cc:62
2025/08/05 15:37:481921 INFO  fd total count:1 - EPollPoller.cc:34
2025/08/05 15:37:215963 INFO  events happend1 - EPollPoller.cc:51
2025/08/05 15:37:215996 INFO  channel handleEvent revents:1 - Channel.cc:96
2025/08/05 15:37:216067 INFO  HTTP GET /api/status 从  - Middleware.cc:57
2025/08/05 15:37:216087 INFO  HTTP GET /api/status 响应 200 (0ms) - Middleware.cc:68
2025/08/05 15:37:216141 INFO  fd total count:5 - EPollPoller.cc:34
2025/08/05 15:37:221233 INFO  events happend1 - EPollPoller.cc:51
2025/08/05 15:37:221266 INFO  channel handleEvent revents:1 - Channel.cc:96
2025/08/05 15:37:221333 INFO  HTTP GET /api/status 从  - Middleware.cc:57
2025/08/05 15:37:221353 INFO  HTTP GET /api/status 响应 200 (0ms) - Middleware.cc:68
2025/08/05 15:37:221408 INFO  fd total count:5 - EPollPoller.cc:34
2025/08/05 15:37:225319 INFO  events happend1 - EPollPoller.cc:51
2025/08/05 15:37:225350 INFO  channel handleEvent revents:1 - Channel.cc:96
2025/08/05 15:37:225416 INFO  HTTP GET /api/status 从  - Middleware.cc:57
2025/08/05 15:37:225435 INFO  HTTP GET /api/status 响应 200 (0ms) - Middleware.cc:68
2025/08/05 15:37:225489 INFO  fd total count:5 - EPollPoller.cc:34
2025/08/05 15:37:226703 INFO  events happend1 - EPollPoller.cc:51
2025/08/05 15:37:226740 INFO  channel handleEvent revents:1 - Channel.cc:96
2025/08/05 15:37:226815 INFO  HTTP GET /api/status 从  - Middleware.cc:57
2025/08/05 15:37:226839 INFO  HTTP GET /api/status 响应 200 (0ms) - Middleware.cc:68
2025/08/05 15:37:226896 INFO  fd total count:5 - EPollPoller.cc:34
2025/08/05 15:37:949267 DEBUG timeout! - EPollPoller.cc:62
2025/08/05 15:37:949303 INFO  fd total count:2 - EPollPoller.cc:34
2025/08/05 15:37:221320 INFO  events happend1 - EPollPoller.cc:51
2025/08/05 15:37:221355 INFO  channel handleEvent revents:1 - Channel.cc:96
2025/08/05 15:37:221422 INFO  HTTP GET /api/status 从  - Middleware.cc:57
2025/08/05 15:37:221441 INFO  HTTP GET /api/status 响应 200 (0ms) - Middleware.cc:68
2025/08/05 15:37:221498 INFO  fd total count:5 - EPollPoller.cc:34
2025/08/05 15:37:491709 DEBUG timeout! - EPollPoller.cc:62
2025/08/05 15:37:491742 INFO  fd total count:1 - EPollPoller.cc:34
2025/08/05 15:37:491810 DEBUG timeout! - EPollPoller.cc:62
2025/08/05 15:37:491836 INFO  fd total count:1 - EPollPoller.cc:34
2025/08/05 15:37:491961 DEBUG timeout! - EPollPoller.cc:62
2025/08/05 15:37:491980 INFO  fd total count:1 - EPollPoller.cc:34
2025/08/05 15:37:244590 INFO  events happend1 - EPollPoller.cc:51
2025/08/05 15:37:244625 INFO  channel handleEvent revents:1 - Channel.cc:96
2025/08/05 15:37:244694 INFO  HTTP GET /api/status 从  - Middleware.cc:57
2025/08/05 15:37:244714 INFO  HTTP GET /api/status 响应 200 (0ms) - Middleware.cc:68
2025/08/05 15:37:244768 INFO  fd total count:5 - EPollPoller.cc:34
2025/08/05 15:37:256491 INFO  events happend1 - EPollPoller.cc:51
2025/08/05 15:37:256497 INFO  channel handleEvent revents:1 - Channel.cc:96
2025/08/05 15:37:256536 INFO  HTTP GET /api/status 从  - Middleware.cc:57
2025/08/05 15:37:256549 INFO  HTTP GET /api/status 响应 200 (0ms) - Middleware.cc:68
2025/08/05 15:37:256584 INFO  fd total count:5 - EPollPoller.cc:34
2025/08/05 15:37:213624 INFO  events happend1 - EPollPoller.cc:51
2025/08/05 15:37:213674 INFO  channel handleEvent revents:1 - Channel.cc:96
2025/08/05 15:37:213813 INFO  HTTP GET /api/status 从  - Middleware.cc:57
2025/08/05 15:37:213863 INFO  HTTP GET /api/status 响应 200 (0ms) - Middleware.cc:68
2025/08/05 15:37:213988 INFO  fd total count:5 - EPollPoller.cc:34
2025/08/05 15:38:217435 INFO  events happend1 - EPollPoller.cc:51
2025/08/05 15:38:217465 INFO  channel handleEvent revents:1 - Channel.cc:96
2025/08/05 15:38:217532 INFO  HTTP GET /api/status 从  - Middleware.cc:57
2025/08/05 15:38:217551 INFO  HTTP GET /api/status 响应 200 (0ms) - Middleware.cc:68
2025/08/05 15:38:217604 INFO  fd total count:5 - EPollPoller.cc:34
2025/08/05 15:38:959355 DEBUG timeout! - EPollPoller.cc:62
2025/08/05 15:38:959388 INFO  fd total count:2 - EPollPoller.cc:34
2025/08/05 15:38:501775 DEBUG timeout! - EPollPoller.cc:62
2025/08/05 15:38:501804 INFO  fd total count:1 - EPollPoller.cc:34
2025/08/05 15:38:501888 DEBUG timeout! - EPollPoller.cc:62
2025/08/05 15:38:501913 INFO  fd total count:1 - EPollPoller.cc:34
2025/08/05 15:38:502023 DEBUG timeout! - EPollPoller.cc:62
2025/08/05 15:38:502042 INFO  fd total count:1 - EPollPoller.cc:34
2025/08/05 15:38:222880 INFO  events happend1 - EPollPoller.cc:51
2025/08/05 15:38:222915 INFO  channel handleEvent revents:1 - Channel.cc:96
2025/08/05 15:38:222981 INFO  HTTP GET /api/status 从  - Middleware.cc:57
2025/08/05 15:38:223002 INFO  HTTP GET /api/status 响应 200 (0ms) - Middleware.cc:68
2025/08/05 15:38:223053 INFO  fd total count:5 - EPollPoller.cc:34
2025/08/05 15:38:221687 INFO  events happend1 - EPollPoller.cc:51
2025/08/05 15:38:221720 INFO  channel handleEvent revents:1 - Channel.cc:96
2025/08/05 15:38:221786 INFO  HTTP GET /api/status 从  - Middleware.cc:57
2025/08/05 15:38:221806 INFO  HTTP GET /api/status 响应 200 (0ms) - Middleware.cc:68
2025/08/05 15:38:221861 INFO  fd total count:5 - EPollPoller.cc:34
2025/08/05 15:38:969430 DEBUG timeout! - EPollPoller.cc:62
2025/08/05 15:38:969461 INFO  fd total count:2 - EPollPoller.cc:34
2025/08/05 15:38:511904 DEBUG timeout! - EPollPoller.cc:62
2025/08/05 15:38:511950 DEBUG timeout! - EPollPoller.cc:62
2025/08/05 15:38:511991 INFO  fd total count:1 - EPollPoller.cc:34
2025/08/05 15:38:511962 INFO  fd total count:1 - EPollPoller.cc:34
2025/08/05 15:38:512077 DEBUG timeout! - EPollPoller.cc:62
2025/08/05 15:38:512095 INFO  fd total count:1 - EPollPoller.cc:34
2025/08/05 15:38:221211 INFO  events happend1 - EPollPoller.cc:51
2025/08/05 15:38:221272 INFO  channel handleEvent revents:1 - Channel.cc:96
2025/08/05 15:38:221425 INFO  HTTP GET /api/status 从  - Middleware.cc:57
2025/08/05 15:38:221477 INFO  HTTP GET /api/status 响应 200 (0ms) - Middleware.cc:68
2025/08/05 15:38:221617 INFO  fd total count:5 - EPollPoller.cc:34
2025/08/05 15:38:226195 INFO  events happend1 - EPollPoller.cc:51
2025/08/05 15:38:226228 INFO  channel handleEvent revents:1 - Channel.cc:96
2025/08/05 15:38:226308 INFO  HTTP GET /api/status 从  - Middleware.cc:57
2025/08/05 15:38:226329 INFO  HTTP GET /api/status 响应 200 (0ms) - Middleware.cc:68
2025/08/05 15:38:226387 INFO  fd total count:5 - EPollPoller.cc:34
2025/08/05 15:38:979503 DEBUG timeout! - EPollPoller.cc:62
2025/08/05 15:38:979535 INFO  fd total count:2 - EPollPoller.cc:34
2025/08/05 15:38:522053 DEBUG timeout! - EPollPoller.cc:62
2025/08/05 15:38:522053 DEBUG timeout! - EPollPoller.cc:62
2025/08/05 15:38:522089 INFO  fd total count:1 - EPollPoller.cc:34
2025/08/05 15:38:522108 INFO  fd total count:1 - EPollPoller.cc:34
2025/08/05 15:38:522128 DEBUG timeout! - EPollPoller.cc:62
2025/08/05 15:38:522147 INFO  fd total count:1 - EPollPoller.cc:34
2025/08/05 15:38:217453 INFO  events happend1 - EPollPoller.cc:51
2025/08/05 15:38:217486 INFO  channel handleEvent revents:1 - Channel.cc:96
2025/08/05 15:38:217557 INFO  HTTP GET /api/status 从  - Middleware.cc:57
2025/08/05 15:38:217579 INFO  HTTP GET /api/status 响应 200 (0ms) - Middleware.cc:68
2025/08/05 15:38:217635 INFO  fd total count:5 - EPollPoller.cc:34
2025/08/05 15:38:989579 DEBUG timeout! - EPollPoller.cc:62
2025/08/05 15:38:989610 INFO  fd total count:2 - EPollPoller.cc:34
2025/08/05 15:38:530281 DEBUG timeout! - EPollPoller.cc:62
2025/08/05 15:38:530306 INFO  fd total count:1 - EPollPoller.cc:34
2025/08/05 15:38:532186 DEBUG timeout! - EPollPoller.cc:62
2025/08/05 15:38:532201 DEBUG timeout! - EPollPoller.cc:62
2025/08/05 15:38:532258 INFO  fd total count:1 - EPollPoller.cc:34
2025/08/05 15:38:532259 INFO  fd total count:1 - EPollPoller.cc:34
2025/08/05 15:38:227709 DEBUG timeout! - EPollPoller.cc:62
2025/08/05 15:38:227742 INFO  fd total count:5 - EPollPoller.cc:34
2025/08/05 15:38:217378 INFO  events happend1 - EPollPoller.cc:51
2025/08/05 15:38:217409 INFO  channel handleEvent revents:1 - Channel.cc:96
2025/08/05 15:38:217477 INFO  HTTP GET /api/status 从  - Middleware.cc:57
2025/08/05 15:38:217498 INFO  HTTP GET /api/status 响应 200 (0ms) - Middleware.cc:68
2025/08/05 15:38:217555 INFO  fd total count:5 - EPollPoller.cc:34
2025/08/05 15:38:222778 INFO  events happend1 - EPollPoller.cc:51
2025/08/05 15:38:222783 INFO  channel handleEvent revents:1 - Channel.cc:96
2025/08/05 15:38:222818 INFO  HTTP GET /api/status 从  - Middleware.cc:57
2025/08/05 15:38:222831 INFO  HTTP GET /api/status 响应 200 (0ms) - Middleware.cc:68
2025/08/05 15:38:222862 INFO  fd total count:5 - EPollPoller.cc:34
2025/08/05 15:38:234987 INFO  events happend1 - EPollPoller.cc:51
2025/08/05 15:38:234994 INFO  channel handleEvent revents:1 - Channel.cc:96
2025/08/05 15:38:235029 INFO  HTTP GET /api/status 从  - Middleware.cc:57
2025/08/05 15:38:235054 INFO  HTTP GET /api/status 响应 200 (0ms) - Middleware.cc:68
2025/08/05 15:38:235088 INFO  fd total count:5 - EPollPoller.cc:34
2025/08/05 15:38:999653 DEBUG timeout! - EPollPoller.cc:62
2025/08/05 15:38:999685 INFO  fd total count:2 - EPollPoller.cc:34
2025/08/05 15:38:274112 INFO  events happend1 - EPollPoller.cc:51
2025/08/05 15:38:274141 INFO  channel handleEvent revents:1 - Channel.cc:96
2025/08/05 15:38:274168 INFO  使用一致性哈希选择线程，索引=0 - EventLoopThreadPool.cc:114
2025/08/05 15:38:274175 INFO  TcpServer::newConnection [KamaHttpServer]- new connection [KamaHttpServer-0.0.0.0:8080#6]from %s127.0.0.1:38492 - TcpServer.cc:96
2025/08/05 15:38:274196 INFO  TcpConnection::ctor:[KamaHttpServer-0.0.0.0:8080#6]at fd=20 - TcpConnection.cc:52
2025/08/05 15:38:274226 INFO  fd total count:2 - EPollPoller.cc:34
2025/08/05 15:38:274246 INFO  events happend1 - EPollPoller.cc:51
2025/08/05 15:38:274284 INFO  channel handleEvent revents:1 - Channel.cc:96
2025/08/05 15:38:274296 INFO  func =>fd20events=3index=-1 - EPollPoller.cc:91
2025/08/05 15:38:274316 INFO  New HTTP connection from: 127.0.0.1:38492 - HttpServer.cc:70
2025/08/05 15:38:274324 INFO  fd total count:6 - EPollPoller.cc:34
2025/08/05 15:38:274328 INFO  events happend1 - EPollPoller.cc:51
2025/08/05 15:38:274331 INFO  channel handleEvent revents:1 - Channel.cc:96
2025/08/05 15:38:274375 INFO  HTTP GET / 从  - Middleware.cc:57
2025/08/05 15:38:275837 INFO  HTTP GET / 响应 200 (1ms) - Middleware.cc:68
2025/08/05 15:38:275899 INFO  fd total count:6 - EPollPoller.cc:34
2025/08/05 15:38:287660 INFO  events happend1 - EPollPoller.cc:51
2025/08/05 15:38:287672 INFO  channel handleEvent revents:1 - Channel.cc:96
2025/08/05 15:38:287719 INFO  HTTP GET /css/openwebui-style.css 从  - Middleware.cc:57
2025/08/05 15:38:289105 INFO  HTTP GET /css/openwebui-style.css 响应 200 (1ms) - Middleware.cc:68
2025/08/05 15:38:289148 INFO  fd total count:6 - EPollPoller.cc:34
2025/08/05 15:38:295859 INFO  events happend1 - EPollPoller.cc:51
2025/08/05 15:38:295871 INFO  channel handleEvent revents:1 - Channel.cc:96
2025/08/05 15:38:295907 INFO  HTTP GET /css/admin-modal.css 从  - Middleware.cc:57
2025/08/05 15:38:296699 INFO  HTTP GET /css/admin-modal.css 响应 200 (0ms) - Middleware.cc:68
2025/08/05 15:38:296749 INFO  fd total count:6 - EPollPoller.cc:34
2025/08/05 15:38:308062 INFO  events happend1 - EPollPoller.cc:51
2025/08/05 15:38:308073 INFO  channel handleEvent revents:1 - Channel.cc:96
2025/08/05 15:38:308108 INFO  HTTP GET /js/openwebui-app.js 从  - Middleware.cc:57
2025/08/05 15:38:310280 INFO  HTTP GET /js/openwebui-app.js 响应 200 (2ms) - Middleware.cc:68
2025/08/05 15:38:310326 INFO  fd total count:6 - EPollPoller.cc:34
2025/08/05 15:38:316667 INFO  events happend1 - EPollPoller.cc:51
2025/08/05 15:38:316675 INFO  channel handleEvent revents:1 - Channel.cc:96
2025/08/05 15:38:316707 INFO  HTTP GET /js/admin-console.js 从  - Middleware.cc:57
2025/08/05 15:38:317863 INFO  HTTP GET /js/admin-console.js 响应 200 (1ms) - Middleware.cc:68
2025/08/05 15:38:317902 INFO  fd total count:6 - EPollPoller.cc:34
2025/08/05 15:38:324525 INFO  events happend1 - EPollPoller.cc:51
2025/08/05 15:38:324533 INFO  channel handleEvent revents:1 - Channel.cc:96
2025/08/05 15:38:324566 INFO  HTTP GET /api/models 从  - Middleware.cc:57
2025/08/05 15:38:324581 INFO  HTTP GET /api/models 响应 200 (0ms) - Middleware.cc:68
2025/08/05 15:38:324618 INFO  fd total count:6 - EPollPoller.cc:34
2025/08/05 15:38:331681 INFO  events happend1 - EPollPoller.cc:51
2025/08/05 15:38:331689 INFO  channel handleEvent revents:1 - Channel.cc:96
2025/08/05 15:38:331720 INFO  HTTP GET /api/status 从  - Middleware.cc:57
2025/08/05 15:38:331735 INFO  HTTP GET /api/status 响应 200 (0ms) - Middleware.cc:68
2025/08/05 15:38:331769 INFO  fd total count:6 - EPollPoller.cc:34
2025/08/05 15:38:502186 INFO  events happend1 - EPollPoller.cc:51
2025/08/05 15:38:502207 INFO  channel handleEvent revents:1 - Channel.cc:96
2025/08/05 15:38:502230 INFO  使用一致性哈希选择线程，索引=0 - EventLoopThreadPool.cc:114
2025/08/05 15:38:502237 INFO  TcpServer::newConnection [KamaHttpServer]- new connection [KamaHttpServer-0.0.0.0:8080#7]from %s127.0.0.1:38494 - TcpServer.cc:96
2025/08/05 15:38:502251 INFO  TcpConnection::ctor:[KamaHttpServer-0.0.0.0:8080#7]at fd=21 - TcpConnection.cc:52
2025/08/05 15:38:502290 INFO  fd total count:2 - EPollPoller.cc:34
2025/08/05 15:38:502309 INFO  events happend1 - EPollPoller.cc:51
2025/08/05 15:38:502324 INFO  channel handleEvent revents:1 - Channel.cc:96
2025/08/05 15:38:502333 INFO  func =>fd21events=3index=-1 - EPollPoller.cc:91
2025/08/05 15:38:502350 INFO  New HTTP connection from: 127.0.0.1:38494 - HttpServer.cc:70
2025/08/05 15:38:502357 INFO  fd total count:7 - EPollPoller.cc:34
2025/08/05 15:38:540356 DEBUG timeout! - EPollPoller.cc:62
2025/08/05 15:38:540375 INFO  fd total count:1 - EPollPoller.cc:34
2025/08/05 15:38:542313 DEBUG timeout! - EPollPoller.cc:62
2025/08/05 15:38:542320 DEBUG timeout! - EPollPoller.cc:62
2025/08/05 15:38:542338 INFO  fd total count:1 - EPollPoller.cc:34
2025/08/05 15:38:542357 INFO  fd total count:1 - EPollPoller.cc:34
2025/08/05 15:38:628770 INFO  events happend1 - EPollPoller.cc:51
2025/08/05 15:38:628790 INFO  channel handleEvent revents:1 - Channel.cc:96
2025/08/05 15:38:628814 INFO  使用一致性哈希选择线程，索引=0 - EventLoopThreadPool.cc:114
2025/08/05 15:38:628822 INFO  TcpServer::newConnection [KamaHttpServer]- new connection [KamaHttpServer-0.0.0.0:8080#8]from %s127.0.0.1:38496 - TcpServer.cc:96
2025/08/05 15:38:628835 INFO  TcpConnection::ctor:[KamaHttpServer-0.0.0.0:8080#8]at fd=24 - TcpConnection.cc:52
2025/08/05 15:38:628863 INFO  fd total count:2 - EPollPoller.cc:34
2025/08/05 15:38:628885 INFO  events happend1 - EPollPoller.cc:51
2025/08/05 15:38:628901 INFO  channel handleEvent revents:1 - Channel.cc:96
2025/08/05 15:38:628911 INFO  func =>fd24events=3index=-1 - EPollPoller.cc:91
2025/08/05 15:38:628928 INFO  New HTTP connection from: 127.0.0.1:38496 - HttpServer.cc:70
2025/08/05 15:38:628935 INFO  fd total count:8 - EPollPoller.cc:34
2025/08/05 15:38:630838 INFO  events happend1 - EPollPoller.cc:51
2025/08/05 15:38:630845 INFO  channel handleEvent revents:1 - Channel.cc:96
2025/08/05 15:38:630858 INFO  使用一致性哈希选择线程，索引=0 - EventLoopThreadPool.cc:114
2025/08/05 15:38:630862 INFO  TcpServer::newConnection [KamaHttpServer]- new connection [KamaHttpServer-0.0.0.0:8080#9]from %s127.0.0.1:38498 - TcpServer.cc:96
2025/08/05 15:38:630870 INFO  TcpConnection::ctor:[KamaHttpServer-0.0.0.0:8080#9]at fd=27 - TcpConnection.cc:52
2025/08/05 15:38:630889 INFO  fd total count:2 - EPollPoller.cc:34
2025/08/05 15:38:630898 INFO  events happend1 - EPollPoller.cc:51
2025/08/05 15:38:630903 INFO  channel handleEvent revents:1 - Channel.cc:96
2025/08/05 15:38:630908 INFO  func =>fd27events=3index=-1 - EPollPoller.cc:91
2025/08/05 15:38:630917 INFO  New HTTP connection from: 127.0.0.1:38498 - HttpServer.cc:70
2025/08/05 15:38:630923 INFO  fd total count:9 - EPollPoller.cc:34
2025/08/05 15:38:634636 INFO  events happend1 - EPollPoller.cc:51
2025/08/05 15:38:634642 INFO  channel handleEvent revents:1 - Channel.cc:96
2025/08/05 15:38:634650 INFO  使用一致性哈希选择线程，索引=0 - EventLoopThreadPool.cc:114
2025/08/05 15:38:634654 INFO  TcpServer::newConnection [KamaHttpServer]- new connection [KamaHttpServer-0.0.0.0:8080#10]from %s127.0.0.1:38500 - TcpServer.cc:96
2025/08/05 15:38:634662 INFO  TcpConnection::ctor:[KamaHttpServer-0.0.0.0:8080#10]at fd=28 - TcpConnection.cc:52
2025/08/05 15:38:634680 INFO  fd total count:2 - EPollPoller.cc:34
2025/08/05 15:38:634691 INFO  events happend1 - EPollPoller.cc:51
2025/08/05 15:38:634697 INFO  channel handleEvent revents:1 - Channel.cc:96
2025/08/05 15:38:634703 INFO  func =>fd28events=3index=-1 - EPollPoller.cc:91
2025/08/05 15:38:634712 INFO  New HTTP connection from: 127.0.0.1:38500 - HttpServer.cc:70
2025/08/05 15:38:634718 INFO  fd total count:10 - EPollPoller.cc:34
2025/08/05 15:38:655537 INFO  events happend1 - EPollPoller.cc:51
2025/08/05 15:38:655543 INFO  channel handleEvent revents:1 - Channel.cc:96
2025/08/05 15:38:655553 INFO  使用一致性哈希选择线程，索引=0 - EventLoopThreadPool.cc:114
2025/08/05 15:38:655557 INFO  TcpServer::newConnection [KamaHttpServer]- new connection [KamaHttpServer-0.0.0.0:8080#11]from %s127.0.0.1:38502 - TcpServer.cc:96
2025/08/05 15:38:655565 INFO  TcpConnection::ctor:[KamaHttpServer-0.0.0.0:8080#11]at fd=29 - TcpConnection.cc:52
2025/08/05 15:38:655583 INFO  fd total count:2 - EPollPoller.cc:34
2025/08/05 15:38:655603 INFO  events happend1 - EPollPoller.cc:51
2025/08/05 15:38:655615 INFO  channel handleEvent revents:1 - Channel.cc:96
2025/08/05 15:38:655623 INFO  func =>fd29events=3index=-1 - EPollPoller.cc:91
2025/08/05 15:38:655636 INFO  New HTTP connection from: 127.0.0.1:38502 - HttpServer.cc:70
2025/08/05 15:38:655643 INFO  fd total count:11 - EPollPoller.cc:34
2025/08/05 15:38:550450 DEBUG timeout! - EPollPoller.cc:62
2025/08/05 15:38:550484 INFO  fd total count:1 - EPollPoller.cc:34
2025/08/05 15:38:552393 DEBUG timeout! - EPollPoller.cc:62
2025/08/05 15:38:552412 DEBUG timeout! - EPollPoller.cc:62
2025/08/05 15:38:552440 INFO  fd total count:1 - EPollPoller.cc:34
2025/08/05 15:38:552419 INFO  fd total count:1 - EPollPoller.cc:34
2025/08/05 15:38:665618 DEBUG timeout! - EPollPoller.cc:62
2025/08/05 15:38:665644 INFO  fd total count:2 - EPollPoller.cc:34
2025/08/05 15:38:665675 DEBUG timeout! - EPollPoller.cc:62
2025/08/05 15:38:665698 INFO  fd total count:11 - EPollPoller.cc:34
2025/08/05 15:38:219257 INFO  events happend1 - EPollPoller.cc:51
2025/08/05 15:38:219290 INFO  channel handleEvent revents:1 - Channel.cc:96
2025/08/05 15:38:219358 INFO  HTTP GET /api/status 从  - Middleware.cc:57
2025/08/05 15:38:219379 INFO  HTTP GET /api/status 响应 200 (0ms) - Middleware.cc:68
2025/08/05 15:38:219437 INFO  fd total count:11 - EPollPoller.cc:34
2025/08/05 15:39:556560 DEBUG timeout! - EPollPoller.cc:62
2025/08/05 15:39:556595 INFO  fd total count:1 - EPollPoller.cc:34
2025/08/05 15:39:560535 DEBUG timeout! - EPollPoller.cc:62
2025/08/05 15:39:560561 INFO  fd total count:1 - EPollPoller.cc:34
2025/08/05 15:39:562478 DEBUG timeout! - EPollPoller.cc:62
2025/08/05 15:39:562498 INFO  fd total count:1 - EPollPoller.cc:34
2025/08/05 15:39:675678 DEBUG timeout! - EPollPoller.cc:62
2025/08/05 15:39:675697 INFO  fd total count:2 - EPollPoller.cc:34
2025/08/05 15:39:229578 DEBUG timeout! - EPollPoller.cc:62
2025/08/05 15:39:229644 INFO  fd total count:11 - EPollPoller.cc:34
2025/08/05 15:39:566679 DEBUG timeout! - EPollPoller.cc:62
2025/08/05 15:39:566715 INFO  fd total count:1 - EPollPoller.cc:34
2025/08/05 15:39:570607 DEBUG timeout! - EPollPoller.cc:62
2025/08/05 15:39:570634 INFO  fd total count:1 - EPollPoller.cc:34
2025/08/05 15:39:572538 DEBUG timeout! - EPollPoller.cc:62
2025/08/05 15:39:572557 INFO  fd total count:1 - EPollPoller.cc:34
2025/08/05 15:39:677801 DEBUG timeout! - EPollPoller.cc:62
2025/08/05 15:39:677831 INFO  fd total count:2 - EPollPoller.cc:34
2025/08/05 15:39:239733 DEBUG timeout! - EPollPoller.cc:62
2025/08/05 15:39:239770 INFO  fd total count:11 - EPollPoller.cc:34
2025/08/05 15:39:576763 DEBUG timeout! - EPollPoller.cc:62
2025/08/05 15:39:576794 INFO  fd total count:1 - EPollPoller.cc:34
2025/08/05 15:39:580678 DEBUG timeout! - EPollPoller.cc:62
2025/08/05 15:39:580704 INFO  fd total count:1 - EPollPoller.cc:34
2025/08/05 15:39:582616 DEBUG timeout! - EPollPoller.cc:62
2025/08/05 15:39:582635 INFO  fd total count:1 - EPollPoller.cc:34
2025/08/05 15:39:687855 DEBUG timeout! - EPollPoller.cc:62
2025/08/05 15:39:687866 INFO  fd total count:2 - EPollPoller.cc:34
2025/08/05 15:39:218237 INFO  events happend1 - EPollPoller.cc:51
2025/08/05 15:39:218286 INFO  channel handleEvent revents:1 - Channel.cc:96
2025/08/05 15:39:218356 INFO  HTTP GET /api/status 从  - Middleware.cc:57
2025/08/05 15:39:218377 INFO  HTTP GET /api/status 响应 200 (0ms) - Middleware.cc:68
2025/08/05 15:39:218430 INFO  fd total count:11 - EPollPoller.cc:34
2025/08/05 15:39:586867 DEBUG timeout! - EPollPoller.cc:62
2025/08/05 15:39:586910 INFO  fd total count:1 - EPollPoller.cc:34
2025/08/05 15:39:590763 DEBUG timeout! - EPollPoller.cc:62
2025/08/05 15:39:590795 INFO  fd total count:1 - EPollPoller.cc:34
2025/08/05 15:39:592695 DEBUG timeout! - EPollPoller.cc:62
2025/08/05 15:39:592714 INFO  fd total count:1 - EPollPoller.cc:34
2025/08/05 15:39:697919 DEBUG timeout! - EPollPoller.cc:62
2025/08/05 15:39:697962 INFO  fd total count:2 - EPollPoller.cc:34
2025/08/05 15:39:228517 DEBUG timeout! - EPollPoller.cc:62
2025/08/05 15:39:228553 INFO  fd total count:11 - EPollPoller.cc:34
2025/08/05 15:39:214436 INFO  events happend1 - EPollPoller.cc:51
2025/08/05 15:39:214467 INFO  channel handleEvent revents:1 - Channel.cc:96
2025/08/05 15:39:214533 INFO  HTTP GET /api/status 从  - Middleware.cc:57
2025/08/05 15:39:214554 INFO  HTTP GET /api/status 响应 200 (0ms) - Middleware.cc:68
2025/08/05 15:39:214606 INFO  fd total count:11 - EPollPoller.cc:34
2025/08/05 15:39:221953 INFO  events happend1 - EPollPoller.cc:51
2025/08/05 15:39:221962 INFO  channel handleEvent revents:1 - Channel.cc:96
2025/08/05 15:39:222001 INFO  HTTP GET /api/status 从  - Middleware.cc:57
2025/08/05 15:39:222015 INFO  HTTP GET /api/status 响应 200 (0ms) - Middleware.cc:68
2025/08/05 15:39:222050 INFO  fd total count:11 - EPollPoller.cc:34
2025/08/05 15:39:228453 INFO  events happend1 - EPollPoller.cc:51
2025/08/05 15:39:228457 INFO  channel handleEvent revents:1 - Channel.cc:96
2025/08/05 15:39:228486 INFO  HTTP GET /api/status 从  - Middleware.cc:57
2025/08/05 15:39:228497 INFO  HTTP GET /api/status 响应 200 (0ms) - Middleware.cc:68
2025/08/05 15:39:228525 INFO  fd total count:11 - EPollPoller.cc:34
2025/08/05 15:39:597019 DEBUG timeout! - EPollPoller.cc:62
2025/08/05 15:39:597085 INFO  fd total count:1 - EPollPoller.cc:34
2025/08/05 15:39:600833 DEBUG timeout! - EPollPoller.cc:62
2025/08/05 15:39:600865 INFO  fd total count:1 - EPollPoller.cc:34
2025/08/05 15:39:602749 DEBUG timeout! - EPollPoller.cc:62
2025/08/05 15:39:602767 INFO  fd total count:1 - EPollPoller.cc:34
2025/08/05 15:39:708054 DEBUG timeout! - EPollPoller.cc:62
2025/08/05 15:39:708083 INFO  fd total count:2 - EPollPoller.cc:34
2025/08/05 15:39:238601 DEBUG timeout! - EPollPoller.cc:62
2025/08/05 15:39:238632 INFO  fd total count:11 - EPollPoller.cc:34
2025/08/05 15:39:607154 DEBUG timeout! - EPollPoller.cc:62
2025/08/05 15:39:607189 INFO  fd total count:1 - EPollPoller.cc:34
2025/08/05 15:39:610915 DEBUG timeout! - EPollPoller.cc:62
2025/08/05 15:39:610941 INFO  fd total count:1 - EPollPoller.cc:34
2025/08/05 15:39:612830 DEBUG timeout! - EPollPoller.cc:62
2025/08/05 15:39:612849 INFO  fd total count:1 - EPollPoller.cc:34
2025/08/05 15:39:718128 DEBUG timeout! - EPollPoller.cc:62
2025/08/05 15:39:718146 INFO  fd total count:2 - EPollPoller.cc:34
2025/08/05 15:39:231383 INFO  events happend1 - EPollPoller.cc:51
2025/08/05 15:39:231415 INFO  channel handleEvent revents:1 - Channel.cc:96
2025/08/05 15:39:231488 INFO  HTTP GET /api/status 从  - Middleware.cc:57
2025/08/05 15:39:231508 INFO  HTTP GET /api/status 响应 200 (0ms) - Middleware.cc:68
2025/08/05 15:39:231564 INFO  fd total count:11 - EPollPoller.cc:34
2025/08/05 15:40:617250 DEBUG timeout! - EPollPoller.cc:62
2025/08/05 15:40:617285 INFO  fd total count:1 - EPollPoller.cc:34
2025/08/05 15:40:620987 DEBUG timeout! - EPollPoller.cc:62
2025/08/05 15:40:621011 INFO  fd total count:1 - EPollPoller.cc:34
2025/08/05 15:40:622908 DEBUG timeout! - EPollPoller.cc:62
2025/08/05 15:40:622928 INFO  fd total count:1 - EPollPoller.cc:34
2025/08/05 15:40:728181 DEBUG timeout! - EPollPoller.cc:62
2025/08/05 15:40:728196 INFO  fd total count:2 - EPollPoller.cc:34
2025/08/05 15:40:241705 DEBUG timeout! - EPollPoller.cc:62
2025/08/05 15:40:241773 INFO  fd total count:11 - EPollPoller.cc:34
2025/08/05 15:40:627342 DEBUG timeout! - EPollPoller.cc:62
2025/08/05 15:40:627379 INFO  fd total count:1 - EPollPoller.cc:34
2025/08/05 15:40:631052 DEBUG timeout! - EPollPoller.cc:62
2025/08/05 15:40:631078 INFO  fd total count:1 - EPollPoller.cc:34
2025/08/05 15:40:632976 DEBUG timeout! - EPollPoller.cc:62
2025/08/05 15:40:632998 INFO  fd total count:1 - EPollPoller.cc:34
2025/08/05 15:40:738239 DEBUG timeout! - EPollPoller.cc:62
2025/08/05 15:40:738276 INFO  fd total count:2 - EPollPoller.cc:34
2025/08/05 15:40:251858 DEBUG timeout! - EPollPoller.cc:62
2025/08/05 15:40:251894 INFO  fd total count:11 - EPollPoller.cc:34
2025/08/05 15:40:634512 DEBUG timeout! - EPollPoller.cc:62
2025/08/05 15:40:634545 INFO  fd total count:1 - EPollPoller.cc:34
2025/08/05 15:40:637404 DEBUG timeout! - EPollPoller.cc:62
2025/08/05 15:40:637410 INFO  fd total count:1 - EPollPoller.cc:34
2025/08/05 15:40:643058 DEBUG timeout! - EPollPoller.cc:62
2025/08/05 15:40:643083 INFO  fd total count:1 - EPollPoller.cc:34
2025/08/05 15:40:748317 DEBUG timeout! - EPollPoller.cc:62
2025/08/05 15:40:748339 INFO  fd total count:2 - EPollPoller.cc:34
2025/08/05 15:40:235446 INFO  events happend1 - EPollPoller.cc:51
2025/08/05 15:40:235476 INFO  channel handleEvent revents:1 - Channel.cc:96
2025/08/05 15:40:235543 INFO  HTTP GET /api/status 从  - Middleware.cc:57
2025/08/05 15:40:235562 INFO  HTTP GET /api/status 响应 200 (0ms) - Middleware.cc:68
2025/08/05 15:40:235615 INFO  fd total count:11 - EPollPoller.cc:34
2025/08/05 15:40:644632 DEBUG timeout! - EPollPoller.cc:62
2025/08/05 15:40:644633 DEBUG timeout! - EPollPoller.cc:62
2025/08/05 15:40:644673 INFO  fd total count:1 - EPollPoller.cc:34
2025/08/05 15:40:644694 INFO  fd total count:1 - EPollPoller.cc:34
2025/08/05 15:40:653130 DEBUG timeout! - EPollPoller.cc:62
2025/08/05 15:40:653148 INFO  fd total count:1 - EPollPoller.cc:34
2025/08/05 15:40:758396 DEBUG timeout! - EPollPoller.cc:62
2025/08/05 15:40:758427 INFO  fd total count:2 - EPollPoller.cc:34
2025/08/05 15:40:245696 DEBUG timeout! - EPollPoller.cc:62
2025/08/05 15:40:245731 INFO  fd total count:11 - EPollPoller.cc:34
2025/08/05 15:40:221570 INFO  events happend1 - EPollPoller.cc:51
2025/08/05 15:40:221603 INFO  channel handleEvent revents:1 - Channel.cc:96
2025/08/05 15:40:221674 INFO  HTTP GET /api/status 从  - Middleware.cc:57
2025/08/05 15:40:221695 INFO  HTTP GET /api/status 响应 200 (0ms) - Middleware.cc:68
2025/08/05 15:40:221746 INFO  fd total count:11 - EPollPoller.cc:34
2025/08/05 15:40:231556 INFO  events happend1 - EPollPoller.cc:51
2025/08/05 15:40:231565 INFO  channel handleEvent revents:1 - Channel.cc:96
2025/08/05 15:40:231602 INFO  HTTP GET /api/status 从  - Middleware.cc:57
2025/08/05 15:40:231615 INFO  HTTP GET /api/status 响应 200 (0ms) - Middleware.cc:68
2025/08/05 15:40:231647 INFO  fd total count:11 - EPollPoller.cc:34
2025/08/05 15:40:236261 INFO  events happend1 - EPollPoller.cc:51
2025/08/05 15:40:236277 INFO  channel handleEvent revents:1 - Channel.cc:96
2025/08/05 15:40:236325 INFO  HTTP GET /api/status 从  - Middleware.cc:57
2025/08/05 15:40:236340 INFO  HTTP GET /api/status 响应 200 (0ms) - Middleware.cc:68
2025/08/05 15:40:236381 INFO  fd total count:11 - EPollPoller.cc:34
2025/08/05 15:40:654723 DEBUG timeout! - EPollPoller.cc:62
2025/08/05 15:40:654755 INFO  fd total count:1 - EPollPoller.cc:34
2025/08/05 15:40:654758 DEBUG timeout! - EPollPoller.cc:62
2025/08/05 15:40:654814 INFO  fd total count:1 - EPollPoller.cc:34
2025/08/05 15:40:663198 DEBUG timeout! - EPollPoller.cc:62
2025/08/05 15:40:663218 INFO  fd total count:1 - EPollPoller.cc:34
2025/08/05 15:40:768479 DEBUG timeout! - EPollPoller.cc:62
2025/08/05 15:40:768497 INFO  fd total count:2 - EPollPoller.cc:34
2025/08/05 15:40:246436 DEBUG timeout! - EPollPoller.cc:62
2025/08/05 15:40:246470 INFO  fd total count:11 - EPollPoller.cc:34
2025/08/05 15:40:664793 DEBUG timeout! - EPollPoller.cc:62
2025/08/05 15:40:664827 INFO  fd total count:1 - EPollPoller.cc:34
2025/08/05 15:40:664891 DEBUG timeout! - EPollPoller.cc:62
2025/08/05 15:40:664918 INFO  fd total count:1 - EPollPoller.cc:34
2025/08/05 15:40:673288 DEBUG timeout! - EPollPoller.cc:62
2025/08/05 15:40:673307 INFO  fd total count:1 - EPollPoller.cc:34
2025/08/05 15:40:778523 DEBUG timeout! - EPollPoller.cc:62
2025/08/05 15:40:778532 INFO  fd total count:2 - EPollPoller.cc:34
2025/08/05 15:40:225896 INFO  events happend1 - EPollPoller.cc:51
2025/08/05 15:40:225930 INFO  channel handleEvent revents:1 - Channel.cc:96
2025/08/05 15:40:225999 INFO  HTTP GET /api/status 从  - Middleware.cc:57
2025/08/05 15:40:226020 INFO  HTTP GET /api/status 响应 200 (0ms) - Middleware.cc:68
2025/08/05 15:40:226071 INFO  fd total count:11 - EPollPoller.cc:34
2025/08/05 15:41:673764 DEBUG timeout! - EPollPoller.cc:62
2025/08/05 15:41:673797 INFO  fd total count:1 - EPollPoller.cc:34
2025/08/05 15:41:674279 DEBUG timeout! - EPollPoller.cc:62
2025/08/05 15:41:674284 INFO  fd total count:1 - EPollPoller.cc:34
2025/08/05 15:41:683363 DEBUG timeout! - EPollPoller.cc:62
2025/08/05 15:41:683389 INFO  fd total count:1 - EPollPoller.cc:34
2025/08/05 15:41:788578 DEBUG timeout! - EPollPoller.cc:62
2025/08/05 15:41:788600 INFO  fd total count:2 - EPollPoller.cc:34
2025/08/05 15:41:236126 DEBUG timeout! - EPollPoller.cc:62
2025/08/05 15:41:236160 INFO  fd total count:11 - EPollPoller.cc:34
2025/08/05 15:41:683849 DEBUG timeout! - EPollPoller.cc:62
2025/08/05 15:41:683851 DEBUG timeout! - EPollPoller.cc:62
2025/08/05 15:41:683888 INFO  fd total count:1 - EPollPoller.cc:34
2025/08/05 15:41:683907 INFO  fd total count:1 - EPollPoller.cc:34
2025/08/05 15:41:693428 DEBUG timeout! - EPollPoller.cc:62
2025/08/05 15:41:693447 INFO  fd total count:1 - EPollPoller.cc:34
2025/08/05 15:41:798635 DEBUG timeout! - EPollPoller.cc:62
2025/08/05 15:41:798650 INFO  fd total count:2 - EPollPoller.cc:34
2025/08/05 15:41:246252 DEBUG timeout! - EPollPoller.cc:62
2025/08/05 15:41:246329 INFO  fd total count:11 - EPollPoller.cc:34
2025/08/05 15:41:693945 DEBUG timeout! - EPollPoller.cc:62
2025/08/05 15:41:693962 DEBUG timeout! - EPollPoller.cc:62
2025/08/05 15:41:693985 INFO  fd total count:1 - EPollPoller.cc:34
2025/08/05 15:41:694014 INFO  fd total count:1 - EPollPoller.cc:34
2025/08/05 15:41:703485 DEBUG timeout! - EPollPoller.cc:62
2025/08/05 15:41:703505 INFO  fd total count:1 - EPollPoller.cc:34
2025/08/05 15:41:808701 DEBUG timeout! - EPollPoller.cc:62
2025/08/05 15:41:808720 INFO  fd total count:2 - EPollPoller.cc:34
2025/08/05 15:41:256393 DEBUG timeout! - EPollPoller.cc:62
2025/08/05 15:41:256425 INFO  fd total count:11 - EPollPoller.cc:34
2025/08/05 15:41:704079 DEBUG timeout! - EPollPoller.cc:62
2025/08/05 15:41:704082 DEBUG timeout! - EPollPoller.cc:62
2025/08/05 15:41:704122 INFO  fd total count:1 - EPollPoller.cc:34
2025/08/05 15:41:704167 INFO  fd total count:1 - EPollPoller.cc:34
2025/08/05 15:41:713537 DEBUG timeout! - EPollPoller.cc:62
2025/08/05 15:41:713555 INFO  fd total count:1 - EPollPoller.cc:34
2025/08/05 15:41:818767 DEBUG timeout! - EPollPoller.cc:62
2025/08/05 15:41:818786 INFO  fd total count:2 - EPollPoller.cc:34
2025/08/05 15:41:266502 DEBUG timeout! - EPollPoller.cc:62
2025/08/05 15:41:266541 INFO  fd total count:11 - EPollPoller.cc:34
2025/08/05 15:41:235377 INFO  events happend1 - EPollPoller.cc:51
2025/08/05 15:41:235411 INFO  channel handleEvent revents:1 - Channel.cc:96
2025/08/05 15:41:235479 INFO  HTTP GET /api/status 从  - Middleware.cc:57
2025/08/05 15:41:235499 INFO  HTTP GET /api/status 响应 200 (0ms) - Middleware.cc:68
2025/08/05 15:41:235547 INFO  fd total count:11 - EPollPoller.cc:34
2025/08/05 15:41:306919 INFO  events happend1 - EPollPoller.cc:51
2025/08/05 15:41:306949 INFO  channel handleEvent revents:1 - Channel.cc:96
2025/08/05 15:41:307010 INFO  HTTP GET /api/status 从  - Middleware.cc:57
2025/08/05 15:41:307029 INFO  HTTP GET /api/status 响应 200 (0ms) - Middleware.cc:68
2025/08/05 15:41:307075 INFO  fd total count:11 - EPollPoller.cc:34
2025/08/05 15:41:319056 INFO  events happend1 - EPollPoller.cc:51
2025/08/05 15:41:319063 INFO  channel handleEvent revents:1 - Channel.cc:96
2025/08/05 15:41:319102 INFO  HTTP GET /api/status 从  - Middleware.cc:57
2025/08/05 15:41:319115 INFO  HTTP GET /api/status 响应 200 (0ms) - Middleware.cc:68
2025/08/05 15:41:319148 INFO  fd total count:11 - EPollPoller.cc:34
2025/08/05 15:41:367569 INFO  events happend1 - EPollPoller.cc:51
2025/08/05 15:41:367578 INFO  channel handleEvent revents:1 - Channel.cc:96
2025/08/05 15:41:367616 INFO  HTTP GET /api/status 从  - Middleware.cc:57
2025/08/05 15:41:367630 INFO  HTTP GET /api/status 响应 200 (0ms) - Middleware.cc:68
2025/08/05 15:41:367662 INFO  fd total count:11 - EPollPoller.cc:34
2025/08/05 15:41:471413 INFO  events happend1 - EPollPoller.cc:51
2025/08/05 15:41:471440 INFO  channel handleEvent revents:1 - Channel.cc:96
2025/08/05 15:41:471466 INFO  使用一致性哈希选择线程，索引=0 - EventLoopThreadPool.cc:114
2025/08/05 15:41:471474 INFO  TcpServer::newConnection [KamaHttpServer]- new connection [KamaHttpServer-0.0.0.0:8080#12]from %s127.0.0.1:38504 - TcpServer.cc:96
2025/08/05 15:41:471489 INFO  TcpConnection::ctor:[KamaHttpServer-0.0.0.0:8080#12]at fd=30 - TcpConnection.cc:52
2025/08/05 15:41:471519 INFO  fd total count:2 - EPollPoller.cc:34
2025/08/05 15:41:471538 INFO  events happend1 - EPollPoller.cc:51
2025/08/05 15:41:471560 INFO  channel handleEvent revents:1 - Channel.cc:96
2025/08/05 15:41:471572 INFO  func =>fd30events=3index=-1 - EPollPoller.cc:91
2025/08/05 15:41:471593 INFO  New HTTP connection from: 127.0.0.1:38504 - HttpServer.cc:70
2025/08/05 15:41:471601 INFO  fd total count:12 - EPollPoller.cc:34
2025/08/05 15:41:471606 INFO  events happend1 - EPollPoller.cc:51
2025/08/05 15:41:471609 INFO  channel handleEvent revents:1 - Channel.cc:96
2025/08/05 15:41:471647 INFO  HTTP GET /js/openwebui-app.js 从  - Middleware.cc:57
2025/08/05 15:41:473861 INFO  HTTP GET /js/openwebui-app.js 响应 200 (2ms) - Middleware.cc:68
2025/08/05 15:41:473916 INFO  fd total count:12 - EPollPoller.cc:34
2025/08/05 15:41:474011 INFO  events happend1 - EPollPoller.cc:51
2025/08/05 15:41:474015 INFO  channel handleEvent revents:1 - Channel.cc:96
2025/08/05 15:41:474024 INFO  TcpConnection::handleClose fd=30state=2 - TcpConnection.cc:258
2025/08/05 15:41:474027 INFO  func =>fd30events=0index=1 - EPollPoller.cc:91
2025/08/05 15:41:474035 INFO  HTTP connection closed: 127.0.0.1:38504 - HttpServer.cc:75
2025/08/05 15:41:474052 INFO  fd total count:12 - EPollPoller.cc:34
2025/08/05 15:41:474065 INFO  events happend1 - EPollPoller.cc:51
2025/08/05 15:41:474073 INFO  channel handleEvent revents:1 - Channel.cc:96
2025/08/05 15:41:474080 INFO  TcpServer::removeConnectionInLoop [KamaHttpServer] - connection %sKamaHttpServer-0.0.0.0:8080#12 - TcpServer.cc:143
2025/08/05 15:41:474096 INFO  fd total count:2 - EPollPoller.cc:34
2025/08/05 15:41:474101 INFO  events happend1 - EPollPoller.cc:51
2025/08/05 15:41:474104 INFO  channel handleEvent revents:1 - Channel.cc:96
2025/08/05 15:41:474110 INFO  removeChannel fd=30 - EPollPoller.cc:132
2025/08/05 15:41:474113 INFO  TcpConnection::dtor[KamaHttpServer-0.0.0.0:8080#12]at fd=30state=0 - TcpConnection.cc:58
2025/08/05 15:41:474143 INFO  fd total count:11 - EPollPoller.cc:34
2025/08/05 15:41:710303 DEBUG timeout! - EPollPoller.cc:62
2025/08/05 15:41:710367 INFO  fd total count:1 - EPollPoller.cc:34
2025/08/05 15:41:714227 DEBUG timeout! - EPollPoller.cc:62
2025/08/05 15:41:714273 INFO  fd total count:1 - EPollPoller.cc:34
2025/08/05 15:41:722288 DEBUG timeout! - EPollPoller.cc:62
2025/08/05 15:41:722316 INFO  fd total count:1 - EPollPoller.cc:34
2025/08/05 15:41:644698 INFO  events happend1 - EPollPoller.cc:51
2025/08/05 15:41:644729 INFO  channel handleEvent revents:1 - Channel.cc:96
2025/08/05 15:41:644788 INFO  HTTP GET / 从  - Middleware.cc:57
2025/08/05 15:41:646237 INFO  HTTP GET / 响应 200 (1ms) - Middleware.cc:68
2025/08/05 15:41:646330 INFO  fd total count:11 - EPollPoller.cc:34
2025/08/05 15:41:657218 INFO  events happend1 - EPollPoller.cc:51
2025/08/05 15:41:657230 INFO  channel handleEvent revents:1 - Channel.cc:96
2025/08/05 15:41:657271 INFO  HTTP GET /css/openwebui-style.css 从  - Middleware.cc:57
2025/08/05 15:41:658661 INFO  HTTP GET /css/openwebui-style.css 响应 200 (1ms) - Middleware.cc:68
2025/08/05 15:41:658704 INFO  fd total count:11 - EPollPoller.cc:34
2025/08/05 15:41:665288 INFO  events happend1 - EPollPoller.cc:51
2025/08/05 15:41:665293 INFO  channel handleEvent revents:1 - Channel.cc:96
2025/08/05 15:41:665324 INFO  HTTP GET /css/admin-modal.css 从  - Middleware.cc:57
2025/08/05 15:41:666091 INFO  HTTP GET /css/admin-modal.css 响应 200 (0ms) - Middleware.cc:68
2025/08/05 15:41:666121 INFO  fd total count:11 - EPollPoller.cc:34
2025/08/05 15:41:677342 INFO  events happend1 - EPollPoller.cc:51
2025/08/05 15:41:677352 INFO  channel handleEvent revents:1 - Channel.cc:96
2025/08/05 15:41:677388 INFO  HTTP GET /js/openwebui-app.js 从  - Middleware.cc:57
2025/08/05 15:41:679575 INFO  HTTP GET /js/openwebui-app.js 响应 200 (2ms) - Middleware.cc:68
2025/08/05 15:41:679620 INFO  fd total count:11 - EPollPoller.cc:34
2025/08/05 15:41:690994 INFO  events happend1 - EPollPoller.cc:51
2025/08/05 15:41:691004 INFO  channel handleEvent revents:1 - Channel.cc:96
2025/08/05 15:41:691038 INFO  HTTP GET /js/admin-console.js 从  - Middleware.cc:57
2025/08/05 15:41:692200 INFO  HTTP GET /js/admin-console.js 响应 200 (1ms) - Middleware.cc:68
2025/08/05 15:41:692238 INFO  fd total count:11 - EPollPoller.cc:34
2025/08/05 15:41:703282 INFO  events happend1 - EPollPoller.cc:51
2025/08/05 15:41:703288 INFO  channel handleEvent revents:1 - Channel.cc:96
2025/08/05 15:41:703316 INFO  HTTP GET /api/models 从  - Middleware.cc:57
2025/08/05 15:41:703330 INFO  HTTP GET /api/models 响应 200 (0ms) - Middleware.cc:68
2025/08/05 15:41:703356 INFO  fd total count:11 - EPollPoller.cc:34
2025/08/05 15:41:709079 INFO  events happend1 - EPollPoller.cc:51
2025/08/05 15:41:709084 INFO  channel handleEvent revents:1 - Channel.cc:96
2025/08/05 15:41:709110 INFO  HTTP GET /api/status 从  - Middleware.cc:57
2025/08/05 15:41:709123 INFO  HTTP GET /api/status 响应 200 (0ms) - Middleware.cc:68
2025/08/05 15:41:709148 INFO  fd total count:11 - EPollPoller.cc:34
2025/08/05 15:41:978947 INFO  events happend1 - EPollPoller.cc:51
2025/08/05 15:41:978976 INFO  channel handleEvent revents:1 - Channel.cc:96
2025/08/05 15:41:979001 INFO  使用一致性哈希选择线程，索引=0 - EventLoopThreadPool.cc:114
2025/08/05 15:41:979009 INFO  TcpServer::newConnection [KamaHttpServer]- new connection [KamaHttpServer-0.0.0.0:8080#13]from %s127.0.0.1:38506 - TcpServer.cc:96
2025/08/05 15:41:979023 INFO  TcpConnection::ctor:[KamaHttpServer-0.0.0.0:8080#13]at fd=30 - TcpConnection.cc:52
2025/08/05 15:41:979070 INFO  fd total count:2 - EPollPoller.cc:34
2025/08/05 15:41:979085 INFO  events happend1 - EPollPoller.cc:51
2025/08/05 15:41:979108 INFO  channel handleEvent revents:1 - Channel.cc:96
2025/08/05 15:41:979120 INFO  func =>fd30events=3index=-1 - EPollPoller.cc:91
2025/08/05 15:41:979139 INFO  New HTTP connection from: 127.0.0.1:38506 - HttpServer.cc:70
2025/08/05 15:41:979148 INFO  fd total count:12 - EPollPoller.cc:34
2025/08/05 15:41:979947 INFO  events happend1 - EPollPoller.cc:51
2025/08/05 15:41:979953 INFO  channel handleEvent revents:1 - Channel.cc:96
2025/08/05 15:41:979962 INFO  使用一致性哈希选择线程，索引=0 - EventLoopThreadPool.cc:114
2025/08/05 15:41:979966 INFO  TcpServer::newConnection [KamaHttpServer]- new connection [KamaHttpServer-0.0.0.0:8080#14]from %s127.0.0.1:38508 - TcpServer.cc:96
2025/08/05 15:41:979975 INFO  TcpConnection::ctor:[KamaHttpServer-0.0.0.0:8080#14]at fd=31 - TcpConnection.cc:52
2025/08/05 15:41:979995 INFO  fd total count:2 - EPollPoller.cc:34
2025/08/05 15:41:980013 INFO  events happend1 - EPollPoller.cc:51
2025/08/05 15:41:980022 INFO  channel handleEvent revents:1 - Channel.cc:96
2025/08/05 15:41:980029 INFO  func =>fd31events=3index=-1 - EPollPoller.cc:91
2025/08/05 15:41:980041 INFO  New HTTP connection from: 127.0.0.1:38508 - HttpServer.cc:70
2025/08/05 15:41:980047 INFO  fd total count:13 - EPollPoller.cc:34
2025/08/05 15:41:981356 INFO  events happend1 - EPollPoller.cc:51
2025/08/05 15:41:981362 INFO  channel handleEvent revents:1 - Channel.cc:96
2025/08/05 15:41:981371 INFO  使用一致性哈希选择线程，索引=0 - EventLoopThreadPool.cc:114
2025/08/05 15:41:981375 INFO  TcpServer::newConnection [KamaHttpServer]- new connection [KamaHttpServer-0.0.0.0:8080#15]from %s127.0.0.1:38510 - TcpServer.cc:96
2025/08/05 15:41:981384 INFO  TcpConnection::ctor:[KamaHttpServer-0.0.0.0:8080#15]at fd=32 - TcpConnection.cc:52
2025/08/05 15:41:981402 INFO  fd total count:2 - EPollPoller.cc:34
2025/08/05 15:41:981413 INFO  events happend1 - EPollPoller.cc:51
2025/08/05 15:41:981419 INFO  channel handleEvent revents:1 - Channel.cc:96
2025/08/05 15:41:981424 INFO  func =>fd32events=3index=-1 - EPollPoller.cc:91
2025/08/05 15:41:981436 INFO  New HTTP connection from: 127.0.0.1:38510 - HttpServer.cc:70
2025/08/05 15:41:981441 INFO  fd total count:14 - EPollPoller.cc:34
2025/08/05 15:41:029341 INFO  events happend1 - EPollPoller.cc:51
2025/08/05 15:41:029357 INFO  channel handleEvent revents:1 - Channel.cc:96
2025/08/05 15:41:029372 INFO  使用一致性哈希选择线程，索引=0 - EventLoopThreadPool.cc:114
2025/08/05 15:41:029377 INFO  TcpServer::newConnection [KamaHttpServer]- new connection [KamaHttpServer-0.0.0.0:8080#16]from %s127.0.0.1:38512 - TcpServer.cc:96
2025/08/05 15:41:029388 INFO  TcpConnection::ctor:[KamaHttpServer-0.0.0.0:8080#16]at fd=33 - TcpConnection.cc:52
2025/08/05 15:41:029425 INFO  fd total count:2 - EPollPoller.cc:34
2025/08/05 15:41:029452 INFO  events happend1 - EPollPoller.cc:51
2025/08/05 15:41:029471 INFO  channel handleEvent revents:1 - Channel.cc:96
2025/08/05 15:41:029482 INFO  func =>fd33events=3index=-1 - EPollPoller.cc:91
2025/08/05 15:41:029500 INFO  New HTTP connection from: 127.0.0.1:38512 - HttpServer.cc:70
2025/08/05 15:41:029508 INFO  fd total count:15 - EPollPoller.cc:34
2025/08/05 15:41:720417 DEBUG timeout! - EPollPoller.cc:62
2025/08/05 15:41:720451 INFO  fd total count:1 - EPollPoller.cc:34
2025/08/05 15:41:724308 DEBUG timeout! - EPollPoller.cc:62
2025/08/05 15:41:724333 INFO  fd total count:1 - EPollPoller.cc:34
2025/08/05 15:41:732351 DEBUG timeout! - EPollPoller.cc:62
2025/08/05 15:41:732372 INFO  fd total count:1 - EPollPoller.cc:34
2025/08/05 15:41:571198 INFO  events happend1 - EPollPoller.cc:51
2025/08/05 15:41:571226 INFO  channel handleEvent revents:1 - Channel.cc:96
2025/08/05 15:41:571252 INFO  使用一致性哈希选择线程，索引=0 - EventLoopThreadPool.cc:114
2025/08/05 15:41:571260 INFO  TcpServer::newConnection [KamaHttpServer]- new connection [KamaHttpServer-0.0.0.0:8080#17]from %s127.0.0.1:38514 - TcpServer.cc:96
2025/08/05 15:41:571276 INFO  TcpConnection::ctor:[KamaHttpServer-0.0.0.0:8080#17]at fd=34 - TcpConnection.cc:52
2025/08/05 15:41:571317 INFO  fd total count:2 - EPollPoller.cc:34
2025/08/05 15:41:571328 INFO  events happend1 - EPollPoller.cc:51
2025/08/05 15:41:571351 INFO  channel handleEvent revents:1 - Channel.cc:96
2025/08/05 15:41:571363 INFO  func =>fd34events=3index=-1 - EPollPoller.cc:91
2025/08/05 15:41:571383 INFO  New HTTP connection from: 127.0.0.1:38514 - HttpServer.cc:70
2025/08/05 15:41:571391 INFO  fd total count:16 - EPollPoller.cc:34
2025/08/05 15:41:571395 INFO  events happend1 - EPollPoller.cc:51
2025/08/05 15:41:571398 INFO  channel handleEvent revents:1 - Channel.cc:96
2025/08/05 15:41:571435 INFO  HTTP GET /api/status 从  - Middleware.cc:57
2025/08/05 15:41:571456 INFO  HTTP GET /api/status 响应 200 (0ms) - Middleware.cc:68
2025/08/05 15:41:571491 INFO  fd total count:16 - EPollPoller.cc:34
2025/08/05 15:41:571573 INFO  events happend1 - EPollPoller.cc:51
2025/08/05 15:41:571577 INFO  channel handleEvent revents:1 - Channel.cc:96
2025/08/05 15:41:571583 INFO  TcpConnection::handleClose fd=34state=2 - TcpConnection.cc:258
2025/08/05 15:41:571587 INFO  func =>fd34events=0index=1 - EPollPoller.cc:91
2025/08/05 15:41:571594 INFO  HTTP connection closed: 127.0.0.1:38514 - HttpServer.cc:75
2025/08/05 15:41:571611 INFO  fd total count:16 - EPollPoller.cc:34
2025/08/05 15:41:571620 INFO  events happend1 - EPollPoller.cc:51
2025/08/05 15:41:571624 INFO  channel handleEvent revents:1 - Channel.cc:96
2025/08/05 15:41:571629 INFO  TcpServer::removeConnectionInLoop [KamaHttpServer] - connection %sKamaHttpServer-0.0.0.0:8080#17 - TcpServer.cc:143
2025/08/05 15:41:571643 INFO  fd total count:2 - EPollPoller.cc:34
2025/08/05 15:41:571647 INFO  events happend1 - EPollPoller.cc:51
2025/08/05 15:41:571650 INFO  channel handleEvent revents:1 - Channel.cc:96
2025/08/05 15:41:571655 INFO  removeChannel fd=34 - EPollPoller.cc:132
2025/08/05 15:41:571659 INFO  TcpConnection::dtor[KamaHttpServer-0.0.0.0:8080#17]at fd=34state=0 - TcpConnection.cc:58
2025/08/05 15:41:571691 INFO  fd total count:15 - EPollPoller.cc:34
2025/08/05 15:42:730481 DEBUG timeout! - EPollPoller.cc:62
2025/08/05 15:42:730510 INFO  fd total count:1 - EPollPoller.cc:34
2025/08/05 15:42:734372 DEBUG timeout! - EPollPoller.cc:62
2025/08/05 15:42:734396 INFO  fd total count:1 - EPollPoller.cc:34
2025/08/05 15:42:742413 DEBUG timeout! - EPollPoller.cc:62
2025/08/05 15:42:742431 INFO  fd total count:1 - EPollPoller.cc:34
2025/08/05 15:42:581684 DEBUG timeout! - EPollPoller.cc:62
2025/08/05 15:42:581718 INFO  fd total count:2 - EPollPoller.cc:34
2025/08/05 15:42:581720 DEBUG timeout! - EPollPoller.cc:62
2025/08/05 15:42:581756 INFO  fd total count:15 - EPollPoller.cc:34
2025/08/05 15:42:740548 DEBUG timeout! - EPollPoller.cc:62
2025/08/05 15:42:740579 INFO  fd total count:1 - EPollPoller.cc:34
2025/08/05 15:42:744439 DEBUG timeout! - EPollPoller.cc:62
2025/08/05 15:42:744466 INFO  fd total count:1 - EPollPoller.cc:34
2025/08/05 15:42:752472 DEBUG timeout! - EPollPoller.cc:62
2025/08/05 15:42:752494 INFO  fd total count:1 - EPollPoller.cc:34
2025/08/05 15:42:590319 DEBUG timeout! - EPollPoller.cc:62
2025/08/05 15:42:590387 INFO  fd total count:15 - EPollPoller.cc:34
2025/08/05 15:42:591777 DEBUG timeout! - EPollPoller.cc:62
2025/08/05 15:42:591808 INFO  fd total count:2 - EPollPoller.cc:34
2025/08/05 15:42:694447 INFO  events happend1 - EPollPoller.cc:51
2025/08/05 15:42:694486 INFO  channel handleEvent revents:1 - Channel.cc:96
2025/08/05 15:42:694555 INFO  HTTP GET /api/status 从  - Middleware.cc:57
2025/08/05 15:42:694575 INFO  HTTP GET /api/status 响应 200 (0ms) - Middleware.cc:68
2025/08/05 15:42:694632 INFO  fd total count:15 - EPollPoller.cc:34
2025/08/05 15:42:805136 INFO  events happend1 - EPollPoller.cc:51
2025/08/05 15:42:805170 INFO  channel handleEvent revents:1 - Channel.cc:96
2025/08/05 15:42:805242 INFO  HTTP GET /admin.html 从  - Middleware.cc:57
2025/08/05 15:42:807791 INFO  HTTP GET /admin.html 响应 200 (2ms) - Middleware.cc:68
2025/08/05 15:42:807919 INFO  fd total count:15 - EPollPoller.cc:34
2025/08/05 15:42:827256 INFO  events happend1 - EPollPoller.cc:51
2025/08/05 15:42:827269 INFO  channel handleEvent revents:1 - Channel.cc:96
2025/08/05 15:42:827323 INFO  HTTP GET /css/openwebui-style.css 从  - Middleware.cc:57
2025/08/05 15:42:828722 INFO  HTTP GET /css/openwebui-style.css 响应 200 (1ms) - Middleware.cc:68
2025/08/05 15:42:828770 INFO  fd total count:15 - EPollPoller.cc:34
2025/08/05 15:42:857114 INFO  events happend1 - EPollPoller.cc:51
2025/08/05 15:42:857128 INFO  channel handleEvent revents:1 - Channel.cc:96
2025/08/05 15:42:857177 INFO  HTTP GET /api/status 从  - Middleware.cc:57
2025/08/05 15:42:857195 INFO  HTTP GET /api/status 响应 200 (0ms) - Middleware.cc:68
2025/08/05 15:42:857232 INFO  fd total count:15 - EPollPoller.cc:34
2025/08/05 15:42:944651 INFO  events happend1 - EPollPoller.cc:51
2025/08/05 15:42:944681 INFO  channel handleEvent revents:1 - Channel.cc:96
2025/08/05 15:42:944751 INFO  HTTP GET / 从  - Middleware.cc:57
2025/08/05 15:42:946204 INFO  HTTP GET / 响应 200 (1ms) - Middleware.cc:68
2025/08/05 15:42:946298 INFO  fd total count:15 - EPollPoller.cc:34
2025/08/05 15:42:968655 INFO  events happend1 - EPollPoller.cc:51
2025/08/05 15:42:968670 INFO  channel handleEvent revents:1 - Channel.cc:96
2025/08/05 15:42:968720 INFO  HTTP GET /css/openwebui-style.css 从  - Middleware.cc:57
2025/08/05 15:42:970103 INFO  HTTP GET /css/openwebui-style.css 响应 200 (1ms) - Middleware.cc:68
2025/08/05 15:42:970147 INFO  fd total count:15 - EPollPoller.cc:34
2025/08/05 15:42:973766 INFO  events happend1 - EPollPoller.cc:51
2025/08/05 15:42:973772 INFO  channel handleEvent revents:1 - Channel.cc:96
2025/08/05 15:42:973805 INFO  HTTP GET /js/openwebui-app.js 从  - Middleware.cc:57
2025/08/05 15:42:975987 INFO  HTTP GET /js/openwebui-app.js 响应 200 (2ms) - Middleware.cc:68
2025/08/05 15:42:976030 INFO  fd total count:15 - EPollPoller.cc:34
2025/08/05 15:42:976035 INFO  events happend1 - EPollPoller.cc:51
2025/08/05 15:42:976038 INFO  channel handleEvent revents:1 - Channel.cc:96
2025/08/05 15:42:976068 INFO  HTTP GET /css/admin-modal.css 从  - Middleware.cc:57
2025/08/05 15:42:976832 INFO  HTTP GET /css/admin-modal.css 响应 200 (0ms) - Middleware.cc:68
2025/08/05 15:42:976862 INFO  fd total count:15 - EPollPoller.cc:34
2025/08/05 15:42:978427 INFO  events happend1 - EPollPoller.cc:51
2025/08/05 15:42:978432 INFO  channel handleEvent revents:1 - Channel.cc:96
2025/08/05 15:42:978461 INFO  HTTP GET /js/admin-console.js 从  - Middleware.cc:57
2025/08/05 15:42:979608 INFO  HTTP GET /js/admin-console.js 响应 200 (1ms) - Middleware.cc:68
2025/08/05 15:42:979638 INFO  fd total count:15 - EPollPoller.cc:34
2025/08/05 15:42:030210 INFO  events happend1 - EPollPoller.cc:51
2025/08/05 15:42:030221 INFO  channel handleEvent revents:1 - Channel.cc:96
2025/08/05 15:42:030268 INFO  HTTP GET /api/models 从  - Middleware.cc:57
2025/08/05 15:42:030284 INFO  HTTP GET /api/models 响应 200 (0ms) - Middleware.cc:68
2025/08/05 15:42:030319 INFO  fd total count:15 - EPollPoller.cc:34
2025/08/05 15:42:030482 INFO  events happend1 - EPollPoller.cc:51
2025/08/05 15:42:030489 INFO  channel handleEvent revents:1 - Channel.cc:96
2025/08/05 15:42:030516 INFO  HTTP GET /api/status 从  - Middleware.cc:57
2025/08/05 15:42:030530 INFO  HTTP GET /api/status 响应 200 (0ms) - Middleware.cc:68
2025/08/05 15:42:030562 INFO  fd total count:15 - EPollPoller.cc:34
2025/08/05 15:42:323842 INFO  events happend1 - EPollPoller.cc:51
2025/08/05 15:42:323868 INFO  channel handleEvent revents:1 - Channel.cc:96
2025/08/05 15:42:323893 INFO  使用一致性哈希选择线程，索引=0 - EventLoopThreadPool.cc:114
2025/08/05 15:42:323900 INFO  TcpServer::newConnection [KamaHttpServer]- new connection [KamaHttpServer-0.0.0.0:8080#18]from %s127.0.0.1:38516 - TcpServer.cc:96
2025/08/05 15:42:323915 INFO  TcpConnection::ctor:[KamaHttpServer-0.0.0.0:8080#18]at fd=34 - TcpConnection.cc:52
2025/08/05 15:42:323946 INFO  fd total count:2 - EPollPoller.cc:34
2025/08/05 15:42:323964 INFO  events happend1 - EPollPoller.cc:51
2025/08/05 15:42:323984 INFO  channel handleEvent revents:1 - Channel.cc:96
2025/08/05 15:42:323996 INFO  func =>fd34events=3index=-1 - EPollPoller.cc:91
2025/08/05 15:42:324012 INFO  New HTTP connection from: 127.0.0.1:38516 - HttpServer.cc:70
2025/08/05 15:42:324020 INFO  fd total count:16 - EPollPoller.cc:34
2025/08/05 15:42:750637 DEBUG timeout! - EPollPoller.cc:62
2025/08/05 15:42:750676 INFO  fd total count:1 - EPollPoller.cc:34
2025/08/05 15:42:754509 DEBUG timeout! - EPollPoller.cc:62
2025/08/05 15:42:754534 INFO  fd total count:1 - EPollPoller.cc:34
2025/08/05 15:42:762538 DEBUG timeout! - EPollPoller.cc:62
2025/08/05 15:42:762557 INFO  fd total count:1 - EPollPoller.cc:34
2025/08/05 15:42:006904 INFO  events happend1 - EPollPoller.cc:51
2025/08/05 15:42:006925 INFO  channel handleEvent revents:1 - Channel.cc:96
2025/08/05 15:42:006998 INFO  HTTP GET / 从  - Middleware.cc:57
2025/08/05 15:42:008445 INFO  HTTP GET / 响应 200 (1ms) - Middleware.cc:68
2025/08/05 15:42:008509 INFO  fd total count:16 - EPollPoller.cc:34
2025/08/05 15:42:031653 INFO  events happend1 - EPollPoller.cc:51
2025/08/05 15:42:031663 INFO  channel handleEvent revents:1 - Channel.cc:96
2025/08/05 15:42:031706 INFO  HTTP GET /css/openwebui-style.css 从  - Middleware.cc:57
2025/08/05 15:42:033084 INFO  HTTP GET /css/openwebui-style.css 响应 200 (1ms) - Middleware.cc:68
2025/08/05 15:42:033127 INFO  fd total count:16 - EPollPoller.cc:34
2025/08/05 15:42:034532 INFO  events happend1 - EPollPoller.cc:51
2025/08/05 15:42:034536 INFO  channel handleEvent revents:1 - Channel.cc:96
2025/08/05 15:42:034568 INFO  HTTP GET /js/openwebui-app.js 从  - Middleware.cc:57
2025/08/05 15:42:036736 INFO  HTTP GET /js/openwebui-app.js 响应 200 (2ms) - Middleware.cc:68
2025/08/05 15:42:036779 INFO  fd total count:16 - EPollPoller.cc:34
2025/08/05 15:42:036784 INFO  events happend2 - EPollPoller.cc:51
2025/08/05 15:42:036788 INFO  channel handleEvent revents:1 - Channel.cc:96
2025/08/05 15:42:036813 INFO  HTTP GET /css/admin-modal.css 从  - Middleware.cc:57
2025/08/05 15:42:037574 INFO  HTTP GET /css/admin-modal.css 响应 200 (0ms) - Middleware.cc:68
2025/08/05 15:42:037603 INFO  channel handleEvent revents:1 - Channel.cc:96
2025/08/05 15:42:037633 INFO  HTTP GET /js/admin-console.js 从  - Middleware.cc:57
2025/08/05 15:42:038789 INFO  HTTP GET /js/admin-console.js 响应 200 (1ms) - Middleware.cc:68
2025/08/05 15:42:038821 INFO  fd total count:16 - EPollPoller.cc:34
2025/08/05 15:42:048436 INFO  events happend1 - EPollPoller.cc:51
2025/08/05 15:42:048444 INFO  channel handleEvent revents:1 - Channel.cc:96
2025/08/05 15:42:048479 INFO  HTTP GET /api/status 从  - Middleware.cc:57
2025/08/05 15:42:048494 INFO  HTTP GET /api/status 响应 200 (0ms) - Middleware.cc:68
2025/08/05 15:42:048527 INFO  fd total count:16 - EPollPoller.cc:34
2025/08/05 15:42:048532 INFO  events happend1 - EPollPoller.cc:51
2025/08/05 15:42:048535 INFO  channel handleEvent revents:1 - Channel.cc:96
2025/08/05 15:42:048558 INFO  HTTP GET /api/models 从  - Middleware.cc:57
2025/08/05 15:42:048569 INFO  HTTP GET /api/models 响应 200 (0ms) - Middleware.cc:68
2025/08/05 15:42:048591 INFO  fd total count:16 - EPollPoller.cc:34
2025/08/05 15:42:930632 INFO  events happend1 - EPollPoller.cc:51
2025/08/05 15:42:930664 INFO  channel handleEvent revents:1 - Channel.cc:96
2025/08/05 15:42:930733 INFO  HTTP GET /api/status 从  - Middleware.cc:57
2025/08/05 15:42:930753 INFO  HTTP GET /api/status 响应 200 (0ms) - Middleware.cc:68
2025/08/05 15:42:930805 INFO  fd total count:16 - EPollPoller.cc:34
2025/08/05 15:42:940309 INFO  events happend1 - EPollPoller.cc:51
2025/08/05 15:42:940320 INFO  channel handleEvent revents:1 - Channel.cc:96
2025/08/05 15:42:940364 INFO  HTTP GET /api/status 从  - Middleware.cc:57
2025/08/05 15:42:940379 INFO  HTTP GET /api/status 响应 200 (0ms) - Middleware.cc:68
2025/08/05 15:42:940420 INFO  fd total count:16 - EPollPoller.cc:34
2025/08/05 15:42:334007 DEBUG timeout! - EPollPoller.cc:62
2025/08/05 15:42:334040 INFO  fd total count:2 - EPollPoller.cc:34
2025/08/05 15:42:760715 DEBUG timeout! - EPollPoller.cc:62
2025/08/05 15:42:760748 INFO  fd total count:1 - EPollPoller.cc:34
2025/08/05 15:42:764599 DEBUG timeout! - EPollPoller.cc:62
2025/08/05 15:42:764623 INFO  fd total count:1 - EPollPoller.cc:34
2025/08/05 15:42:772613 DEBUG timeout! - EPollPoller.cc:62
2025/08/05 15:42:772633 INFO  fd total count:1 - EPollPoller.cc:34
2025/08/05 15:42:568133 INFO  events happend1 - EPollPoller.cc:51
2025/08/05 15:42:568168 INFO  channel handleEvent revents:1 - Channel.cc:96
2025/08/05 15:42:568242 INFO  HTTP GET /api/status 从  - Middleware.cc:57
2025/08/05 15:42:568266 INFO  HTTP GET /api/status 响应 200 (0ms) - Middleware.cc:68
2025/08/05 15:42:568326 INFO  fd total count:16 - EPollPoller.cc:34
2025/08/05 15:42:574535 INFO  events happend1 - EPollPoller.cc:51
2025/08/05 15:42:574540 INFO  channel handleEvent revents:1 - Channel.cc:96
2025/08/05 15:42:574578 INFO  HTTP GET /api/status 从  - Middleware.cc:57
2025/08/05 15:42:574592 INFO  HTTP GET /api/status 响应 200 (0ms) - Middleware.cc:68
2025/08/05 15:42:574625 INFO  fd total count:16 - EPollPoller.cc:34
2025/08/05 15:42:135005 INFO  events happend1 - EPollPoller.cc:51
2025/08/05 15:42:135035 INFO  channel handleEvent revents:1 - Channel.cc:96
2025/08/05 15:42:135102 INFO  HTTP GET /api/status 从  - Middleware.cc:57
2025/08/05 15:42:135123 INFO  HTTP GET /api/status 响应 200 (0ms) - Middleware.cc:68
2025/08/05 15:42:135180 INFO  fd total count:16 - EPollPoller.cc:34
2025/08/05 15:42:171690 INFO  events happend1 - EPollPoller.cc:51
2025/08/05 15:42:171704 INFO  channel handleEvent revents:1 - Channel.cc:96
2025/08/05 15:42:171751 INFO  HTTP GET /api/status 从  - Middleware.cc:57
2025/08/05 15:42:171766 INFO  HTTP GET /api/status 响应 200 (0ms) - Middleware.cc:68
2025/08/05 15:42:171807 INFO  fd total count:16 - EPollPoller.cc:34
2025/08/05 15:42:223006 INFO  events happend1 - EPollPoller.cc:51
2025/08/05 15:42:223037 INFO  channel handleEvent revents:1 - Channel.cc:96
2025/08/05 15:42:223106 INFO  HTTP GET /api/status 从  - Middleware.cc:57
2025/08/05 15:42:223127 INFO  HTTP GET /api/status 响应 200 (0ms) - Middleware.cc:68
2025/08/05 15:42:223177 INFO  fd total count:16 - EPollPoller.cc:34
2025/08/05 15:42:344077 DEBUG timeout! - EPollPoller.cc:62
2025/08/05 15:42:344110 INFO  fd total count:2 - EPollPoller.cc:34
2025/08/05 15:42:770792 DEBUG timeout! - EPollPoller.cc:62
2025/08/05 15:42:770828 INFO  fd total count:1 - EPollPoller.cc:34
2025/08/05 15:42:774677 DEBUG timeout! - EPollPoller.cc:62
2025/08/05 15:42:774703 INFO  fd total count:1 - EPollPoller.cc:34
2025/08/05 15:42:782686 DEBUG timeout! - EPollPoller.cc:62
2025/08/05 15:42:782706 INFO  fd total count:1 - EPollPoller.cc:34
2025/08/05 15:42:223713 INFO  events happend1 - EPollPoller.cc:51
2025/08/05 15:42:223747 INFO  channel handleEvent revents:1 - Channel.cc:96
2025/08/05 15:42:223819 INFO  HTTP GET /api/status 从  - Middleware.cc:57
2025/08/05 15:42:223839 INFO  HTTP GET /api/status 响应 200 (0ms) - Middleware.cc:68
2025/08/05 15:42:223898 INFO  fd total count:16 - EPollPoller.cc:34
2025/08/05 15:42:222587 INFO  events happend1 - EPollPoller.cc:51
2025/08/05 15:42:222620 INFO  channel handleEvent revents:1 - Channel.cc:96
2025/08/05 15:42:222691 INFO  HTTP GET /api/status 从  - Middleware.cc:57
2025/08/05 15:42:222710 INFO  HTTP GET /api/status 响应 200 (0ms) - Middleware.cc:68
2025/08/05 15:42:222775 INFO  fd total count:16 - EPollPoller.cc:34
2025/08/05 15:42:354159 DEBUG timeout! - EPollPoller.cc:62
2025/08/05 15:42:354190 INFO  fd total count:2 - EPollPoller.cc:34
2025/08/05 15:42:780860 DEBUG timeout! - EPollPoller.cc:62
2025/08/05 15:42:780891 INFO  fd total count:1 - EPollPoller.cc:34
2025/08/05 15:42:784751 DEBUG timeout! - EPollPoller.cc:62
2025/08/05 15:42:784775 INFO  fd total count:1 - EPollPoller.cc:34
2025/08/05 15:42:792749 DEBUG timeout! - EPollPoller.cc:62
2025/08/05 15:42:792769 INFO  fd total count:1 - EPollPoller.cc:34
2025/08/05 15:42:217977 INFO  events happend1 - EPollPoller.cc:51
2025/08/05 15:42:218009 INFO  channel handleEvent revents:1 - Channel.cc:96
2025/08/05 15:42:218076 INFO  HTTP GET /api/status 从  - Middleware.cc:57
2025/08/05 15:42:218098 INFO  HTTP GET /api/status 响应 200 (0ms) - Middleware.cc:68
2025/08/05 15:42:218151 INFO  fd total count:16 - EPollPoller.cc:34
2025/08/05 15:43:224166 INFO  events happend1 - EPollPoller.cc:51
2025/08/05 15:43:224205 INFO  channel handleEvent revents:1 - Channel.cc:96
2025/08/05 15:43:224274 INFO  HTTP GET /api/status 从  - Middleware.cc:57
2025/08/05 15:43:224294 INFO  HTTP GET /api/status 响应 200 (0ms) - Middleware.cc:68
2025/08/05 15:43:224346 INFO  fd total count:16 - EPollPoller.cc:34
2025/08/05 15:43:359869 DEBUG timeout! - EPollPoller.cc:62
2025/08/05 15:43:359897 INFO  fd total count:2 - EPollPoller.cc:34
2025/08/05 15:43:790948 DEBUG timeout! - EPollPoller.cc:62
2025/08/05 15:43:790981 INFO  fd total count:1 - EPollPoller.cc:34
2025/08/05 15:43:794821 DEBUG timeout! - EPollPoller.cc:62
2025/08/05 15:43:794847 INFO  fd total count:1 - EPollPoller.cc:34
2025/08/05 15:43:802810 DEBUG timeout! - EPollPoller.cc:62
2025/08/05 15:43:802834 INFO  fd total count:1 - EPollPoller.cc:34
2025/08/05 15:43:229337 INFO  events happend1 - EPollPoller.cc:51
2025/08/05 15:43:229368 INFO  channel handleEvent revents:1 - Channel.cc:96
2025/08/05 15:43:229436 INFO  HTTP GET /api/status 从  - Middleware.cc:57
2025/08/05 15:43:229458 INFO  HTTP GET /api/status 响应 200 (0ms) - Middleware.cc:68
2025/08/05 15:43:229511 INFO  fd total count:16 - EPollPoller.cc:34
2025/08/05 15:43:136829 INFO  events happend1 - EPollPoller.cc:51
2025/08/05 15:43:136860 INFO  channel handleEvent revents:1 - Channel.cc:96
2025/08/05 15:43:136927 INFO  HTTP GET /api/status 从  - Middleware.cc:57
2025/08/05 15:43:136947 INFO  HTTP GET /api/status 响应 200 (0ms) - Middleware.cc:68
2025/08/05 15:43:137003 INFO  fd total count:16 - EPollPoller.cc:34
2025/08/05 15:43:369938 DEBUG timeout! - EPollPoller.cc:62
2025/08/05 15:43:369968 INFO  fd total count:2 - EPollPoller.cc:34
2025/08/05 15:43:801023 DEBUG timeout! - EPollPoller.cc:62
2025/08/05 15:43:801056 INFO  fd total count:1 - EPollPoller.cc:34
2025/08/05 15:43:804900 DEBUG timeout! - EPollPoller.cc:62
2025/08/05 15:43:804924 INFO  fd total count:1 - EPollPoller.cc:34
2025/08/05 15:43:812876 DEBUG timeout! - EPollPoller.cc:62
2025/08/05 15:43:812896 INFO  fd total count:1 - EPollPoller.cc:34
2025/08/05 15:43:147085 DEBUG timeout! - EPollPoller.cc:62
2025/08/05 15:43:147117 INFO  fd total count:16 - EPollPoller.cc:34
2025/08/05 15:43:380004 DEBUG timeout! - EPollPoller.cc:62
2025/08/05 15:43:380033 INFO  fd total count:2 - EPollPoller.cc:34
2025/08/05 15:43:811082 DEBUG timeout! - EPollPoller.cc:62
2025/08/05 15:43:811108 INFO  fd total count:1 - EPollPoller.cc:34
2025/08/05 15:43:814995 DEBUG timeout! - EPollPoller.cc:62
2025/08/05 15:43:815019 INFO  fd total count:1 - EPollPoller.cc:34
2025/08/05 15:43:822948 DEBUG timeout! - EPollPoller.cc:62
2025/08/05 15:43:822967 INFO  fd total count:1 - EPollPoller.cc:34
2025/08/05 15:43:157169 DEBUG timeout! - EPollPoller.cc:62
2025/08/05 15:43:157203 INFO  fd total count:16 - EPollPoller.cc:34
2025/08/05 15:43:390093 DEBUG timeout! - EPollPoller.cc:62
2025/08/05 15:43:390127 INFO  fd total count:2 - EPollPoller.cc:34
2025/08/05 15:43:821162 DEBUG timeout! - EPollPoller.cc:62
2025/08/05 15:43:821193 INFO  fd total count:1 - EPollPoller.cc:34
2025/08/05 15:43:825115 DEBUG timeout! - EPollPoller.cc:62
2025/08/05 15:43:825139 INFO  fd total count:1 - EPollPoller.cc:34
2025/08/05 15:43:833023 DEBUG timeout! - EPollPoller.cc:62
2025/08/05 15:43:833042 INFO  fd total count:1 - EPollPoller.cc:34
2025/08/05 15:43:166357 DEBUG timeout! - EPollPoller.cc:62
2025/08/05 15:43:166391 INFO  fd total count:16 - EPollPoller.cc:34
2025/08/05 15:43:400158 DEBUG timeout! - EPollPoller.cc:62
2025/08/05 15:43:400186 INFO  fd total count:2 - EPollPoller.cc:34
2025/08/05 15:43:831266 DEBUG timeout! - EPollPoller.cc:62
2025/08/05 15:43:831296 INFO  fd total count:1 - EPollPoller.cc:34
2025/08/05 15:43:835207 DEBUG timeout! - EPollPoller.cc:62
2025/08/05 15:43:835228 INFO  fd total count:1 - EPollPoller.cc:34
2025/08/05 15:43:843076 DEBUG timeout! - EPollPoller.cc:62
2025/08/05 15:43:843095 INFO  fd total count:1 - EPollPoller.cc:34
2025/08/05 15:43:176452 DEBUG timeout! - EPollPoller.cc:62
2025/08/05 15:43:176487 INFO  fd total count:16 - EPollPoller.cc:34
2025/08/05 15:43:410228 DEBUG timeout! - EPollPoller.cc:62
2025/08/05 15:43:410267 INFO  fd total count:2 - EPollPoller.cc:34
2025/08/05 15:43:841375 DEBUG timeout! - EPollPoller.cc:62
2025/08/05 15:43:841406 INFO  fd total count:1 - EPollPoller.cc:34
2025/08/05 15:43:845294 DEBUG timeout! - EPollPoller.cc:62
2025/08/05 15:43:845319 INFO  fd total count:1 - EPollPoller.cc:34
2025/08/05 15:43:853128 DEBUG timeout! - EPollPoller.cc:62
2025/08/05 15:43:853147 INFO  fd total count:1 - EPollPoller.cc:34
2025/08/05 15:44:186530 DEBUG timeout! - EPollPoller.cc:62
2025/08/05 15:44:186564 INFO  fd total count:16 - EPollPoller.cc:34
2025/08/05 15:44:420298 DEBUG timeout! - EPollPoller.cc:62
2025/08/05 15:44:420329 INFO  fd total count:2 - EPollPoller.cc:34
2025/08/05 15:44:851485 DEBUG timeout! - EPollPoller.cc:62
2025/08/05 15:44:851518 INFO  fd total count:1 - EPollPoller.cc:34
2025/08/05 15:44:855377 DEBUG timeout! - EPollPoller.cc:62
2025/08/05 15:44:855402 INFO  fd total count:1 - EPollPoller.cc:34
2025/08/05 15:44:863180 DEBUG timeout! - EPollPoller.cc:62
2025/08/05 15:44:863200 INFO  fd total count:1 - EPollPoller.cc:34
2025/08/05 15:44:196607 DEBUG timeout! - EPollPoller.cc:62
2025/08/05 15:44:196638 INFO  fd total count:16 - EPollPoller.cc:34
2025/08/05 15:44:430360 DEBUG timeout! - EPollPoller.cc:62
2025/08/05 15:44:430388 INFO  fd total count:2 - EPollPoller.cc:34
2025/08/05 15:44:861578 DEBUG timeout! - EPollPoller.cc:62
2025/08/05 15:44:861612 INFO  fd total count:1 - EPollPoller.cc:34
2025/08/05 15:44:861723 DEBUG timeout! - EPollPoller.cc:62
2025/08/05 15:44:861749 INFO  fd total count:1 - EPollPoller.cc:34
2025/08/05 15:44:873240 DEBUG timeout! - EPollPoller.cc:62
2025/08/05 15:44:873262 INFO  fd total count:1 - EPollPoller.cc:34
2025/08/05 15:44:202293 DEBUG timeout! - EPollPoller.cc:62
2025/08/05 15:44:202325 INFO  fd total count:16 - EPollPoller.cc:34
2025/08/05 15:44:440419 DEBUG timeout! - EPollPoller.cc:62
2025/08/05 15:44:440451 INFO  fd total count:2 - EPollPoller.cc:34
2025/08/05 15:44:871651 DEBUG timeout! - EPollPoller.cc:62
2025/08/05 15:44:871682 INFO  fd total count:1 - EPollPoller.cc:34
2025/08/05 15:44:871779 DEBUG timeout! - EPollPoller.cc:62
2025/08/05 15:44:871804 INFO  fd total count:1 - EPollPoller.cc:34
2025/08/05 15:44:883320 DEBUG timeout! - EPollPoller.cc:62
2025/08/05 15:44:883339 INFO  fd total count:1 - EPollPoller.cc:34
2025/08/05 15:44:212384 DEBUG timeout! - EPollPoller.cc:62
2025/08/05 15:44:212417 INFO  fd total count:16 - EPollPoller.cc:34
2025/08/05 15:44:450302 DEBUG timeout! - EPollPoller.cc:62
2025/08/05 15:44:450359 INFO  fd total count:2 - EPollPoller.cc:34
2025/08/05 15:44:881726 DEBUG timeout! - EPollPoller.cc:62
2025/08/05 15:44:881760 INFO  fd total count:1 - EPollPoller.cc:34
2025/08/05 15:44:881831 DEBUG timeout! - EPollPoller.cc:62
2025/08/05 15:44:881858 INFO  fd total count:1 - EPollPoller.cc:34
2025/08/05 15:44:893377 DEBUG timeout! - EPollPoller.cc:62
2025/08/05 15:44:893397 INFO  fd total count:1 - EPollPoller.cc:34
2025/08/05 15:44:222462 DEBUG timeout! - EPollPoller.cc:62
2025/08/05 15:44:222496 INFO  fd total count:16 - EPollPoller.cc:34
2025/08/05 15:44:460400 DEBUG timeout! - EPollPoller.cc:62
2025/08/05 15:44:460429 INFO  fd total count:2 - EPollPoller.cc:34
2025/08/05 15:44:891799 DEBUG timeout! - EPollPoller.cc:62
2025/08/05 15:44:891829 INFO  fd total count:1 - EPollPoller.cc:34
2025/08/05 15:44:891889 DEBUG timeout! - EPollPoller.cc:62
2025/08/05 15:44:891913 INFO  fd total count:1 - EPollPoller.cc:34
2025/08/05 15:44:903424 DEBUG timeout! - EPollPoller.cc:62
2025/08/05 15:44:903443 INFO  fd total count:1 - EPollPoller.cc:34
2025/08/05 15:44:232555 DEBUG timeout! - EPollPoller.cc:62
2025/08/05 15:44:232588 INFO  fd total count:16 - EPollPoller.cc:34
2025/08/05 15:44:470459 DEBUG timeout! - EPollPoller.cc:62
2025/08/05 15:44:470487 INFO  fd total count:2 - EPollPoller.cc:34
2025/08/05 15:44:901866 DEBUG timeout! - EPollPoller.cc:62
2025/08/05 15:44:901898 INFO  fd total count:1 - EPollPoller.cc:34
2025/08/05 15:44:901962 DEBUG timeout! - EPollPoller.cc:62
2025/08/05 15:44:901987 INFO  fd total count:1 - EPollPoller.cc:34
2025/08/05 15:44:913516 DEBUG timeout! - EPollPoller.cc:62
2025/08/05 15:44:913535 INFO  fd total count:1 - EPollPoller.cc:34
2025/08/05 15:45:242672 DEBUG timeout! - EPollPoller.cc:62
2025/08/05 15:45:242718 INFO  fd total count:16 - EPollPoller.cc:34
2025/08/05 15:45:480539 DEBUG timeout! - EPollPoller.cc:62
2025/08/05 15:45:480570 INFO  fd total count:2 - EPollPoller.cc:34
2025/08/05 15:45:911952 DEBUG timeout! - EPollPoller.cc:62
2025/08/05 15:45:912011 INFO  fd total count:1 - EPollPoller.cc:34
2025/08/05 15:45:912061 DEBUG timeout! - EPollPoller.cc:62
2025/08/05 15:45:912120 INFO  fd total count:1 - EPollPoller.cc:34
2025/08/05 15:45:923600 DEBUG timeout! - EPollPoller.cc:62
2025/08/05 15:45:923620 INFO  fd total count:1 - EPollPoller.cc:34
2025/08/05 15:45:252767 DEBUG timeout! - EPollPoller.cc:62
2025/08/05 15:45:252801 INFO  fd total count:16 - EPollPoller.cc:34
2025/08/05 15:45:490599 DEBUG timeout! - EPollPoller.cc:62
2025/08/05 15:45:490626 INFO  fd total count:2 - EPollPoller.cc:34
2025/08/05 15:45:922093 DEBUG timeout! - EPollPoller.cc:62
2025/08/05 15:45:922150 INFO  fd total count:1 - EPollPoller.cc:34
2025/08/05 15:45:922181 DEBUG timeout! - EPollPoller.cc:62
2025/08/05 15:45:922217 INFO  fd total count:1 - EPollPoller.cc:34
2025/08/05 15:45:933663 DEBUG timeout! - EPollPoller.cc:62
2025/08/05 15:45:933686 INFO  fd total count:1 - EPollPoller.cc:34
2025/08/05 15:45:262865 DEBUG timeout! - EPollPoller.cc:62
2025/08/05 15:45:262902 INFO  fd total count:16 - EPollPoller.cc:34
2025/08/05 15:45:498301 DEBUG timeout! - EPollPoller.cc:62
2025/08/05 15:45:498332 INFO  fd total count:2 - EPollPoller.cc:34
2025/08/05 15:45:932196 DEBUG timeout! - EPollPoller.cc:62
2025/08/05 15:45:932226 INFO  fd total count:1 - EPollPoller.cc:34
2025/08/05 15:45:932323 DEBUG timeout! - EPollPoller.cc:62
2025/08/05 15:45:932377 INFO  fd total count:1 - EPollPoller.cc:34
2025/08/05 15:45:943766 DEBUG timeout! - EPollPoller.cc:62
2025/08/05 15:45:943787 INFO  fd total count:1 - EPollPoller.cc:34
2025/08/05 15:45:272955 DEBUG timeout! - EPollPoller.cc:62
2025/08/05 15:45:272990 INFO  fd total count:16 - EPollPoller.cc:34
2025/08/05 15:45:499814 DEBUG timeout! - EPollPoller.cc:62
2025/08/05 15:45:499875 INFO  fd total count:2 - EPollPoller.cc:34
2025/08/05 15:45:942270 DEBUG timeout! - EPollPoller.cc:62
2025/08/05 15:45:942299 INFO  fd total count:1 - EPollPoller.cc:34
2025/08/05 15:45:942499 DEBUG timeout! - EPollPoller.cc:62
2025/08/05 15:45:942551 INFO  fd total count:1 - EPollPoller.cc:34
2025/08/05 15:45:953866 DEBUG timeout! - EPollPoller.cc:62
2025/08/05 15:45:953887 INFO  fd total count:1 - EPollPoller.cc:34
2025/08/05 15:45:283035 DEBUG timeout! - EPollPoller.cc:62
2025/08/05 15:45:283072 INFO  fd total count:16 - EPollPoller.cc:34
2025/08/05 15:45:509933 DEBUG timeout! - EPollPoller.cc:62
2025/08/05 15:45:509962 INFO  fd total count:2 - EPollPoller.cc:34
2025/08/05 15:45:952329 DEBUG timeout! - EPollPoller.cc:62
2025/08/05 15:45:952364 INFO  fd total count:1 - EPollPoller.cc:34
2025/08/05 15:45:952607 DEBUG timeout! - EPollPoller.cc:62
2025/08/05 15:45:952630 INFO  fd total count:1 - EPollPoller.cc:34
2025/08/05 15:45:963929 DEBUG timeout! - EPollPoller.cc:62
2025/08/05 15:45:963948 INFO  fd total count:1 - EPollPoller.cc:34
2025/08/05 15:45:293115 DEBUG timeout! - EPollPoller.cc:62
2025/08/05 15:45:293152 INFO  fd total count:16 - EPollPoller.cc:34
2025/08/05 15:45:520021 DEBUG timeout! - EPollPoller.cc:62
2025/08/05 15:45:520055 INFO  fd total count:2 - EPollPoller.cc:34
2025/08/05 15:45:962437 DEBUG timeout! - EPollPoller.cc:62
2025/08/05 15:45:962472 INFO  fd total count:1 - EPollPoller.cc:34
2025/08/05 15:45:962690 DEBUG timeout! - EPollPoller.cc:62
2025/08/05 15:45:962716 INFO  fd total count:1 - EPollPoller.cc:34
2025/08/05 15:45:974013 DEBUG timeout! - EPollPoller.cc:62
2025/08/05 15:45:974033 INFO  fd total count:1 - EPollPoller.cc:34
2025/08/05 15:46:303209 DEBUG timeout! - EPollPoller.cc:62
2025/08/05 15:46:303250 INFO  fd total count:16 - EPollPoller.cc:34
2025/08/05 15:46:530088 DEBUG timeout! - EPollPoller.cc:62
2025/08/05 15:46:530124 INFO  fd total count:2 - EPollPoller.cc:34
2025/08/05 15:46:972468 DEBUG timeout! - EPollPoller.cc:62
2025/08/05 15:46:972504 INFO  fd total count:1 - EPollPoller.cc:34
2025/08/05 15:46:972759 DEBUG timeout! - EPollPoller.cc:62
2025/08/05 15:46:972785 INFO  fd total count:1 - EPollPoller.cc:34
2025/08/05 15:46:984077 DEBUG timeout! - EPollPoller.cc:62
2025/08/05 15:46:984095 INFO  fd total count:1 - EPollPoller.cc:34
2025/08/05 15:46:313353 DEBUG timeout! - EPollPoller.cc:62
2025/08/05 15:46:313418 INFO  fd total count:16 - EPollPoller.cc:34
2025/08/05 15:46:540168 DEBUG timeout! - EPollPoller.cc:62
2025/08/05 15:46:540203 INFO  fd total count:2 - EPollPoller.cc:34
2025/08/05 15:46:982538 DEBUG timeout! - EPollPoller.cc:62
2025/08/05 15:46:982571 INFO  fd total count:1 - EPollPoller.cc:34
2025/08/05 15:46:982811 DEBUG timeout! - EPollPoller.cc:62
2025/08/05 15:46:982836 INFO  fd total count:1 - EPollPoller.cc:34
2025/08/05 15:46:994131 DEBUG timeout! - EPollPoller.cc:62
2025/08/05 15:46:994149 INFO  fd total count:1 - EPollPoller.cc:34
2025/08/05 15:46:347904 INFO  events happend1 - EPollPoller.cc:51
2025/08/05 15:46:347935 INFO  channel handleEvent revents:1 - Channel.cc:96
2025/08/05 15:46:347995 INFO  HTTP GET / 从  - Middleware.cc:57
2025/08/05 15:46:349456 INFO  HTTP GET / 响应 200 (1ms) - Middleware.cc:68
2025/08/05 15:46:349522 INFO  fd total count:16 - EPollPoller.cc:34
2025/08/05 15:46:397882 INFO  events happend1 - EPollPoller.cc:51
2025/08/05 15:46:397897 INFO  channel handleEvent revents:1 - Channel.cc:96
2025/08/05 15:46:397948 INFO  HTTP GET /css/openwebui-style.css 从  - Middleware.cc:57
2025/08/05 15:46:399347 INFO  HTTP GET /css/openwebui-style.css 响应 200 (1ms) - Middleware.cc:68
2025/08/05 15:46:399395 INFO  fd total count:16 - EPollPoller.cc:34
2025/08/05 15:46:407898 INFO  events happend1 - EPollPoller.cc:51
2025/08/05 15:46:407905 INFO  channel handleEvent revents:1 - Channel.cc:96
2025/08/05 15:46:407940 INFO  HTTP GET /css/admin-modal.css 从  - Middleware.cc:57
2025/08/05 15:46:408907 INFO  HTTP GET /css/admin-modal.css 响应 200 (0ms) - Middleware.cc:68
2025/08/05 15:46:408948 INFO  fd total count:16 - EPollPoller.cc:34
2025/08/05 15:46:416253 INFO  events happend1 - EPollPoller.cc:51
2025/08/05 15:46:416258 INFO  channel handleEvent revents:1 - Channel.cc:96
2025/08/05 15:46:416293 INFO  HTTP GET /js/openwebui-app.js 从  - Middleware.cc:57
2025/08/05 15:46:418577 INFO  HTTP GET /js/openwebui-app.js 响应 200 (2ms) - Middleware.cc:68
2025/08/05 15:46:418622 INFO  fd total count:16 - EPollPoller.cc:34
2025/08/05 15:46:426170 INFO  events happend1 - EPollPoller.cc:51
2025/08/05 15:46:426175 INFO  channel handleEvent revents:1 - Channel.cc:96
2025/08/05 15:46:426206 INFO  HTTP GET /js/admin-console.js 从  - Middleware.cc:57
2025/08/05 15:46:427353 INFO  HTTP GET /js/admin-console.js 响应 200 (1ms) - Middleware.cc:68
2025/08/05 15:46:427388 INFO  fd total count:16 - EPollPoller.cc:34
2025/08/05 15:46:436594 INFO  events happend1 - EPollPoller.cc:51
2025/08/05 15:46:436605 INFO  channel handleEvent revents:1 - Channel.cc:96
2025/08/05 15:46:436661 INFO  HTTP GET /api/models 从  - Middleware.cc:57
2025/08/05 15:46:436694 INFO  HTTP GET /api/models 响应 200 (0ms) - Middleware.cc:68
2025/08/05 15:46:436728 INFO  fd total count:16 - EPollPoller.cc:34
2025/08/05 15:46:445516 INFO  events happend1 - EPollPoller.cc:51
2025/08/05 15:46:445522 INFO  channel handleEvent revents:1 - Channel.cc:96
2025/08/05 15:46:445548 INFO  HTTP GET /api/status 从  - Middleware.cc:57
2025/08/05 15:46:445563 INFO  HTTP GET /api/status 响应 200 (0ms) - Middleware.cc:68
2025/08/05 15:46:445590 INFO  fd total count:16 - EPollPoller.cc:34
2025/08/05 15:46:695437 INFO  events happend1 - EPollPoller.cc:51
2025/08/05 15:46:695463 INFO  channel handleEvent revents:1 - Channel.cc:96
2025/08/05 15:46:695487 INFO  使用一致性哈希选择线程，索引=0 - EventLoopThreadPool.cc:114
2025/08/05 15:46:695495 INFO  TcpServer::newConnection [KamaHttpServer]- new connection [KamaHttpServer-0.0.0.0:8080#19]from %s127.0.0.1:38518 - TcpServer.cc:96
2025/08/05 15:46:695509 INFO  TcpConnection::ctor:[KamaHttpServer-0.0.0.0:8080#19]at fd=35 - TcpConnection.cc:52
2025/08/05 15:46:695541 INFO  fd total count:2 - EPollPoller.cc:34
2025/08/05 15:46:695572 INFO  events happend1 - EPollPoller.cc:51
2025/08/05 15:46:695594 INFO  channel handleEvent revents:1 - Channel.cc:96
2025/08/05 15:46:695606 INFO  func =>fd35events=3index=-1 - EPollPoller.cc:91
2025/08/05 15:46:695627 INFO  New HTTP connection from: 127.0.0.1:38518 - HttpServer.cc:70
2025/08/05 15:46:695635 INFO  fd total count:17 - EPollPoller.cc:34
2025/08/05 15:46:709945 INFO  events happend1 - EPollPoller.cc:51
2025/08/05 15:46:709967 INFO  channel handleEvent revents:1 - Channel.cc:96
2025/08/05 15:46:709991 INFO  使用一致性哈希选择线程，索引=0 - EventLoopThreadPool.cc:114
2025/08/05 15:46:709997 INFO  TcpServer::newConnection [KamaHttpServer]- new connection [KamaHttpServer-0.0.0.0:8080#20]from %s127.0.0.1:38520 - TcpServer.cc:96
2025/08/05 15:46:710016 INFO  TcpConnection::ctor:[KamaHttpServer-0.0.0.0:8080#20]at fd=36 - TcpConnection.cc:52
2025/08/05 15:46:710044 INFO  fd total count:2 - EPollPoller.cc:34
2025/08/05 15:46:710075 INFO  events happend1 - EPollPoller.cc:51
2025/08/05 15:46:710094 INFO  channel handleEvent revents:1 - Channel.cc:96
2025/08/05 15:46:710115 INFO  func =>fd36events=3index=-1 - EPollPoller.cc:91
2025/08/05 15:46:710132 INFO  New HTTP connection from: 127.0.0.1:38520 - HttpServer.cc:70
2025/08/05 15:46:710139 INFO  fd total count:18 - EPollPoller.cc:34
2025/08/05 15:46:710580 INFO  events happend1 - EPollPoller.cc:51
2025/08/05 15:46:710585 INFO  channel handleEvent revents:1 - Channel.cc:96
2025/08/05 15:46:710596 INFO  使用一致性哈希选择线程，索引=0 - EventLoopThreadPool.cc:114
2025/08/05 15:46:710600 INFO  TcpServer::newConnection [KamaHttpServer]- new connection [KamaHttpServer-0.0.0.0:8080#21]from %s127.0.0.1:38522 - TcpServer.cc:96
2025/08/05 15:46:710610 INFO  TcpConnection::ctor:[KamaHttpServer-0.0.0.0:8080#21]at fd=37 - TcpConnection.cc:52
2025/08/05 15:46:710629 INFO  fd total count:2 - EPollPoller.cc:34
2025/08/05 15:46:710636 INFO  events happend1 - EPollPoller.cc:51
2025/08/05 15:46:710639 INFO  channel handleEvent revents:1 - Channel.cc:96
2025/08/05 15:46:710644 INFO  func =>fd37events=3index=-1 - EPollPoller.cc:91
2025/08/05 15:46:710652 INFO  New HTTP connection from: 127.0.0.1:38522 - HttpServer.cc:70
2025/08/05 15:46:710656 INFO  fd total count:19 - EPollPoller.cc:34
2025/08/05 15:46:769278 INFO  events happend1 - EPollPoller.cc:51
2025/08/05 15:46:769299 INFO  channel handleEvent revents:1 - Channel.cc:96
2025/08/05 15:46:769322 INFO  使用一致性哈希选择线程，索引=0 - EventLoopThreadPool.cc:114
2025/08/05 15:46:769328 INFO  TcpServer::newConnection [KamaHttpServer]- new connection [KamaHttpServer-0.0.0.0:8080#22]from %s127.0.0.1:38524 - TcpServer.cc:96
2025/08/05 15:46:769341 INFO  TcpConnection::ctor:[KamaHttpServer-0.0.0.0:8080#22]at fd=38 - TcpConnection.cc:52
2025/08/05 15:46:769387 INFO  fd total count:2 - EPollPoller.cc:34
2025/08/05 15:46:769397 INFO  events happend1 - EPollPoller.cc:51
2025/08/05 15:46:769412 INFO  channel handleEvent revents:1 - Channel.cc:96
2025/08/05 15:46:769422 INFO  func =>fd38events=3index=-1 - EPollPoller.cc:91
2025/08/05 15:46:769437 INFO  New HTTP connection from: 127.0.0.1:38524 - HttpServer.cc:70
2025/08/05 15:46:769444 INFO  fd total count:20 - EPollPoller.cc:34
2025/08/05 15:46:992572 DEBUG timeout! - EPollPoller.cc:62
2025/08/05 15:46:992605 INFO  fd total count:1 - EPollPoller.cc:34
2025/08/05 15:46:992884 DEBUG timeout! - EPollPoller.cc:62
2025/08/05 15:46:992911 INFO  fd total count:1 - EPollPoller.cc:34
2025/08/05 15:46:004162 DEBUG timeout! - EPollPoller.cc:62
2025/08/05 15:46:004184 INFO  fd total count:1 - EPollPoller.cc:34
2025/08/05 15:46:779305 DEBUG timeout! - EPollPoller.cc:62
2025/08/05 15:46:779333 INFO  fd total count:2 - EPollPoller.cc:34
2025/08/05 15:46:779487 DEBUG timeout! - EPollPoller.cc:62
2025/08/05 15:46:779512 INFO  fd total count:20 - EPollPoller.cc:34
2025/08/05 15:46:002505 DEBUG timeout! - EPollPoller.cc:62
2025/08/05 15:46:002539 INFO  fd total count:1 - EPollPoller.cc:34
2025/08/05 15:46:002951 DEBUG timeout! - EPollPoller.cc:62
2025/08/05 15:46:002975 INFO  fd total count:1 - EPollPoller.cc:34
2025/08/05 15:46:014232 DEBUG timeout! - EPollPoller.cc:62
2025/08/05 15:46:014253 INFO  fd total count:1 - EPollPoller.cc:34
2025/08/05 15:46:251208 INFO  events happend1 - EPollPoller.cc:51
2025/08/05 15:46:251240 INFO  channel handleEvent revents:1 - Channel.cc:96
2025/08/05 15:46:251315 INFO  HTTP GET / 从  - Middleware.cc:57
2025/08/05 15:46:252767 INFO  HTTP GET / 响应 200 (1ms) - Middleware.cc:68
2025/08/05 15:46:252833 INFO  fd total count:20 - EPollPoller.cc:34
2025/08/05 15:46:277583 INFO  events happend1 - EPollPoller.cc:51
2025/08/05 15:46:277591 INFO  channel handleEvent revents:1 - Channel.cc:96
2025/08/05 15:46:277631 INFO  HTTP GET /css/openwebui-style.css 从  - Middleware.cc:57
2025/08/05 15:46:279018 INFO  HTTP GET /css/openwebui-style.css 响应 200 (1ms) - Middleware.cc:68
2025/08/05 15:46:279068 INFO  fd total count:20 - EPollPoller.cc:34
2025/08/05 15:46:279810 INFO  events happend1 - EPollPoller.cc:51
2025/08/05 15:46:279814 INFO  channel handleEvent revents:1 - Channel.cc:96
2025/08/05 15:46:279846 INFO  HTTP GET /js/admin-console.js 从  - Middleware.cc:57
2025/08/05 15:46:280984 INFO  HTTP GET /js/admin-console.js 响应 200 (1ms) - Middleware.cc:68
2025/08/05 15:46:281028 INFO  fd total count:20 - EPollPoller.cc:34
2025/08/05 15:46:281035 INFO  events happend2 - EPollPoller.cc:51
2025/08/05 15:46:281038 INFO  channel handleEvent revents:1 - Channel.cc:96
2025/08/05 15:46:281067 INFO  HTTP GET /css/admin-modal.css 从  - Middleware.cc:57
2025/08/05 15:46:282028 INFO  HTTP GET /css/admin-modal.css 响应 200 (0ms) - Middleware.cc:68
2025/08/05 15:46:282065 INFO  channel handleEvent revents:1 - Channel.cc:96
2025/08/05 15:46:282091 INFO  HTTP GET /js/openwebui-app.js 从  - Middleware.cc:57
2025/08/05 15:46:284275 INFO  HTTP GET /js/openwebui-app.js 响应 200 (2ms) - Middleware.cc:68
2025/08/05 15:46:284319 INFO  fd total count:20 - EPollPoller.cc:34
2025/08/05 15:46:334754 INFO  events happend1 - EPollPoller.cc:51
2025/08/05 15:46:334760 INFO  channel handleEvent revents:1 - Channel.cc:96
2025/08/05 15:46:334791 INFO  HTTP GET /api/models 从  - Middleware.cc:57
2025/08/05 15:46:334804 INFO  HTTP GET /api/models 响应 200 (0ms) - Middleware.cc:68
2025/08/05 15:46:334832 INFO  fd total count:20 - EPollPoller.cc:34
2025/08/05 15:46:335872 INFO  events happend1 - EPollPoller.cc:51
2025/08/05 15:46:335876 INFO  channel handleEvent revents:1 - Channel.cc:96
2025/08/05 15:46:335903 INFO  HTTP GET /api/status 从  - Middleware.cc:57
2025/08/05 15:46:335917 INFO  HTTP GET /api/status 响应 200 (0ms) - Middleware.cc:68
2025/08/05 15:46:335942 INFO  fd total count:20 - EPollPoller.cc:34
2025/08/05 15:46:789414 DEBUG timeout! - EPollPoller.cc:62
2025/08/05 15:46:789512 INFO  fd total count:2 - EPollPoller.cc:34
2025/08/05 15:46:322126 INFO  events happend1 - EPollPoller.cc:51
2025/08/05 15:46:322160 INFO  channel handleEvent revents:1 - Channel.cc:96
2025/08/05 15:46:322228 INFO  HTTP GET /api/status 从  - Middleware.cc:57
2025/08/05 15:46:322250 INFO  HTTP GET /api/status 响应 200 (0ms) - Middleware.cc:68
2025/08/05 15:46:322318 INFO  fd total count:20 - EPollPoller.cc:34
2025/08/05 15:46:327993 INFO  events happend1 - EPollPoller.cc:51
2025/08/05 15:46:327998 INFO  channel handleEvent revents:1 - Channel.cc:96
2025/08/05 15:46:328032 INFO  HTTP GET /api/status 从  - Middleware.cc:57
2025/08/05 15:46:328045 INFO  HTTP GET /api/status 响应 200 (0ms) - Middleware.cc:68
2025/08/05 15:46:328077 INFO  fd total count:20 - EPollPoller.cc:34
2025/08/05 15:46:012534 DEBUG timeout! - EPollPoller.cc:62
2025/08/05 15:46:012567 INFO  fd total count:1 - EPollPoller.cc:34
2025/08/05 15:46:013018 DEBUG timeout! - EPollPoller.cc:62
2025/08/05 15:46:013044 INFO  fd total count:1 - EPollPoller.cc:34
2025/08/05 15:46:024304 DEBUG timeout! - EPollPoller.cc:62
2025/08/05 15:46:024325 INFO  fd total count:1 - EPollPoller.cc:34
2025/08/05 15:46:799529 DEBUG timeout! - EPollPoller.cc:62
2025/08/05 15:46:799556 INFO  fd total count:2 - EPollPoller.cc:34
2025/08/05 15:46:338135 DEBUG timeout! - EPollPoller.cc:62
2025/08/05 15:46:338165 INFO  fd total count:20 - EPollPoller.cc:34
2025/08/05 15:46:022632 DEBUG timeout! - EPollPoller.cc:62
2025/08/05 15:46:022668 INFO  fd total count:1 - EPollPoller.cc:34
2025/08/05 15:46:023081 DEBUG timeout! - EPollPoller.cc:62
2025/08/05 15:46:023106 INFO  fd total count:1 - EPollPoller.cc:34
2025/08/05 15:46:034328 DEBUG timeout! - EPollPoller.cc:62
2025/08/05 15:46:034352 INFO  fd total count:1 - EPollPoller.cc:34
2025/08/05 15:46:805728 DEBUG timeout! - EPollPoller.cc:62
2025/08/05 15:46:805762 INFO  fd total count:2 - EPollPoller.cc:34
2025/08/05 15:46:348203 DEBUG timeout! - EPollPoller.cc:62
2025/08/05 15:46:348238 INFO  fd total count:20 - EPollPoller.cc:34
2025/08/05 15:47:032678 DEBUG timeout! - EPollPoller.cc:62
2025/08/05 15:47:032712 INFO  fd total count:1 - EPollPoller.cc:34
2025/08/05 15:47:033134 DEBUG timeout! - EPollPoller.cc:62
2025/08/05 15:47:033155 INFO  fd total count:1 - EPollPoller.cc:34
2025/08/05 15:47:044393 DEBUG timeout! - EPollPoller.cc:62
2025/08/05 15:47:044413 INFO  fd total count:1 - EPollPoller.cc:34
2025/08/05 15:47:815799 DEBUG timeout! - EPollPoller.cc:62
2025/08/05 15:47:815832 INFO  fd total count:2 - EPollPoller.cc:34
2025/08/05 15:47:358278 DEBUG timeout! - EPollPoller.cc:62
2025/08/05 15:47:358309 INFO  fd total count:20 - EPollPoller.cc:34
2025/08/05 15:47:042743 DEBUG timeout! - EPollPoller.cc:62
2025/08/05 15:47:042774 INFO  fd total count:1 - EPollPoller.cc:34
2025/08/05 15:47:043196 DEBUG timeout! - EPollPoller.cc:62
2025/08/05 15:47:043220 INFO  fd total count:1 - EPollPoller.cc:34
2025/08/05 15:47:054466 DEBUG timeout! - EPollPoller.cc:62
2025/08/05 15:47:054520 INFO  fd total count:1 - EPollPoller.cc:34
2025/08/05 15:47:825857 DEBUG timeout! - EPollPoller.cc:62
2025/08/05 15:47:825886 INFO  fd total count:2 - EPollPoller.cc:34
2025/08/05 15:47:368355 DEBUG timeout! - EPollPoller.cc:62
2025/08/05 15:47:368385 INFO  fd total count:20 - EPollPoller.cc:34
2025/08/05 15:47:052806 DEBUG timeout! - EPollPoller.cc:62
2025/08/05 15:47:052836 INFO  fd total count:1 - EPollPoller.cc:34
2025/08/05 15:47:053237 DEBUG timeout! - EPollPoller.cc:62
2025/08/05 15:47:053260 INFO  fd total count:1 - EPollPoller.cc:34
2025/08/05 15:47:064530 DEBUG timeout! - EPollPoller.cc:62
2025/08/05 15:47:064553 INFO  fd total count:1 - EPollPoller.cc:34
2025/08/05 15:47:835928 DEBUG timeout! - EPollPoller.cc:62
2025/08/05 15:47:835960 INFO  fd total count:2 - EPollPoller.cc:34
2025/08/05 15:47:378416 DEBUG timeout! - EPollPoller.cc:62
2025/08/05 15:47:378448 INFO  fd total count:20 - EPollPoller.cc:34
2025/08/05 15:47:703426 INFO  events happend1 - EPollPoller.cc:51
2025/08/05 15:47:703457 INFO  channel handleEvent revents:1 - Channel.cc:96
2025/08/05 15:47:703526 INFO  HTTP GET /api/status 从  - Middleware.cc:57
2025/08/05 15:47:703547 INFO  HTTP GET /api/status 响应 200 (0ms) - Middleware.cc:68
2025/08/05 15:47:703604 INFO  fd total count:20 - EPollPoller.cc:34
2025/08/05 15:47:711664 INFO  events happend1 - EPollPoller.cc:51
2025/08/05 15:47:711672 INFO  channel handleEvent revents:1 - Channel.cc:96
2025/08/05 15:47:711712 INFO  HTTP GET /api/status 从  - Middleware.cc:57
2025/08/05 15:47:711725 INFO  HTTP GET /api/status 响应 200 (0ms) - Middleware.cc:68
2025/08/05 15:47:711761 INFO  fd total count:20 - EPollPoller.cc:34
2025/08/05 15:47:062865 DEBUG timeout! - EPollPoller.cc:62
2025/08/05 15:47:062901 INFO  fd total count:1 - EPollPoller.cc:34
2025/08/05 15:47:063306 DEBUG timeout! - EPollPoller.cc:62
2025/08/05 15:47:063334 INFO  fd total count:1 - EPollPoller.cc:34
2025/08/05 15:47:074547 DEBUG timeout! - EPollPoller.cc:62
2025/08/05 15:47:074567 INFO  fd total count:1 - EPollPoller.cc:34
2025/08/05 15:47:509324 INFO  events happend1 - EPollPoller.cc:51
2025/08/05 15:47:509354 INFO  channel handleEvent revents:1 - Channel.cc:96
2025/08/05 15:47:509420 INFO  HTTP GET /api/status 从  - Middleware.cc:57
2025/08/05 15:47:509438 INFO  HTTP GET /api/status 响应 200 (0ms) - Middleware.cc:68
2025/08/05 15:47:509486 INFO  fd total count:20 - EPollPoller.cc:34
2025/08/05 15:47:514109 INFO  events happend1 - EPollPoller.cc:51
2025/08/05 15:47:514130 INFO  channel handleEvent revents:1 - Channel.cc:96
2025/08/05 15:47:514184 INFO  HTTP GET /api/status 从  - Middleware.cc:57
2025/08/05 15:47:514202 INFO  HTTP GET /api/status 响应 200 (0ms) - Middleware.cc:68
2025/08/05 15:47:514253 INFO  fd total count:20 - EPollPoller.cc:34
2025/08/05 15:47:707329 INFO  events happend1 - EPollPoller.cc:51
2025/08/05 15:47:707361 INFO  channel handleEvent revents:1 - Channel.cc:96
2025/08/05 15:47:707432 INFO  HTTP GET /api/status 从  - Middleware.cc:57
2025/08/05 15:47:707453 INFO  HTTP GET /api/status 响应 200 (0ms) - Middleware.cc:68
2025/08/05 15:47:707509 INFO  fd total count:20 - EPollPoller.cc:34
2025/08/05 15:47:885840 INFO  events happend1 - EPollPoller.cc:51
2025/08/05 15:47:885873 INFO  channel handleEvent revents:1 - Channel.cc:96
2025/08/05 15:47:885941 INFO  HTTP GET /api/status 从  - Middleware.cc:57
2025/08/05 15:47:885961 INFO  HTTP GET /api/status 响应 200 (0ms) - Middleware.cc:68
2025/08/05 15:47:886012 INFO  fd total count:20 - EPollPoller.cc:34
2025/08/05 15:47:890489 INFO  events happend1 - EPollPoller.cc:51
2025/08/05 15:47:890498 INFO  channel handleEvent revents:1 - Channel.cc:96
2025/08/05 15:47:890541 INFO  HTTP GET /api/status 从  - Middleware.cc:57
2025/08/05 15:47:890555 INFO  HTTP GET /api/status 响应 200 (0ms) - Middleware.cc:68
2025/08/05 15:47:890596 INFO  fd total count:20 - EPollPoller.cc:34
2025/08/05 15:47:422278 INFO  events happend1 - EPollPoller.cc:51
2025/08/05 15:47:422311 INFO  channel handleEvent revents:1 - Channel.cc:96
2025/08/05 15:47:422380 INFO  HTTP GET /api/status 从  - Middleware.cc:57
2025/08/05 15:47:422400 INFO  HTTP GET /api/status 响应 200 (0ms) - Middleware.cc:68
2025/08/05 15:47:422453 INFO  fd total count:20 - EPollPoller.cc:34
2025/08/05 15:47:427839 INFO  events happend1 - EPollPoller.cc:51
2025/08/05 15:47:427847 INFO  channel handleEvent revents:1 - Channel.cc:96
2025/08/05 15:47:427887 INFO  HTTP GET /api/status 从  - Middleware.cc:57
2025/08/05 15:47:427901 INFO  HTTP GET /api/status 响应 200 (0ms) - Middleware.cc:68
2025/08/05 15:47:427938 INFO  fd total count:20 - EPollPoller.cc:34
2025/08/05 15:47:846001 DEBUG timeout! - EPollPoller.cc:62
2025/08/05 15:47:846034 INFO  fd total count:2 - EPollPoller.cc:34
2025/08/05 15:47:707022 INFO  events happend1 - EPollPoller.cc:51
2025/08/05 15:47:707052 INFO  channel handleEvent revents:1 - Channel.cc:96
2025/08/05 15:47:707120 INFO  HTTP GET /api/status 从  - Middleware.cc:57
2025/08/05 15:47:707140 INFO  HTTP GET /api/status 响应 200 (0ms) - Middleware.cc:68
2025/08/05 15:47:707194 INFO  fd total count:20 - EPollPoller.cc:34
2025/08/05 15:47:072939 DEBUG timeout! - EPollPoller.cc:62
2025/08/05 15:47:072970 INFO  fd total count:1 - EPollPoller.cc:34
2025/08/05 15:47:073397 DEBUG timeout! - EPollPoller.cc:62
2025/08/05 15:47:073447 INFO  fd total count:1 - EPollPoller.cc:34
2025/08/05 15:47:084686 DEBUG timeout! - EPollPoller.cc:62
2025/08/05 15:47:084735 INFO  fd total count:1 - EPollPoller.cc:34
2025/08/05 15:47:397719 INFO  events happend1 - EPollPoller.cc:51
2025/08/05 15:47:397753 INFO  channel handleEvent revents:1 - Channel.cc:96
2025/08/05 15:47:397822 INFO  HTTP GET /api/status 从  - Middleware.cc:57
2025/08/05 15:47:397843 INFO  HTTP GET /api/status 响应 200 (0ms) - Middleware.cc:68
2025/08/05 15:47:397898 INFO  fd total count:20 - EPollPoller.cc:34
2025/08/05 15:47:401872 INFO  events happend1 - EPollPoller.cc:51
2025/08/05 15:47:401879 INFO  channel handleEvent revents:1 - Channel.cc:96
2025/08/05 15:47:401916 INFO  HTTP GET /api/status 从  - Middleware.cc:57
2025/08/05 15:47:401929 INFO  HTTP GET /api/status 响应 200 (0ms) - Middleware.cc:68
2025/08/05 15:47:401963 INFO  fd total count:20 - EPollPoller.cc:34
2025/08/05 15:47:862859 INFO  events happend1 - EPollPoller.cc:51
2025/08/05 15:47:862892 INFO  channel handleEvent revents:1 - Channel.cc:96
2025/08/05 15:47:862960 INFO  HTTP GET /api/status 从  - Middleware.cc:57
2025/08/05 15:47:862980 INFO  HTTP GET /api/status 响应 200 (0ms) - Middleware.cc:68
2025/08/05 15:47:863037 INFO  fd total count:20 - EPollPoller.cc:34
2025/08/05 15:47:867656 INFO  events happend1 - EPollPoller.cc:51
2025/08/05 15:47:867671 INFO  channel handleEvent revents:1 - Channel.cc:96
2025/08/05 15:47:867719 INFO  HTTP GET /api/status 从  - Middleware.cc:57
2025/08/05 15:47:867734 INFO  HTTP GET /api/status 响应 200 (0ms) - Middleware.cc:68
2025/08/05 15:47:867775 INFO  fd total count:20 - EPollPoller.cc:34
2025/08/05 15:47:856073 DEBUG timeout! - EPollPoller.cc:62
2025/08/05 15:47:856105 INFO  fd total count:2 - EPollPoller.cc:34
2025/08/05 15:47:102358 INFO  events happend1 - EPollPoller.cc:51
2025/08/05 15:47:102389 INFO  channel handleEvent revents:1 - Channel.cc:96
2025/08/05 15:47:102460 INFO  HTTP POST /api/admin/clear-cache 从  - Middleware.cc:57
2025/08/05 15:47:102474 INFO  清除所有响应缓存... - DatabaseService.cc:87
2025/08/05 15:47:103204 INFO  尝试连接MySQL - Host: 127.0.0.1, Port: 3306, DB: kama_llm, User: root - DatabaseManager.cpp:86
2025/08/05 15:47:163762 INFO  MySQL连接成功: 127.0.0.1:3306/kama_llm - DatabaseManager.cpp:120
2025/08/05 15:47:164111 ERROR SQL执行失败: Table 'kama_llm.llm_cache' doesn't exist, SQL: DELETE FROM llm_cache WHERE last_accessed < 1754380070 - DatabaseManager.cpp:241
2025/08/05 15:47:165006 INFO  尝试连接MySQL - Host: 127.0.0.1, Port: 3306, DB: kama_llm, User: root - DatabaseManager.cpp:86
2025/08/05 15:47:224951 INFO  MySQL连接成功: 127.0.0.1:3306/kama_llm - DatabaseManager.cpp:120
2025/08/05 15:47:225257 ERROR SQL执行失败: Table 'kama_llm.llm_cache' doesn't exist, SQL: SELECT COUNT(*) FROM llm_cache - DatabaseManager.cpp:241
2025/08/05 15:47:225264 INFO  缓存已清空 - DatabaseService.cc:94
2025/08/05 15:47:225304 INFO  缓存清理完成，共清理 1 项 - main_http_modular.cc:376
2025/08/05 15:47:225314 INFO  HTTP POST /api/admin/clear-cache 响应 200 (122ms) - Middleware.cc:68
2025/08/05 15:47:225360 INFO  fd total count:20 - EPollPoller.cc:34
2025/08/05 15:47:083006 DEBUG timeout! - EPollPoller.cc:62
2025/08/05 15:47:083040 INFO  fd total count:1 - EPollPoller.cc:34
2025/08/05 15:47:083528 DEBUG timeout! - EPollPoller.cc:62
2025/08/05 15:47:083580 INFO  fd total count:1 - EPollPoller.cc:34
2025/08/05 15:47:094785 DEBUG timeout! - EPollPoller.cc:62
2025/08/05 15:47:094806 INFO  fd total count:1 - EPollPoller.cc:34
2025/08/05 15:47:730776 INFO  events happend1 - EPollPoller.cc:51
2025/08/05 15:47:730808 INFO  channel handleEvent revents:1 - Channel.cc:96
2025/08/05 15:47:730885 INFO  HTTP GET /api/admin/database-stats 从  - Middleware.cc:57
2025/08/05 15:47:730941 INFO  返回数据库统计信息 - main_http_modular.cc:479
2025/08/05 15:47:730950 INFO  HTTP GET /api/admin/database-stats 响应 200 (0ms) - Middleware.cc:68
2025/08/05 15:47:731004 INFO  fd total count:20 - EPollPoller.cc:34
2025/08/05 15:47:737838 INFO  events happend1 - EPollPoller.cc:51
2025/08/05 15:47:737844 INFO  channel handleEvent revents:1 - Channel.cc:96
2025/08/05 15:47:737884 INFO  HTTP GET /api/admin/database-stats 从  - Middleware.cc:57
2025/08/05 15:47:737921 INFO  返回数据库统计信息 - main_http_modular.cc:479
2025/08/05 15:47:737929 INFO  HTTP GET /api/admin/database-stats 响应 200 (0ms) - Middleware.cc:68
2025/08/05 15:47:737964 INFO  fd total count:20 - EPollPoller.cc:34
2025/08/05 15:47:862740 DEBUG timeout! - EPollPoller.cc:62
2025/08/05 15:47:862773 INFO  fd total count:2 - EPollPoller.cc:34
2025/08/05 15:47:875709 INFO  events happend1 - EPollPoller.cc:51
2025/08/05 15:47:875730 INFO  channel handleEvent revents:1 - Channel.cc:96
2025/08/05 15:47:875810 INFO  HTTP POST /api/admin/optimize-database 从  - Middleware.cc:57
2025/08/05 15:47:875851 INFO  HTTP POST /api/admin/optimize-database 响应 404 (0ms) - Middleware.cc:68
2025/08/05 15:47:875901 INFO  fd total count:20 - EPollPoller.cc:34
2025/08/05 15:47:908861 INFO  events happend1 - EPollPoller.cc:51
2025/08/05 15:47:908893 INFO  channel handleEvent revents:1 - Channel.cc:96
2025/08/05 15:47:908977 INFO  HTTP GET /api/admin/database-stats 从  - Middleware.cc:57
2025/08/05 15:47:909033 INFO  返回数据库统计信息 - main_http_modular.cc:479
2025/08/05 15:47:909041 INFO  HTTP GET /api/admin/database-stats 响应 200 (0ms) - Middleware.cc:68
2025/08/05 15:47:909096 INFO  fd total count:20 - EPollPoller.cc:34
2025/08/05 15:47:914383 INFO  events happend1 - EPollPoller.cc:51
2025/08/05 15:47:914392 INFO  channel handleEvent revents:1 - Channel.cc:96
2025/08/05 15:47:914436 INFO  HTTP GET /api/admin/database-stats 从  - Middleware.cc:57
2025/08/05 15:47:914473 INFO  返回数据库统计信息 - main_http_modular.cc:479
2025/08/05 15:47:914481 INFO  HTTP GET /api/admin/database-stats 响应 200 (0ms) - Middleware.cc:68
2025/08/05 15:47:914518 INFO  fd total count:20 - EPollPoller.cc:34
2025/08/05 15:48:093076 DEBUG timeout! - EPollPoller.cc:62
2025/08/05 15:48:093111 INFO  fd total count:1 - EPollPoller.cc:34
2025/08/05 15:48:093619 DEBUG timeout! - EPollPoller.cc:62
2025/08/05 15:48:093645 INFO  fd total count:1 - EPollPoller.cc:34
2025/08/05 15:48:104825 DEBUG timeout! - EPollPoller.cc:62
2025/08/05 15:48:104846 INFO  fd total count:1 - EPollPoller.cc:34
2025/08/05 15:48:277333 INFO  events happend1 - EPollPoller.cc:51
2025/08/05 15:48:277366 INFO  channel handleEvent revents:1 - Channel.cc:96
2025/08/05 15:48:277445 INFO  HTTP POST /api/admin/backup-database 从  - Middleware.cc:57
2025/08/05 15:48:277476 INFO  HTTP POST /api/admin/backup-database 响应 404 (0ms) - Middleware.cc:68
2025/08/05 15:48:277528 INFO  fd total count:20 - EPollPoller.cc:34
2025/08/05 15:48:872717 DEBUG timeout! - EPollPoller.cc:62
2025/08/05 15:48:872753 INFO  fd total count:2 - EPollPoller.cc:34
2025/08/05 15:48:302881 INFO  events happend1 - EPollPoller.cc:51
2025/08/05 15:48:302913 INFO  channel handleEvent revents:1 - Channel.cc:96
2025/08/05 15:48:302992 INFO  HTTP POST /api/admin/clear-users 从  - Middleware.cc:57
2025/08/05 15:48:303008 INFO  正在清空指定的表:  - DatabaseService.cc:140
2025/08/05 15:48:303012 INFO   - users - DatabaseService.cc:142
2025/08/05 15:48:303602 INFO  所有用户数据已清除 - DatabaseManager.cpp:501
2025/08/05 15:48:303608 INFO  表 users 已清空 - DatabaseService.cc:171
2025/08/05 15:48:303641 INFO  用户注册表清除成功 - main_http_modular.cc:551
2025/08/05 15:48:303649 INFO  HTTP POST /api/admin/clear-users 响应 200 (0ms) - Middleware.cc:68
2025/08/05 15:48:303690 INFO  fd total count:20 - EPollPoller.cc:34
2025/08/05 15:48:788022 INFO  events happend1 - EPollPoller.cc:51
2025/08/05 15:48:788056 INFO  channel handleEvent revents:1 - Channel.cc:96
2025/08/05 15:48:788130 INFO  HTTP GET /api/status 从  - Middleware.cc:57
2025/08/05 15:48:788157 INFO  HTTP GET /api/status 响应 200 (0ms) - Middleware.cc:68
2025/08/05 15:48:788219 INFO  fd total count:20 - EPollPoller.cc:34
2025/08/05 15:48:794026 INFO  events happend1 - EPollPoller.cc:51
2025/08/05 15:48:794043 INFO  channel handleEvent revents:1 - Channel.cc:96
2025/08/05 15:48:794090 INFO  HTTP GET /api/status 从  - Middleware.cc:57
2025/08/05 15:48:794106 INFO  HTTP GET /api/status 响应 200 (0ms) - Middleware.cc:68
2025/08/05 15:48:794153 INFO  fd total count:20 - EPollPoller.cc:34
2025/08/05 15:48:924647 INFO  events happend1 - EPollPoller.cc:51
2025/08/05 15:48:924678 INFO  channel handleEvent revents:1 - Channel.cc:96
2025/08/05 15:48:924752 INFO  HTTP GET /api/status 从  - Middleware.cc:57
2025/08/05 15:48:924773 INFO  HTTP GET /api/status 响应 200 (0ms) - Middleware.cc:68
2025/08/05 15:48:924828 INFO  fd total count:20 - EPollPoller.cc:34
2025/08/05 15:48:928801 INFO  events happend1 - EPollPoller.cc:51
2025/08/05 15:48:928809 INFO  channel handleEvent revents:1 - Channel.cc:96
2025/08/05 15:48:928855 INFO  HTTP GET /api/status 从  - Middleware.cc:57
2025/08/05 15:48:928870 INFO  HTTP GET /api/status 响应 200 (0ms) - Middleware.cc:68
2025/08/05 15:48:928908 INFO  fd total count:20 - EPollPoller.cc:34
2025/08/05 15:48:099377 DEBUG timeout! - EPollPoller.cc:62
2025/08/05 15:48:099411 INFO  fd total count:1 - EPollPoller.cc:34
2025/08/05 15:48:103156 DEBUG timeout! - EPollPoller.cc:62
2025/08/05 15:48:103184 INFO  fd total count:1 - EPollPoller.cc:34
2025/08/05 15:48:114876 DEBUG timeout! - EPollPoller.cc:62
2025/08/05 15:48:114897 INFO  fd total count:1 - EPollPoller.cc:34
2025/08/05 15:48:705212 INFO  events happend1 - EPollPoller.cc:51
2025/08/05 15:48:705246 INFO  channel handleEvent revents:1 - Channel.cc:96
2025/08/05 15:48:705319 INFO  HTTP GET /api/status 从  - Middleware.cc:57
2025/08/05 15:48:705340 INFO  HTTP GET /api/status 响应 200 (0ms) - Middleware.cc:68
2025/08/05 15:48:705394 INFO  fd total count:20 - EPollPoller.cc:34
2025/08/05 15:48:027900 INFO  events happend1 - EPollPoller.cc:51
2025/08/05 15:48:027930 INFO  channel handleEvent revents:1 - Channel.cc:96
2025/08/05 15:48:028004 INFO  HTTP GET /api/status 从  - Middleware.cc:57
2025/08/05 15:48:028026 INFO  HTTP GET /api/status 响应 200 (0ms) - Middleware.cc:68
2025/08/05 15:48:028081 INFO  fd total count:20 - EPollPoller.cc:34
2025/08/05 15:48:033673 INFO  events happend1 - EPollPoller.cc:51
2025/08/05 15:48:033682 INFO  channel handleEvent revents:1 - Channel.cc:96
2025/08/05 15:48:033727 INFO  HTTP GET /api/status 从  - Middleware.cc:57
2025/08/05 15:48:033741 INFO  HTTP GET /api/status 响应 200 (0ms) - Middleware.cc:68
2025/08/05 15:48:033778 INFO  fd total count:20 - EPollPoller.cc:34
2025/08/05 15:48:174827 INFO  events happend1 - EPollPoller.cc:51
2025/08/05 15:48:174860 INFO  channel handleEvent revents:1 - Channel.cc:96
2025/08/05 15:48:174932 INFO  HTTP GET /api/status 从  - Middleware.cc:57
2025/08/05 15:48:174953 INFO  HTTP GET /api/status 响应 200 (0ms) - Middleware.cc:68
2025/08/05 15:48:175007 INFO  fd total count:20 - EPollPoller.cc:34
2025/08/05 15:48:179457 INFO  events happend1 - EPollPoller.cc:51
2025/08/05 15:48:179466 INFO  channel handleEvent revents:1 - Channel.cc:96
2025/08/05 15:48:179507 INFO  HTTP GET /api/status 从  - Middleware.cc:57
2025/08/05 15:48:179521 INFO  HTTP GET /api/status 响应 200 (0ms) - Middleware.cc:68
2025/08/05 15:48:179557 INFO  fd total count:20 - EPollPoller.cc:34
2025/08/05 15:48:882768 DEBUG timeout! - EPollPoller.cc:62
2025/08/05 15:48:882802 INFO  fd total count:2 - EPollPoller.cc:34
2025/08/05 15:48:109410 DEBUG timeout! - EPollPoller.cc:62
2025/08/05 15:48:109443 INFO  fd total count:1 - EPollPoller.cc:34
2025/08/05 15:48:113216 DEBUG timeout! - EPollPoller.cc:62
2025/08/05 15:48:113243 INFO  fd total count:1 - EPollPoller.cc:34
2025/08/05 15:48:124940 DEBUG timeout! - EPollPoller.cc:62
2025/08/05 15:48:124961 INFO  fd total count:1 - EPollPoller.cc:34
2025/08/05 15:48:189593 DEBUG timeout! - EPollPoller.cc:62
2025/08/05 15:48:189626 INFO  fd total count:20 - EPollPoller.cc:34
2025/08/05 15:48:892826 DEBUG timeout! - EPollPoller.cc:62
2025/08/05 15:48:892860 INFO  fd total count:2 - EPollPoller.cc:34
2025/08/05 15:48:119440 DEBUG timeout! - EPollPoller.cc:62
2025/08/05 15:48:119473 INFO  fd total count:1 - EPollPoller.cc:34
2025/08/05 15:48:123266 DEBUG timeout! - EPollPoller.cc:62
2025/08/05 15:48:123290 INFO  fd total count:1 - EPollPoller.cc:34
2025/08/05 15:48:134982 DEBUG timeout! - EPollPoller.cc:62
2025/08/05 15:48:135003 INFO  fd total count:1 - EPollPoller.cc:34
2025/08/05 15:48:199658 DEBUG timeout! - EPollPoller.cc:62
2025/08/05 15:48:199691 INFO  fd total count:20 - EPollPoller.cc:34
2025/08/05 15:48:902973 DEBUG timeout! - EPollPoller.cc:62
2025/08/05 15:48:903035 INFO  fd total count:2 - EPollPoller.cc:34
2025/08/05 15:48:129529 DEBUG timeout! - EPollPoller.cc:62
2025/08/05 15:48:129561 INFO  fd total count:1 - EPollPoller.cc:34
2025/08/05 15:48:133298 DEBUG timeout! - EPollPoller.cc:62
2025/08/05 15:48:133323 INFO  fd total count:1 - EPollPoller.cc:34
2025/08/05 15:48:145085 DEBUG timeout! - EPollPoller.cc:62
2025/08/05 15:48:145136 INFO  fd total count:1 - EPollPoller.cc:34
2025/08/05 15:48:209751 DEBUG timeout! - EPollPoller.cc:62
2025/08/05 15:48:209792 INFO  fd total count:20 - EPollPoller.cc:34
2025/08/05 15:48:913088 DEBUG timeout! - EPollPoller.cc:62
2025/08/05 15:48:913149 INFO  fd total count:2 - EPollPoller.cc:34
2025/08/05 15:48:139522 DEBUG timeout! - EPollPoller.cc:62
2025/08/05 15:48:139553 INFO  fd total count:1 - EPollPoller.cc:34
2025/08/05 15:48:143311 DEBUG timeout! - EPollPoller.cc:62
2025/08/05 15:48:143339 INFO  fd total count:1 - EPollPoller.cc:34
2025/08/05 15:48:155163 DEBUG timeout! - EPollPoller.cc:62
2025/08/05 15:48:155182 INFO  fd total count:1 - EPollPoller.cc:34
2025/08/05 15:48:219850 DEBUG timeout! - EPollPoller.cc:62
2025/08/05 15:48:219885 INFO  fd total count:20 - EPollPoller.cc:34
2025/08/05 15:48:923197 DEBUG timeout! - EPollPoller.cc:62
2025/08/05 15:48:923230 INFO  fd total count:2 - EPollPoller.cc:34
2025/08/05 15:49:149557 DEBUG timeout! - EPollPoller.cc:62
2025/08/05 15:49:149589 INFO  fd total count:1 - EPollPoller.cc:34
2025/08/05 15:49:153389 DEBUG timeout! - EPollPoller.cc:62
2025/08/05 15:49:153416 INFO  fd total count:1 - EPollPoller.cc:34
2025/08/05 15:49:165228 DEBUG timeout! - EPollPoller.cc:62
2025/08/05 15:49:165246 INFO  fd total count:1 - EPollPoller.cc:34
2025/08/05 15:49:229928 DEBUG timeout! - EPollPoller.cc:62
2025/08/05 15:49:229960 INFO  fd total count:20 - EPollPoller.cc:34
2025/08/05 15:49:933265 DEBUG timeout! - EPollPoller.cc:62
2025/08/05 15:49:933298 INFO  fd total count:2 - EPollPoller.cc:34
2025/08/05 15:49:159601 DEBUG timeout! - EPollPoller.cc:62
2025/08/05 15:49:159634 INFO  fd total count:1 - EPollPoller.cc:34
2025/08/05 15:49:163464 DEBUG timeout! - EPollPoller.cc:62
2025/08/05 15:49:163488 INFO  fd total count:1 - EPollPoller.cc:34
2025/08/05 15:49:175274 DEBUG timeout! - EPollPoller.cc:62
2025/08/05 15:49:175293 INFO  fd total count:1 - EPollPoller.cc:34
2025/08/05 15:49:240009 DEBUG timeout! - EPollPoller.cc:62
2025/08/05 15:49:240042 INFO  fd total count:20 - EPollPoller.cc:34
2025/08/05 15:49:943317 DEBUG timeout! - EPollPoller.cc:62
2025/08/05 15:49:943349 INFO  fd total count:2 - EPollPoller.cc:34
2025/08/05 15:49:169659 DEBUG timeout! - EPollPoller.cc:62
2025/08/05 15:49:169689 INFO  fd total count:1 - EPollPoller.cc:34
2025/08/05 15:49:173542 DEBUG timeout! - EPollPoller.cc:62
2025/08/05 15:49:173566 INFO  fd total count:1 - EPollPoller.cc:34
2025/08/05 15:49:185331 DEBUG timeout! - EPollPoller.cc:62
2025/08/05 15:49:185352 INFO  fd total count:1 - EPollPoller.cc:34
2025/08/05 15:49:248811 DEBUG timeout! - EPollPoller.cc:62
2025/08/05 15:49:248846 INFO  fd total count:20 - EPollPoller.cc:34
2025/08/05 15:49:953323 DEBUG timeout! - EPollPoller.cc:62
2025/08/05 15:49:953357 INFO  fd total count:2 - EPollPoller.cc:34
2025/08/05 15:49:179649 DEBUG timeout! - EPollPoller.cc:62
2025/08/05 15:49:179684 INFO  fd total count:1 - EPollPoller.cc:34
2025/08/05 15:49:183629 DEBUG timeout! - EPollPoller.cc:62
2025/08/05 15:49:183655 INFO  fd total count:1 - EPollPoller.cc:34
2025/08/05 15:49:195415 DEBUG timeout! - EPollPoller.cc:62
2025/08/05 15:49:195441 INFO  fd total count:1 - EPollPoller.cc:34
2025/08/05 15:49:258833 DEBUG timeout! - EPollPoller.cc:62
2025/08/05 15:49:258867 INFO  fd total count:20 - EPollPoller.cc:34
2025/08/05 15:49:963374 DEBUG timeout! - EPollPoller.cc:62
2025/08/05 15:49:963404 INFO  fd total count:2 - EPollPoller.cc:34
2025/08/05 15:49:189735 DEBUG timeout! - EPollPoller.cc:62
2025/08/05 15:49:189767 INFO  fd total count:1 - EPollPoller.cc:34
2025/08/05 15:49:193683 DEBUG timeout! - EPollPoller.cc:62
2025/08/05 15:49:193709 INFO  fd total count:1 - EPollPoller.cc:34
2025/08/05 15:49:205480 DEBUG timeout! - EPollPoller.cc:62
2025/08/05 15:49:205499 INFO  fd total count:1 - EPollPoller.cc:34
2025/08/05 15:49:268897 DEBUG timeout! - EPollPoller.cc:62
2025/08/05 15:49:268933 INFO  fd total count:20 - EPollPoller.cc:34
2025/08/05 15:49:973454 DEBUG timeout! - EPollPoller.cc:62
2025/08/05 15:49:973492 INFO  fd total count:2 - EPollPoller.cc:34
2025/08/05 15:49:199806 DEBUG timeout! - EPollPoller.cc:62
2025/08/05 15:49:199839 INFO  fd total count:1 - EPollPoller.cc:34
2025/08/05 15:49:203756 DEBUG timeout! - EPollPoller.cc:62
2025/08/05 15:49:203782 INFO  fd total count:1 - EPollPoller.cc:34
2025/08/05 15:49:215563 DEBUG timeout! - EPollPoller.cc:62
2025/08/05 15:49:215614 INFO  fd total count:1 - EPollPoller.cc:34
2025/08/05 15:49:278969 DEBUG timeout! - EPollPoller.cc:62
2025/08/05 15:49:279001 INFO  fd total count:20 - EPollPoller.cc:34
2025/08/05 15:49:983548 DEBUG timeout! - EPollPoller.cc:62
2025/08/05 15:49:983580 INFO  fd total count:2 - EPollPoller.cc:34
2025/08/05 15:50:209868 DEBUG timeout! - EPollPoller.cc:62
2025/08/05 15:50:209900 INFO  fd total count:1 - EPollPoller.cc:34
2025/08/05 15:50:213825 DEBUG timeout! - EPollPoller.cc:62
2025/08/05 15:50:213848 INFO  fd total count:1 - EPollPoller.cc:34
2025/08/05 15:50:225666 DEBUG timeout! - EPollPoller.cc:62
2025/08/05 15:50:225688 INFO  fd total count:1 - EPollPoller.cc:34
2025/08/05 15:50:289045 DEBUG timeout! - EPollPoller.cc:62
2025/08/05 15:50:289078 INFO  fd total count:20 - EPollPoller.cc:34
2025/08/05 15:50:993678 DEBUG timeout! - EPollPoller.cc:62
2025/08/05 15:50:993735 INFO  fd total count:2 - EPollPoller.cc:34
2025/08/05 15:50:219952 DEBUG timeout! - EPollPoller.cc:62
2025/08/05 15:50:219983 INFO  fd total count:1 - EPollPoller.cc:34
2025/08/05 15:50:224014 DEBUG timeout! - EPollPoller.cc:62
2025/08/05 15:50:224039 INFO  fd total count:1 - EPollPoller.cc:34
2025/08/05 15:50:234284 DEBUG timeout! - EPollPoller.cc:62
2025/08/05 15:50:234305 INFO  fd total count:1 - EPollPoller.cc:34
2025/08/05 15:50:299106 DEBUG timeout! - EPollPoller.cc:62
2025/08/05 15:50:299142 INFO  fd total count:20 - EPollPoller.cc:34
2025/08/05 15:50:003787 DEBUG timeout! - EPollPoller.cc:62
2025/08/05 15:50:003821 INFO  fd total count:2 - EPollPoller.cc:34
2025/08/05 15:50:230042 DEBUG timeout! - EPollPoller.cc:62
2025/08/05 15:50:230077 INFO  fd total count:1 - EPollPoller.cc:34
2025/08/05 15:50:234103 DEBUG timeout! - EPollPoller.cc:62
2025/08/05 15:50:234158 INFO  fd total count:1 - EPollPoller.cc:34
2025/08/05 15:50:244376 DEBUG timeout! - EPollPoller.cc:62
2025/08/05 15:50:244398 INFO  fd total count:1 - EPollPoller.cc:34
2025/08/05 15:50:309180 DEBUG timeout! - EPollPoller.cc:62
2025/08/05 15:50:309217 INFO  fd total count:20 - EPollPoller.cc:34
2025/08/05 15:50:013893 DEBUG timeout! - EPollPoller.cc:62
2025/08/05 15:50:013954 INFO  fd total count:2 - EPollPoller.cc:34
2025/08/05 15:50:240128 DEBUG timeout! - EPollPoller.cc:62
2025/08/05 15:50:240163 INFO  fd total count:1 - EPollPoller.cc:34
2025/08/05 15:50:244210 DEBUG timeout! - EPollPoller.cc:62
2025/08/05 15:50:244237 INFO  fd total count:1 - EPollPoller.cc:34
2025/08/05 15:50:254430 DEBUG timeout! - EPollPoller.cc:62
2025/08/05 15:50:254449 INFO  fd total count:1 - EPollPoller.cc:34
2025/08/05 15:50:319271 DEBUG timeout! - EPollPoller.cc:62
2025/08/05 15:50:319308 INFO  fd total count:20 - EPollPoller.cc:34
2025/08/05 15:50:024008 DEBUG timeout! - EPollPoller.cc:62
2025/08/05 15:50:024041 INFO  fd total count:2 - EPollPoller.cc:34
2025/08/05 15:50:250214 DEBUG timeout! - EPollPoller.cc:62
2025/08/05 15:50:250248 INFO  fd total count:1 - EPollPoller.cc:34
2025/08/05 15:50:254274 DEBUG timeout! - EPollPoller.cc:62
2025/08/05 15:50:254301 INFO  fd total count:1 - EPollPoller.cc:34
2025/08/05 15:50:264485 DEBUG timeout! - EPollPoller.cc:62
2025/08/05 15:50:264506 INFO  fd total count:1 - EPollPoller.cc:34
2025/08/05 15:50:329358 DEBUG timeout! - EPollPoller.cc:62
2025/08/05 15:50:329399 INFO  fd total count:20 - EPollPoller.cc:34
2025/08/05 15:50:034082 DEBUG timeout! - EPollPoller.cc:62
2025/08/05 15:50:034117 INFO  fd total count:2 - EPollPoller.cc:34
2025/08/05 15:50:260285 DEBUG timeout! - EPollPoller.cc:62
2025/08/05 15:50:260318 INFO  fd total count:1 - EPollPoller.cc:34
2025/08/05 15:50:264307 DEBUG timeout! - EPollPoller.cc:62
2025/08/05 15:50:264333 INFO  fd total count:1 - EPollPoller.cc:34
2025/08/05 15:50:274538 DEBUG timeout! - EPollPoller.cc:62
2025/08/05 15:50:274559 INFO  fd total count:1 - EPollPoller.cc:34
2025/08/05 15:50:339439 DEBUG timeout! - EPollPoller.cc:62
2025/08/05 15:50:339471 INFO  fd total count:20 - EPollPoller.cc:34
2025/08/05 15:50:042314 DEBUG timeout! - EPollPoller.cc:62
2025/08/05 15:50:042349 INFO  fd total count:2 - EPollPoller.cc:34
2025/08/05 15:51:270383 DEBUG timeout! - EPollPoller.cc:62
2025/08/05 15:51:270446 INFO  fd total count:1 - EPollPoller.cc:34
2025/08/05 15:51:274355 DEBUG timeout! - EPollPoller.cc:62
2025/08/05 15:51:274393 INFO  fd total count:1 - EPollPoller.cc:34
2025/08/05 15:51:284595 DEBUG timeout! - EPollPoller.cc:62
2025/08/05 15:51:284615 INFO  fd total count:1 - EPollPoller.cc:34
2025/08/05 15:51:349521 DEBUG timeout! - EPollPoller.cc:62
2025/08/05 15:51:349553 INFO  fd total count:20 - EPollPoller.cc:34
2025/08/05 15:51:052394 DEBUG timeout! - EPollPoller.cc:62
2025/08/05 15:51:052430 INFO  fd total count:2 - EPollPoller.cc:34
2025/08/05 15:51:280500 DEBUG timeout! - EPollPoller.cc:62
2025/08/05 15:51:280530 INFO  fd total count:1 - EPollPoller.cc:34
2025/08/05 15:51:284424 DEBUG timeout! - EPollPoller.cc:62
2025/08/05 15:51:284449 INFO  fd total count:1 - EPollPoller.cc:34
2025/08/05 15:51:294650 DEBUG timeout! - EPollPoller.cc:62
2025/08/05 15:51:294672 INFO  fd total count:1 - EPollPoller.cc:34
2025/08/05 15:51:359589 DEBUG timeout! - EPollPoller.cc:62
2025/08/05 15:51:359619 INFO  fd total count:20 - EPollPoller.cc:34
2025/08/05 15:51:062469 DEBUG timeout! - EPollPoller.cc:62
2025/08/05 15:51:062505 INFO  fd total count:2 - EPollPoller.cc:34
2025/08/05 15:51:290554 DEBUG timeout! - EPollPoller.cc:62
2025/08/05 15:51:290592 INFO  fd total count:1 - EPollPoller.cc:34
2025/08/05 15:51:294470 DEBUG timeout! - EPollPoller.cc:62
2025/08/05 15:51:294497 INFO  fd total count:1 - EPollPoller.cc:34
2025/08/05 15:51:304702 DEBUG timeout! - EPollPoller.cc:62
2025/08/05 15:51:304722 INFO  fd total count:1 - EPollPoller.cc:34
2025/08/05 15:51:369652 DEBUG timeout! - EPollPoller.cc:62
2025/08/05 15:51:369685 INFO  fd total count:20 - EPollPoller.cc:34
2025/08/05 15:51:072561 DEBUG timeout! - EPollPoller.cc:62
2025/08/05 15:51:072600 INFO  fd total count:2 - EPollPoller.cc:34
2025/08/05 15:51:300620 DEBUG timeout! - EPollPoller.cc:62
2025/08/05 15:51:300656 INFO  fd total count:1 - EPollPoller.cc:34
2025/08/05 15:51:304500 DEBUG timeout! - EPollPoller.cc:62
2025/08/05 15:51:304527 INFO  fd total count:1 - EPollPoller.cc:34
2025/08/05 15:51:314754 DEBUG timeout! - EPollPoller.cc:62
2025/08/05 15:51:314774 INFO  fd total count:1 - EPollPoller.cc:34
2025/08/05 15:51:379727 DEBUG timeout! - EPollPoller.cc:62
2025/08/05 15:51:379763 INFO  fd total count:20 - EPollPoller.cc:34
2025/08/05 15:51:082684 DEBUG timeout! - EPollPoller.cc:62
2025/08/05 15:51:082721 INFO  fd total count:2 - EPollPoller.cc:34
2025/08/05 15:51:310695 DEBUG timeout! - EPollPoller.cc:62
2025/08/05 15:51:310734 INFO  fd total count:1 - EPollPoller.cc:34
2025/08/05 15:51:314529 DEBUG timeout! - EPollPoller.cc:62
2025/08/05 15:51:314558 INFO  fd total count:1 - EPollPoller.cc:34
2025/08/05 15:51:324819 DEBUG timeout! - EPollPoller.cc:62
2025/08/05 15:51:324844 INFO  fd total count:1 - EPollPoller.cc:34
2025/08/05 15:51:384134 DEBUG timeout! - EPollPoller.cc:62
2025/08/05 15:51:384175 INFO  fd total count:20 - EPollPoller.cc:34
2025/08/05 15:51:092768 DEBUG timeout! - EPollPoller.cc:62
2025/08/05 15:51:092803 INFO  fd total count:2 - EPollPoller.cc:34
2025/08/05 15:51:320794 DEBUG timeout! - EPollPoller.cc:62
2025/08/05 15:51:320830 INFO  fd total count:1 - EPollPoller.cc:34
2025/08/05 15:51:324571 DEBUG timeout! - EPollPoller.cc:62
2025/08/05 15:51:324599 INFO  fd total count:1 - EPollPoller.cc:34
2025/08/05 15:51:334911 DEBUG timeout! - EPollPoller.cc:62
2025/08/05 15:51:334961 INFO  fd total count:1 - EPollPoller.cc:34
2025/08/05 15:51:387375 DEBUG timeout! - EPollPoller.cc:62
2025/08/05 15:51:387405 INFO  fd total count:20 - EPollPoller.cc:34
2025/08/05 15:51:102849 DEBUG timeout! - EPollPoller.cc:62
2025/08/05 15:51:102883 INFO  fd total count:2 - EPollPoller.cc:34
2025/08/05 15:52:330916 DEBUG timeout! - EPollPoller.cc:62
2025/08/05 15:52:330980 INFO  fd total count:1 - EPollPoller.cc:34
2025/08/05 15:52:334634 DEBUG timeout! - EPollPoller.cc:62
2025/08/05 15:52:334668 INFO  fd total count:1 - EPollPoller.cc:34
2025/08/05 15:52:345044 DEBUG timeout! - EPollPoller.cc:62
2025/08/05 15:52:345080 INFO  fd total count:1 - EPollPoller.cc:34
2025/08/05 15:52:397442 DEBUG timeout! - EPollPoller.cc:62
2025/08/05 15:52:397475 INFO  fd total count:20 - EPollPoller.cc:34
2025/08/05 15:52:112934 DEBUG timeout! - EPollPoller.cc:62
2025/08/05 15:52:112968 INFO  fd total count:2 - EPollPoller.cc:34
2025/08/05 15:52:341033 DEBUG timeout! - EPollPoller.cc:62
2025/08/05 15:52:341066 INFO  fd total count:1 - EPollPoller.cc:34
2025/08/05 15:52:344711 DEBUG timeout! - EPollPoller.cc:62
2025/08/05 15:52:344736 INFO  fd total count:1 - EPollPoller.cc:34
2025/08/05 15:52:355113 DEBUG timeout! - EPollPoller.cc:62
2025/08/05 15:52:355133 INFO  fd total count:1 - EPollPoller.cc:34
2025/08/05 15:52:407521 DEBUG timeout! - EPollPoller.cc:62
2025/08/05 15:52:407554 INFO  fd total count:20 - EPollPoller.cc:34
2025/08/05 15:52:123021 DEBUG timeout! - EPollPoller.cc:62
2025/08/05 15:52:123053 INFO  fd total count:2 - EPollPoller.cc:34
2025/08/05 15:52:351109 DEBUG timeout! - EPollPoller.cc:62
2025/08/05 15:52:351142 INFO  fd total count:1 - EPollPoller.cc:34
2025/08/05 15:52:354780 DEBUG timeout! - EPollPoller.cc:62
2025/08/05 15:52:354805 INFO  fd total count:1 - EPollPoller.cc:34
2025/08/05 15:52:365164 DEBUG timeout! - EPollPoller.cc:62
2025/08/05 15:52:365188 INFO  fd total count:1 - EPollPoller.cc:34
2025/08/05 15:52:417606 DEBUG timeout! - EPollPoller.cc:62
2025/08/05 15:52:417643 INFO  fd total count:20 - EPollPoller.cc:34
2025/08/05 15:52:133142 DEBUG timeout! - EPollPoller.cc:62
2025/08/05 15:52:133206 INFO  fd total count:2 - EPollPoller.cc:34
2025/08/05 15:52:361188 DEBUG timeout! - EPollPoller.cc:62
2025/08/05 15:52:361220 INFO  fd total count:1 - EPollPoller.cc:34
2025/08/05 15:52:364842 DEBUG timeout! - EPollPoller.cc:62
2025/08/05 15:52:364863 INFO  fd total count:1 - EPollPoller.cc:34
2025/08/05 15:52:375225 DEBUG timeout! - EPollPoller.cc:62
2025/08/05 15:52:375247 INFO  fd total count:1 - EPollPoller.cc:34
2025/08/05 15:52:427681 DEBUG timeout! - EPollPoller.cc:62
2025/08/05 15:52:427713 INFO  fd total count:20 - EPollPoller.cc:34
2025/08/05 15:52:143265 DEBUG timeout! - EPollPoller.cc:62
2025/08/05 15:52:143296 INFO  fd total count:2 - EPollPoller.cc:34
2025/08/05 15:52:371278 DEBUG timeout! - EPollPoller.cc:62
2025/08/05 15:52:371313 INFO  fd total count:1 - EPollPoller.cc:34
2025/08/05 15:52:374902 DEBUG timeout! - EPollPoller.cc:62
2025/08/05 15:52:374924 INFO  fd total count:1 - EPollPoller.cc:34
2025/08/05 15:52:385286 DEBUG timeout! - EPollPoller.cc:62
2025/08/05 15:52:385307 INFO  fd total count:1 - EPollPoller.cc:34
2025/08/05 15:52:437767 DEBUG timeout! - EPollPoller.cc:62
2025/08/05 15:52:437799 INFO  fd total count:20 - EPollPoller.cc:34
2025/08/05 15:52:153351 DEBUG timeout! - EPollPoller.cc:62
2025/08/05 15:52:153387 INFO  fd total count:2 - EPollPoller.cc:34
2025/08/05 15:52:378309 DEBUG timeout! - EPollPoller.cc:62
2025/08/05 15:52:378341 INFO  fd total count:1 - EPollPoller.cc:34
2025/08/05 15:52:381359 DEBUG timeout! - EPollPoller.cc:62
2025/08/05 15:52:381386 INFO  fd total count:1 - EPollPoller.cc:34
2025/08/05 15:52:395343 DEBUG timeout! - EPollPoller.cc:62
2025/08/05 15:52:395363 INFO  fd total count:1 - EPollPoller.cc:34
2025/08/05 15:52:447847 DEBUG timeout! - EPollPoller.cc:62
2025/08/05 15:52:447880 INFO  fd total count:20 - EPollPoller.cc:34
2025/08/05 15:52:163437 DEBUG timeout! - EPollPoller.cc:62
2025/08/05 15:52:163470 INFO  fd total count:2 - EPollPoller.cc:34
2025/08/05 15:53:388374 DEBUG timeout! - EPollPoller.cc:62
2025/08/05 15:53:388406 INFO  fd total count:1 - EPollPoller.cc:34
2025/08/05 15:53:389882 DEBUG timeout! - EPollPoller.cc:62
2025/08/05 15:53:389905 INFO  fd total count:1 - EPollPoller.cc:34
2025/08/05 15:53:405409 DEBUG timeout! - EPollPoller.cc:62
2025/08/05 15:53:405430 INFO  fd total count:1 - EPollPoller.cc:34
2025/08/05 15:53:457924 DEBUG timeout! - EPollPoller.cc:62
2025/08/05 15:53:457953 INFO  fd total count:20 - EPollPoller.cc:34
2025/08/05 15:53:173518 DEBUG timeout! - EPollPoller.cc:62
2025/08/05 15:53:173553 INFO  fd total count:2 - EPollPoller.cc:34
2025/08/05 15:53:398440 DEBUG timeout! - EPollPoller.cc:62
2025/08/05 15:53:398473 INFO  fd total count:1 - EPollPoller.cc:34
2025/08/05 15:53:399941 DEBUG timeout! - EPollPoller.cc:62
2025/08/05 15:53:399968 INFO  fd total count:1 - EPollPoller.cc:34
2025/08/05 15:53:415464 DEBUG timeout! - EPollPoller.cc:62
2025/08/05 15:53:415482 INFO  fd total count:1 - EPollPoller.cc:34
2025/08/05 15:53:468001 DEBUG timeout! - EPollPoller.cc:62
2025/08/05 15:53:468034 INFO  fd total count:20 - EPollPoller.cc:34
2025/08/05 15:53:183687 DEBUG timeout! - EPollPoller.cc:62
2025/08/05 15:53:183748 INFO  fd total count:2 - EPollPoller.cc:34
2025/08/05 15:53:408507 DEBUG timeout! - EPollPoller.cc:62
2025/08/05 15:53:408538 INFO  fd total count:1 - EPollPoller.cc:34
2025/08/05 15:53:409994 DEBUG timeout! - EPollPoller.cc:62
2025/08/05 15:53:410021 INFO  fd total count:1 - EPollPoller.cc:34
2025/08/05 15:53:425517 DEBUG timeout! - EPollPoller.cc:62
2025/08/05 15:53:425536 INFO  fd total count:1 - EPollPoller.cc:34
2025/08/05 15:53:478075 DEBUG timeout! - EPollPoller.cc:62
2025/08/05 15:53:478108 INFO  fd total count:20 - EPollPoller.cc:34
2025/08/05 15:53:193818 DEBUG timeout! - EPollPoller.cc:62
2025/08/05 15:53:193852 INFO  fd total count:2 - EPollPoller.cc:34
2025/08/05 15:53:418575 DEBUG timeout! - EPollPoller.cc:62
2025/08/05 15:53:418606 INFO  fd total count:1 - EPollPoller.cc:34
2025/08/05 15:53:420064 DEBUG timeout! - EPollPoller.cc:62
2025/08/05 15:53:420089 INFO  fd total count:1 - EPollPoller.cc:34
2025/08/05 15:53:435569 DEBUG timeout! - EPollPoller.cc:62
2025/08/05 15:53:435588 INFO  fd total count:1 - EPollPoller.cc:34
2025/08/05 15:53:488145 DEBUG timeout! - EPollPoller.cc:62
2025/08/05 15:53:488179 INFO  fd total count:20 - EPollPoller.cc:34
2025/08/05 15:53:203882 DEBUG timeout! - EPollPoller.cc:62
2025/08/05 15:53:203913 INFO  fd total count:2 - EPollPoller.cc:34
2025/08/05 15:53:428646 DEBUG timeout! - EPollPoller.cc:62
2025/08/05 15:53:428680 INFO  fd total count:1 - EPollPoller.cc:34
2025/08/05 15:53:430123 DEBUG timeout! - EPollPoller.cc:62
2025/08/05 15:53:430148 INFO  fd total count:1 - EPollPoller.cc:34
2025/08/05 15:53:445619 DEBUG timeout! - EPollPoller.cc:62
2025/08/05 15:53:445638 INFO  fd total count:1 - EPollPoller.cc:34
2025/08/05 15:53:498234 DEBUG timeout! - EPollPoller.cc:62
2025/08/05 15:53:498279 INFO  fd total count:20 - EPollPoller.cc:34
2025/08/05 15:53:213970 DEBUG timeout! - EPollPoller.cc:62
2025/08/05 15:53:214003 INFO  fd total count:2 - EPollPoller.cc:34
2025/08/05 15:53:438730 DEBUG timeout! - EPollPoller.cc:62
2025/08/05 15:53:438772 INFO  fd total count:1 - EPollPoller.cc:34
2025/08/05 15:53:440199 DEBUG timeout! - EPollPoller.cc:62
2025/08/05 15:53:440224 INFO  fd total count:1 - EPollPoller.cc:34
2025/08/05 15:53:455674 DEBUG timeout! - EPollPoller.cc:62
2025/08/05 15:53:455693 INFO  fd total count:1 - EPollPoller.cc:34
2025/08/05 15:53:508323 DEBUG timeout! - EPollPoller.cc:62
2025/08/05 15:53:508360 INFO  fd total count:20 - EPollPoller.cc:34
2025/08/05 15:53:224053 DEBUG timeout! - EPollPoller.cc:62
2025/08/05 15:53:224086 INFO  fd total count:2 - EPollPoller.cc:34
2025/08/05 15:54:448806 DEBUG timeout! - EPollPoller.cc:62
2025/08/05 15:54:448836 INFO  fd total count:1 - EPollPoller.cc:34
2025/08/05 15:54:450267 DEBUG timeout! - EPollPoller.cc:62
2025/08/05 15:54:450293 INFO  fd total count:1 - EPollPoller.cc:34
2025/08/05 15:54:465730 DEBUG timeout! - EPollPoller.cc:62
2025/08/05 15:54:465751 INFO  fd total count:1 - EPollPoller.cc:34
2025/08/05 15:54:518380 DEBUG timeout! - EPollPoller.cc:62
2025/08/05 15:54:518411 INFO  fd total count:20 - EPollPoller.cc:34
2025/08/05 15:54:234172 DEBUG timeout! - EPollPoller.cc:62
2025/08/05 15:54:234236 INFO  fd total count:2 - EPollPoller.cc:34
2025/08/05 15:54:458896 DEBUG timeout! - EPollPoller.cc:62
2025/08/05 15:54:458930 INFO  fd total count:1 - EPollPoller.cc:34
2025/08/05 15:54:460347 DEBUG timeout! - EPollPoller.cc:62
2025/08/05 15:54:460372 INFO  fd total count:1 - EPollPoller.cc:34
2025/08/05 15:54:475799 DEBUG timeout! - EPollPoller.cc:62
2025/08/05 15:54:475822 INFO  fd total count:1 - EPollPoller.cc:34
2025/08/05 15:54:522310 DEBUG timeout! - EPollPoller.cc:62
2025/08/05 15:54:522348 INFO  fd total count:20 - EPollPoller.cc:34
2025/08/05 15:54:244277 DEBUG timeout! - EPollPoller.cc:62
2025/08/05 15:54:244309 INFO  fd total count:2 - EPollPoller.cc:34
2025/08/05 15:54:468989 DEBUG timeout! - EPollPoller.cc:62
2025/08/05 15:54:469023 INFO  fd total count:1 - EPollPoller.cc:34
2025/08/05 15:54:470406 DEBUG timeout! - EPollPoller.cc:62
2025/08/05 15:54:470432 INFO  fd total count:1 - EPollPoller.cc:34
2025/08/05 15:54:485850 DEBUG timeout! - EPollPoller.cc:62
2025/08/05 15:54:485870 INFO  fd total count:1 - EPollPoller.cc:34
2025/08/05 15:54:532406 DEBUG timeout! - EPollPoller.cc:62
2025/08/05 15:54:532441 INFO  fd total count:20 - EPollPoller.cc:34
2025/08/05 15:54:254364 DEBUG timeout! - EPollPoller.cc:62
2025/08/05 15:54:254401 INFO  fd total count:2 - EPollPoller.cc:34
2025/08/05 15:54:479064 DEBUG timeout! - EPollPoller.cc:62
2025/08/05 15:54:479098 INFO  fd total count:1 - EPollPoller.cc:34
2025/08/05 15:54:480480 DEBUG timeout! - EPollPoller.cc:62
2025/08/05 15:54:480507 INFO  fd total count:1 - EPollPoller.cc:34
2025/08/05 15:54:495926 DEBUG timeout! - EPollPoller.cc:62
2025/08/05 15:54:495947 INFO  fd total count:1 - EPollPoller.cc:34
2025/08/05 15:54:542469 DEBUG timeout! - EPollPoller.cc:62
2025/08/05 15:54:542509 INFO  fd total count:20 - EPollPoller.cc:34
2025/08/05 15:54:264420 DEBUG timeout! - EPollPoller.cc:62
2025/08/05 15:54:264453 INFO  fd total count:2 - EPollPoller.cc:34
2025/08/05 15:54:489148 DEBUG timeout! - EPollPoller.cc:62
2025/08/05 15:54:489180 INFO  fd total count:1 - EPollPoller.cc:34
2025/08/05 15:54:490535 DEBUG timeout! - EPollPoller.cc:62
2025/08/05 15:54:490560 INFO  fd total count:1 - EPollPoller.cc:34
2025/08/05 15:54:505987 DEBUG timeout! - EPollPoller.cc:62
2025/08/05 15:54:506007 INFO  fd total count:1 - EPollPoller.cc:34
2025/08/05 15:54:552544 DEBUG timeout! - EPollPoller.cc:62
2025/08/05 15:54:552577 INFO  fd total count:20 - EPollPoller.cc:34
2025/08/05 15:54:274479 DEBUG timeout! - EPollPoller.cc:62
2025/08/05 15:54:274515 INFO  fd total count:2 - EPollPoller.cc:34
2025/08/05 15:54:499220 DEBUG timeout! - EPollPoller.cc:62
2025/08/05 15:54:499253 INFO  fd total count:1 - EPollPoller.cc:34
2025/08/05 15:54:500600 DEBUG timeout! - EPollPoller.cc:62
2025/08/05 15:54:500626 INFO  fd total count:1 - EPollPoller.cc:34
2025/08/05 15:54:516045 DEBUG timeout! - EPollPoller.cc:62
2025/08/05 15:54:516069 INFO  fd total count:1 - EPollPoller.cc:34
2025/08/05 15:54:562606 DEBUG timeout! - EPollPoller.cc:62
2025/08/05 15:54:562643 INFO  fd total count:20 - EPollPoller.cc:34
2025/08/05 15:54:284554 DEBUG timeout! - EPollPoller.cc:62
2025/08/05 15:54:284588 INFO  fd total count:2 - EPollPoller.cc:34
2025/08/05 15:55:509296 DEBUG timeout! - EPollPoller.cc:62
2025/08/05 15:55:509327 INFO  fd total count:1 - EPollPoller.cc:34
2025/08/05 15:55:510649 DEBUG timeout! - EPollPoller.cc:62
2025/08/05 15:55:510672 INFO  fd total count:1 - EPollPoller.cc:34
2025/08/05 15:55:526105 DEBUG timeout! - EPollPoller.cc:62
2025/08/05 15:55:526126 INFO  fd total count:1 - EPollPoller.cc:34
2025/08/05 15:55:572692 DEBUG timeout! - EPollPoller.cc:62
2025/08/05 15:55:572726 INFO  fd total count:20 - EPollPoller.cc:34
2025/08/05 15:55:294642 DEBUG timeout! - EPollPoller.cc:62
2025/08/05 15:55:294675 INFO  fd total count:2 - EPollPoller.cc:34
2025/08/05 15:55:519377 DEBUG timeout! - EPollPoller.cc:62
2025/08/05 15:55:519412 INFO  fd total count:1 - EPollPoller.cc:34
2025/08/05 15:55:520705 DEBUG timeout! - EPollPoller.cc:62
2025/08/05 15:55:520729 INFO  fd total count:1 - EPollPoller.cc:34
2025/08/05 15:55:536154 DEBUG timeout! - EPollPoller.cc:62
2025/08/05 15:55:536174 INFO  fd total count:1 - EPollPoller.cc:34
2025/08/05 15:55:582764 DEBUG timeout! - EPollPoller.cc:62
2025/08/05 15:55:582798 INFO  fd total count:20 - EPollPoller.cc:34
2025/08/05 15:55:304703 DEBUG timeout! - EPollPoller.cc:62
2025/08/05 15:55:304734 INFO  fd total count:2 - EPollPoller.cc:34
2025/08/05 15:55:529455 DEBUG timeout! - EPollPoller.cc:62
2025/08/05 15:55:529486 INFO  fd total count:1 - EPollPoller.cc:34
2025/08/05 15:55:530787 DEBUG timeout! - EPollPoller.cc:62
2025/08/05 15:55:530818 INFO  fd total count:1 - EPollPoller.cc:34
2025/08/05 15:55:546210 DEBUG timeout! - EPollPoller.cc:62
2025/08/05 15:55:546230 INFO  fd total count:1 - EPollPoller.cc:34
2025/08/05 15:55:592847 DEBUG timeout! - EPollPoller.cc:62
2025/08/05 15:55:592879 INFO  fd total count:20 - EPollPoller.cc:34
2025/08/05 15:55:314786 DEBUG timeout! - EPollPoller.cc:62
2025/08/05 15:55:314827 INFO  fd total count:2 - EPollPoller.cc:34
2025/08/05 15:55:539545 DEBUG timeout! - EPollPoller.cc:62
2025/08/05 15:55:539581 INFO  fd total count:1 - EPollPoller.cc:34
2025/08/05 15:55:540872 DEBUG timeout! - EPollPoller.cc:62
2025/08/05 15:55:540898 INFO  fd total count:1 - EPollPoller.cc:34
2025/08/05 15:55:556263 DEBUG timeout! - EPollPoller.cc:62
2025/08/05 15:55:556282 INFO  fd total count:1 - EPollPoller.cc:34
2025/08/05 15:55:602913 DEBUG timeout! - EPollPoller.cc:62
2025/08/05 15:55:602944 INFO  fd total count:20 - EPollPoller.cc:34
2025/08/05 15:55:324882 DEBUG timeout! - EPollPoller.cc:62
2025/08/05 15:55:324916 INFO  fd total count:2 - EPollPoller.cc:34
2025/08/05 15:55:549641 DEBUG timeout! - EPollPoller.cc:62
2025/08/05 15:55:549676 INFO  fd total count:1 - EPollPoller.cc:34
2025/08/05 15:55:550954 DEBUG timeout! - EPollPoller.cc:62
2025/08/05 15:55:550981 INFO  fd total count:1 - EPollPoller.cc:34
2025/08/05 15:55:566316 DEBUG timeout! - EPollPoller.cc:62
2025/08/05 15:55:566336 INFO  fd total count:1 - EPollPoller.cc:34
2025/08/05 15:55:612984 DEBUG timeout! - EPollPoller.cc:62
2025/08/05 15:55:613018 INFO  fd total count:20 - EPollPoller.cc:34
2025/08/05 15:55:334955 DEBUG timeout! - EPollPoller.cc:62
2025/08/05 15:55:334988 INFO  fd total count:2 - EPollPoller.cc:34
2025/08/05 15:55:559732 DEBUG timeout! - EPollPoller.cc:62
2025/08/05 15:55:559769 INFO  fd total count:1 - EPollPoller.cc:34
2025/08/05 15:55:561011 DEBUG timeout! - EPollPoller.cc:62
2025/08/05 15:55:561036 INFO  fd total count:1 - EPollPoller.cc:34
2025/08/05 15:55:576148 DEBUG timeout! - EPollPoller.cc:62
2025/08/05 15:55:576169 INFO  fd total count:1 - EPollPoller.cc:34
2025/08/05 15:55:623058 DEBUG timeout! - EPollPoller.cc:62
2025/08/05 15:55:623090 INFO  fd total count:20 - EPollPoller.cc:34
2025/08/05 15:55:345022 DEBUG timeout! - EPollPoller.cc:62
2025/08/05 15:55:345058 INFO  fd total count:2 - EPollPoller.cc:34
2025/08/05 15:56:566090 DEBUG timeout! - EPollPoller.cc:62
2025/08/05 15:56:566124 INFO  fd total count:1 - EPollPoller.cc:34
2025/08/05 15:56:569796 DEBUG timeout! - EPollPoller.cc:62
2025/08/05 15:56:569821 INFO  fd total count:1 - EPollPoller.cc:34
2025/08/05 15:56:586212 DEBUG timeout! - EPollPoller.cc:62
2025/08/05 15:56:586234 INFO  fd total count:1 - EPollPoller.cc:34
2025/08/05 15:56:633131 DEBUG timeout! - EPollPoller.cc:62
2025/08/05 15:56:633163 INFO  fd total count:20 - EPollPoller.cc:34
2025/08/05 15:56:355092 DEBUG timeout! - EPollPoller.cc:62
2025/08/05 15:56:355126 INFO  fd total count:2 - EPollPoller.cc:34
2025/08/05 15:56:576160 DEBUG timeout! - EPollPoller.cc:62
2025/08/05 15:56:576194 INFO  fd total count:1 - EPollPoller.cc:34
2025/08/05 15:56:579869 DEBUG timeout! - EPollPoller.cc:62
2025/08/05 15:56:579891 INFO  fd total count:1 - EPollPoller.cc:34
2025/08/05 15:56:596268 DEBUG timeout! - EPollPoller.cc:62
2025/08/05 15:56:596284 INFO  fd total count:1 - EPollPoller.cc:34
2025/08/05 15:56:643198 DEBUG timeout! - EPollPoller.cc:62
2025/08/05 15:56:643231 INFO  fd total count:20 - EPollPoller.cc:34
2025/08/05 15:56:365152 DEBUG timeout! - EPollPoller.cc:62
2025/08/05 15:56:365185 INFO  fd total count:2 - EPollPoller.cc:34
2025/08/05 15:56:586238 DEBUG timeout! - EPollPoller.cc:62
2025/08/05 15:56:586300 INFO  fd total count:1 - EPollPoller.cc:34
2025/08/05 15:56:589946 DEBUG timeout! - EPollPoller.cc:62
2025/08/05 15:56:589972 INFO  fd total count:1 - EPollPoller.cc:34
2025/08/05 15:56:606314 DEBUG timeout! - EPollPoller.cc:62
2025/08/05 15:56:606326 INFO  fd total count:1 - EPollPoller.cc:34
2025/08/05 15:56:653279 DEBUG timeout! - EPollPoller.cc:62
2025/08/05 15:56:653312 INFO  fd total count:20 - EPollPoller.cc:34
2025/08/05 15:56:375218 DEBUG timeout! - EPollPoller.cc:62
2025/08/05 15:56:375252 INFO  fd total count:2 - EPollPoller.cc:34
2025/08/05 15:56:596317 DEBUG timeout! - EPollPoller.cc:62
2025/08/05 15:56:596349 INFO  fd total count:1 - EPollPoller.cc:34
2025/08/05 15:56:600010 DEBUG timeout! - EPollPoller.cc:62
2025/08/05 15:56:600033 INFO  fd total count:1 - EPollPoller.cc:34
2025/08/05 15:56:616356 DEBUG timeout! - EPollPoller.cc:62
2025/08/05 15:56:616369 INFO  fd total count:1 - EPollPoller.cc:34
2025/08/05 15:56:663344 DEBUG timeout! - EPollPoller.cc:62
2025/08/05 15:56:663377 INFO  fd total count:20 - EPollPoller.cc:34
2025/08/05 15:56:385274 DEBUG timeout! - EPollPoller.cc:62
2025/08/05 15:56:385304 INFO  fd total count:2 - EPollPoller.cc:34
2025/08/05 15:56:606384 DEBUG timeout! - EPollPoller.cc:62
2025/08/05 15:56:606417 INFO  fd total count:1 - EPollPoller.cc:34
2025/08/05 15:56:610063 DEBUG timeout! - EPollPoller.cc:62
2025/08/05 15:56:610086 INFO  fd total count:1 - EPollPoller.cc:34
2025/08/05 15:56:626400 DEBUG timeout! - EPollPoller.cc:62
2025/08/05 15:56:626412 INFO  fd total count:1 - EPollPoller.cc:34
2025/08/05 15:56:673466 DEBUG timeout! - EPollPoller.cc:62
2025/08/05 15:56:673511 INFO  fd total count:20 - EPollPoller.cc:34
2025/08/05 15:56:395321 DEBUG timeout! - EPollPoller.cc:62
2025/08/05 15:56:395353 INFO  fd total count:2 - EPollPoller.cc:34
2025/08/05 15:56:616488 DEBUG timeout! - EPollPoller.cc:62
2025/08/05 15:56:616553 INFO  fd total count:1 - EPollPoller.cc:34
2025/08/05 15:56:620132 DEBUG timeout! - EPollPoller.cc:62
2025/08/05 15:56:620167 INFO  fd total count:1 - EPollPoller.cc:34
2025/08/05 15:56:636474 DEBUG timeout! - EPollPoller.cc:62
2025/08/05 15:56:636498 INFO  fd total count:1 - EPollPoller.cc:34
2025/08/05 15:56:683544 DEBUG timeout! - EPollPoller.cc:62
2025/08/05 15:56:683578 INFO  fd total count:20 - EPollPoller.cc:34
2025/08/05 15:56:405423 DEBUG timeout! - EPollPoller.cc:62
2025/08/05 15:56:405483 INFO  fd total count:2 - EPollPoller.cc:34
2025/08/05 15:57:626681 DEBUG timeout! - EPollPoller.cc:62
2025/08/05 15:57:626744 INFO  fd total count:1 - EPollPoller.cc:34
2025/08/05 15:57:630210 DEBUG timeout! - EPollPoller.cc:62
2025/08/05 15:57:630245 INFO  fd total count:1 - EPollPoller.cc:34
2025/08/05 15:57:646551 DEBUG timeout! - EPollPoller.cc:62
2025/08/05 15:57:646567 INFO  fd total count:1 - EPollPoller.cc:34
2025/08/05 15:57:693629 DEBUG timeout! - EPollPoller.cc:62
2025/08/05 15:57:693664 INFO  fd total count:20 - EPollPoller.cc:34
2025/08/05 15:57:415514 DEBUG timeout! - EPollPoller.cc:62
2025/08/05 15:57:415545 INFO  fd total count:2 - EPollPoller.cc:34
2025/08/05 15:57:636797 DEBUG timeout! - EPollPoller.cc:62
2025/08/05 15:57:636832 INFO  fd total count:1 - EPollPoller.cc:34
2025/08/05 15:57:640278 DEBUG timeout! - EPollPoller.cc:62
2025/08/05 15:57:640305 INFO  fd total count:1 - EPollPoller.cc:34
2025/08/05 15:57:656658 DEBUG timeout! - EPollPoller.cc:62
2025/08/05 15:57:656704 INFO  fd total count:1 - EPollPoller.cc:34
2025/08/05 15:57:703806 DEBUG timeout! - EPollPoller.cc:62
2025/08/05 15:57:703870 INFO  fd total count:20 - EPollPoller.cc:34
2025/08/05 15:57:425592 DEBUG timeout! - EPollPoller.cc:62
2025/08/05 15:57:425627 INFO  fd total count:2 - EPollPoller.cc:34
2025/08/05 15:57:646882 DEBUG timeout! - EPollPoller.cc:62
2025/08/05 15:57:646913 INFO  fd total count:1 - EPollPoller.cc:34
2025/08/05 15:57:650285 DEBUG timeout! - EPollPoller.cc:62
2025/08/05 15:57:650292 INFO  fd total count:1 - EPollPoller.cc:34
2025/08/05 15:57:666755 DEBUG timeout! - EPollPoller.cc:62
2025/08/05 15:57:666783 INFO  fd total count:1 - EPollPoller.cc:34
2025/08/05 15:57:713930 DEBUG timeout! - EPollPoller.cc:62
2025/08/05 15:57:713961 INFO  fd total count:20 - EPollPoller.cc:34
2025/08/05 15:57:435670 DEBUG timeout! - EPollPoller.cc:62
2025/08/05 15:57:435701 INFO  fd total count:2 - EPollPoller.cc:34
2025/08/05 15:57:656956 DEBUG timeout! - EPollPoller.cc:62
2025/08/05 15:57:656968 DEBUG timeout! - EPollPoller.cc:62
2025/08/05 15:57:656990 INFO  fd total count:1 - EPollPoller.cc:34
2025/08/05 15:57:657007 INFO  fd total count:1 - EPollPoller.cc:34
2025/08/05 15:57:676811 DEBUG timeout! - EPollPoller.cc:62
2025/08/05 15:57:676822 INFO  fd total count:1 - EPollPoller.cc:34
2025/08/05 15:57:724014 DEBUG timeout! - EPollPoller.cc:62
2025/08/05 15:57:724051 INFO  fd total count:20 - EPollPoller.cc:34
2025/08/05 15:57:445742 DEBUG timeout! - EPollPoller.cc:62
2025/08/05 15:57:445775 INFO  fd total count:2 - EPollPoller.cc:34
2025/08/05 15:57:666304 DEBUG timeout! - EPollPoller.cc:62
2025/08/05 15:57:666330 INFO  fd total count:1 - EPollPoller.cc:34
2025/08/05 15:57:667051 DEBUG timeout! - EPollPoller.cc:62
2025/08/05 15:57:667076 INFO  fd total count:1 - EPollPoller.cc:34
2025/08/05 15:57:686284 DEBUG timeout! - EPollPoller.cc:62
2025/08/05 15:57:686307 INFO  fd total count:1 - EPollPoller.cc:34
2025/08/05 15:57:734107 DEBUG timeout! - EPollPoller.cc:62
2025/08/05 15:57:734143 INFO  fd total count:20 - EPollPoller.cc:34
2025/08/05 15:57:455884 DEBUG timeout! - EPollPoller.cc:62
2025/08/05 15:57:455945 INFO  fd total count:2 - EPollPoller.cc:34
2025/08/05 15:57:676403 DEBUG timeout! - EPollPoller.cc:62
2025/08/05 15:57:676461 INFO  fd total count:1 - EPollPoller.cc:34
2025/08/05 15:57:677109 DEBUG timeout! - EPollPoller.cc:62
2025/08/05 15:57:677142 INFO  fd total count:1 - EPollPoller.cc:34
2025/08/05 15:57:696346 DEBUG timeout! - EPollPoller.cc:62
2025/08/05 15:57:696365 INFO  fd total count:1 - EPollPoller.cc:34
2025/08/05 15:57:744197 DEBUG timeout! - EPollPoller.cc:62
2025/08/05 15:57:744232 INFO  fd total count:20 - EPollPoller.cc:34
2025/08/05 15:57:465986 DEBUG timeout! - EPollPoller.cc:62
2025/08/05 15:57:466020 INFO  fd total count:2 - EPollPoller.cc:34
2025/08/05 15:58:686295 DEBUG timeout! - EPollPoller.cc:62
2025/08/05 15:58:686331 INFO  fd total count:1 - EPollPoller.cc:34
2025/08/05 15:58:687202 DEBUG timeout! - EPollPoller.cc:62
2025/08/05 15:58:687230 INFO  fd total count:1 - EPollPoller.cc:34
2025/08/05 15:58:706399 DEBUG timeout! - EPollPoller.cc:62
2025/08/05 15:58:706419 INFO  fd total count:1 - EPollPoller.cc:34
2025/08/05 15:58:754309 DEBUG timeout! - EPollPoller.cc:62
2025/08/05 15:58:754372 INFO  fd total count:20 - EPollPoller.cc:34
2025/08/05 15:58:476089 DEBUG timeout! - EPollPoller.cc:62
2025/08/05 15:58:476149 INFO  fd total count:2 - EPollPoller.cc:34
2025/08/05 15:58:696366 DEBUG timeout! - EPollPoller.cc:62
2025/08/05 15:58:696396 INFO  fd total count:1 - EPollPoller.cc:34
2025/08/05 15:58:697259 DEBUG timeout! - EPollPoller.cc:62
2025/08/05 15:58:697283 INFO  fd total count:1 - EPollPoller.cc:34
2025/08/05 15:58:716474 DEBUG timeout! - EPollPoller.cc:62
2025/08/05 15:58:716520 INFO  fd total count:1 - EPollPoller.cc:34
2025/08/05 15:58:764416 DEBUG timeout! - EPollPoller.cc:62
2025/08/05 15:58:764449 INFO  fd total count:20 - EPollPoller.cc:34
2025/08/05 15:58:486195 DEBUG timeout! - EPollPoller.cc:62
2025/08/05 15:58:486228 INFO  fd total count:2 - EPollPoller.cc:34
2025/08/05 15:58:706436 DEBUG timeout! - EPollPoller.cc:62
2025/08/05 15:58:706465 INFO  fd total count:1 - EPollPoller.cc:34
2025/08/05 15:58:707350 DEBUG timeout! - EPollPoller.cc:62
2025/08/05 15:58:707401 INFO  fd total count:1 - EPollPoller.cc:34
2025/08/05 15:58:726565 DEBUG timeout! - EPollPoller.cc:62
2025/08/05 15:58:726583 INFO  fd total count:1 - EPollPoller.cc:34
2025/08/05 15:58:774504 DEBUG timeout! - EPollPoller.cc:62
2025/08/05 15:58:774572 INFO  fd total count:20 - EPollPoller.cc:34
2025/08/05 15:58:496262 DEBUG timeout! - EPollPoller.cc:62
2025/08/05 15:58:496297 INFO  fd total count:2 - EPollPoller.cc:34
2025/08/05 15:58:716502 DEBUG timeout! - EPollPoller.cc:62
2025/08/05 15:58:716531 INFO  fd total count:1 - EPollPoller.cc:34
2025/08/05 15:58:717442 DEBUG timeout! - EPollPoller.cc:62
2025/08/05 15:58:717467 INFO  fd total count:1 - EPollPoller.cc:34
2025/08/05 15:58:736629 DEBUG timeout! - EPollPoller.cc:62
2025/08/05 15:58:736648 INFO  fd total count:1 - EPollPoller.cc:34
2025/08/05 15:58:784626 DEBUG timeout! - EPollPoller.cc:62
2025/08/05 15:58:784666 INFO  fd total count:20 - EPollPoller.cc:34
2025/08/05 15:58:506336 DEBUG timeout! - EPollPoller.cc:62
2025/08/05 15:58:506365 INFO  fd total count:2 - EPollPoller.cc:34
2025/08/05 15:58:726568 DEBUG timeout! - EPollPoller.cc:62
2025/08/05 15:58:726601 INFO  fd total count:1 - EPollPoller.cc:34
2025/08/05 15:58:727526 DEBUG timeout! - EPollPoller.cc:62
2025/08/05 15:58:727552 INFO  fd total count:1 - EPollPoller.cc:34
2025/08/05 15:58:746722 DEBUG timeout! - EPollPoller.cc:62
2025/08/05 15:58:746742 INFO  fd total count:1 - EPollPoller.cc:34
2025/08/05 15:58:794738 DEBUG timeout! - EPollPoller.cc:62
2025/08/05 15:58:794803 INFO  fd total count:20 - EPollPoller.cc:34
2025/08/05 15:58:516428 DEBUG timeout! - EPollPoller.cc:62
2025/08/05 15:58:516490 INFO  fd total count:2 - EPollPoller.cc:34
2025/08/05 15:58:736643 DEBUG timeout! - EPollPoller.cc:62
2025/08/05 15:58:736678 INFO  fd total count:1 - EPollPoller.cc:34
2025/08/05 15:58:737616 DEBUG timeout! - EPollPoller.cc:62
2025/08/05 15:58:737673 INFO  fd total count:1 - EPollPoller.cc:34
2025/08/05 15:58:756795 DEBUG timeout! - EPollPoller.cc:62
2025/08/05 15:58:756817 INFO  fd total count:1 - EPollPoller.cc:34
2025/08/05 15:58:804749 DEBUG timeout! - EPollPoller.cc:62
2025/08/05 15:58:804781 INFO  fd total count:20 - EPollPoller.cc:34
2025/08/05 15:58:526532 DEBUG timeout! - EPollPoller.cc:62
2025/08/05 15:58:526568 INFO  fd total count:2 - EPollPoller.cc:34
2025/08/05 15:59:746737 DEBUG timeout! - EPollPoller.cc:62
2025/08/05 15:59:746801 INFO  fd total count:1 - EPollPoller.cc:34
2025/08/05 15:59:747778 DEBUG timeout! - EPollPoller.cc:62
2025/08/05 15:59:747842 INFO  fd total count:1 - EPollPoller.cc:34
2025/08/05 15:59:766846 DEBUG timeout! - EPollPoller.cc:62
2025/08/05 15:59:766853 INFO  fd total count:1 - EPollPoller.cc:34
2025/08/05 15:59:814825 DEBUG timeout! - EPollPoller.cc:62
2025/08/05 15:59:814862 INFO  fd total count:20 - EPollPoller.cc:34
2025/08/05 15:59:536608 DEBUG timeout! - EPollPoller.cc:62
2025/08/05 15:59:536641 INFO  fd total count:2 - EPollPoller.cc:34
2025/08/05 15:59:756856 DEBUG timeout! - EPollPoller.cc:62
2025/08/05 15:59:756889 INFO  fd total count:1 - EPollPoller.cc:34
2025/08/05 15:59:757914 DEBUG timeout! - EPollPoller.cc:62
2025/08/05 15:59:757943 INFO  fd total count:1 - EPollPoller.cc:34
2025/08/05 15:59:776885 DEBUG timeout! - EPollPoller.cc:62
2025/08/05 15:59:776903 INFO  fd total count:1 - EPollPoller.cc:34
2025/08/05 15:59:824904 DEBUG timeout! - EPollPoller.cc:62
2025/08/05 15:59:824938 INFO  fd total count:20 - EPollPoller.cc:34
2025/08/05 15:59:546681 DEBUG timeout! - EPollPoller.cc:62
2025/08/05 15:59:546714 INFO  fd total count:2 - EPollPoller.cc:34
2025/08/05 15:59:766928 DEBUG timeout! - EPollPoller.cc:62
2025/08/05 15:59:766961 INFO  fd total count:1 - EPollPoller.cc:34
2025/08/05 15:59:768007 DEBUG timeout! - EPollPoller.cc:62
2025/08/05 15:59:768035 INFO  fd total count:1 - EPollPoller.cc:34
2025/08/05 15:59:786936 DEBUG timeout! - EPollPoller.cc:62
2025/08/05 15:59:786952 INFO  fd total count:1 - EPollPoller.cc:34
2025/08/05 15:59:834976 DEBUG timeout! - EPollPoller.cc:62
2025/08/05 15:59:835008 INFO  fd total count:20 - EPollPoller.cc:34
2025/08/05 15:59:556748 DEBUG timeout! - EPollPoller.cc:62
2025/08/05 15:59:556778 INFO  fd total count:2 - EPollPoller.cc:34
2025/08/05 15:59:776991 DEBUG timeout! - EPollPoller.cc:62
2025/08/05 15:59:777025 INFO  fd total count:1 - EPollPoller.cc:34
2025/08/05 15:59:778095 DEBUG timeout! - EPollPoller.cc:62
2025/08/05 15:59:778122 INFO  fd total count:1 - EPollPoller.cc:34
2025/08/05 15:59:796985 DEBUG timeout! - EPollPoller.cc:62
2025/08/05 15:59:797009 INFO  fd total count:1 - EPollPoller.cc:34
2025/08/05 15:59:845060 DEBUG timeout! - EPollPoller.cc:62
2025/08/05 15:59:845094 INFO  fd total count:20 - EPollPoller.cc:34
2025/08/05 15:59:566822 DEBUG timeout! - EPollPoller.cc:62
2025/08/05 15:59:566861 INFO  fd total count:2 - EPollPoller.cc:34
2025/08/05 15:59:787063 DEBUG timeout! - EPollPoller.cc:62
2025/08/05 15:59:787096 INFO  fd total count:1 - EPollPoller.cc:34
2025/08/05 15:59:788172 DEBUG timeout! - EPollPoller.cc:62
2025/08/05 15:59:788198 INFO  fd total count:1 - EPollPoller.cc:34
2025/08/05 15:59:807041 DEBUG timeout! - EPollPoller.cc:62
2025/08/05 15:59:807058 INFO  fd total count:1 - EPollPoller.cc:34
2025/08/05 15:59:855139 DEBUG timeout! - EPollPoller.cc:62
2025/08/05 15:59:855171 INFO  fd total count:20 - EPollPoller.cc:34
2025/08/05 15:59:576891 DEBUG timeout! - EPollPoller.cc:62
2025/08/05 15:59:576923 INFO  fd total count:2 - EPollPoller.cc:34
2025/08/05 15:59:797136 DEBUG timeout! - EPollPoller.cc:62
2025/08/05 15:59:797170 INFO  fd total count:1 - EPollPoller.cc:34
2025/08/05 15:59:798322 DEBUG timeout! - EPollPoller.cc:62
2025/08/05 15:59:798378 INFO  fd total count:1 - EPollPoller.cc:34
2025/08/05 15:59:817093 DEBUG timeout! - EPollPoller.cc:62
2025/08/05 15:59:817110 INFO  fd total count:1 - EPollPoller.cc:34
2025/08/05 15:59:865201 DEBUG timeout! - EPollPoller.cc:62
2025/08/05 15:59:865234 INFO  fd total count:20 - EPollPoller.cc:34
2025/08/05 15:59:586303 DEBUG timeout! - EPollPoller.cc:62
2025/08/05 15:59:586335 INFO  fd total count:2 - EPollPoller.cc:34
2025/08/05 16:00:807201 DEBUG timeout! - EPollPoller.cc:62
2025/08/05 16:00:807233 INFO  fd total count:1 - EPollPoller.cc:34
2025/08/05 16:00:808437 DEBUG timeout! - EPollPoller.cc:62
2025/08/05 16:00:808464 INFO  fd total count:1 - EPollPoller.cc:34
2025/08/05 16:00:827137 DEBUG timeout! - EPollPoller.cc:62
2025/08/05 16:00:827147 INFO  fd total count:1 - EPollPoller.cc:34
2025/08/05 16:00:875265 DEBUG timeout! - EPollPoller.cc:62
2025/08/05 16:00:875298 INFO  fd total count:20 - EPollPoller.cc:34
2025/08/05 16:00:594297 DEBUG timeout! - EPollPoller.cc:62
2025/08/05 16:00:594328 INFO  fd total count:2 - EPollPoller.cc:34
2025/08/05 16:00:817264 DEBUG timeout! - EPollPoller.cc:62
2025/08/05 16:00:817296 INFO  fd total count:1 - EPollPoller.cc:34
2025/08/05 16:00:818502 DEBUG timeout! - EPollPoller.cc:62
2025/08/05 16:00:818529 INFO  fd total count:1 - EPollPoller.cc:34
2025/08/05 16:00:837171 DEBUG timeout! - EPollPoller.cc:62
2025/08/05 16:00:837180 INFO  fd total count:1 - EPollPoller.cc:34
